pmid,taxon,nivel,direccion,contraste,cita,cita_verificada,especie,tipo,subtipo,dosis,via,duracion,modelo,matriz,metodo,interpretacion,subtipo_n,especie_n,referencia,intervencion_txt,modelo_txt,cambio_txt,fuente_dato,taxon_md,o1
42195942,Christensenellaceae R-7,genero,aumenta,respecto del grupo MC (modelo diabético),"Additionally, CH-F treatment selectively enriched a panel of beneficial SCFA-producing bacteria, including Muribaculum , Christensenellaceae R-7 and Rikenellaceae RC10 [ 41 , 42 ].",True,Chlorella pyrenoidosa,biomasa,,NO VERIFICADO,administración intragástrica,4 semanas,"ratones con diabetes tipo 2 inducida por estreptozotocina (STZ), alimentados con dieta alta en azúcar y grasa",NO VERIFICADO,secuenciación 16S rRNA,Los autores concluyen que CH-F ejerce sus efectos antidiabéticos mediante la modulación de la microbiota intestinal y la regulación de los ácidos grasos de cadena corta (SCFA).,,Chlorella pyrenoidosa,"Huang et al., 2026",Biomasa entera de Chlorella pyrenoidosa. Dosis: NO VERIFICADO; vía administración intragástrica; 4 semanas,"ratones con diabetes tipo 2 inducida por estreptozotocina (STZ), alimentados con dieta alta en azúcar y grasa; matriz: NO VERIFICADO; secuenciación 16S rRNA","Aumenta (genero), frente a respecto del grupo MC (modelo diabético)",texto completo (acceso abierto),*Christensenellaceae R-7*,0
42195942,Desulfovibrio,genero,disminuye,respecto del grupo MC (modelo diabético); la frase original describe esto como taxon 'depleted' tras el tratamiento,the depleted harmful taxa like Desulfovibrio have been linked to hepatic lipid damage and inflammatio,True,Chlorella pyrenoidosa,biomasa,,NO VERIFICADO,administración intragástrica,4 semanas,"ratones con diabetes tipo 2 inducida por estreptozotocina (STZ), alimentados con dieta alta en azúcar y grasa",NO VERIFICADO,secuenciación 16S rRNA,Los autores concluyen que CH-F ejerce sus efectos antidiabéticos mediante la modulación de la microbiota intestinal y la regulación de los ácidos grasos de cadena corta (SCFA).,,Chlorella pyrenoidosa,"Huang et al., 2026",Biomasa entera de Chlorella pyrenoidosa. Dosis: NO VERIFICADO; vía administración intragástrica; 4 semanas,"ratones con diabetes tipo 2 inducida por estreptozotocina (STZ), alimentados con dieta alta en azúcar y grasa; matriz: NO VERIFICADO; secuenciación 16S rRNA","Disminuye (genero), frente a respecto del grupo MC (modelo diabético); la frase original describe esto como taxon 'depleted' tras el tratamiento",texto completo (acceso abierto),*Desulfovibrio*,0
42195942,Firmicutes/Bacteroidota (F/B) ratio,razon,disminuye,respecto del grupo MC (modelo diabético no tratado),"the F/B ratios in the MH, CH, and CH-F groups were significantly lower than that in the MC group ( p < 0.05).",True,Chlorella pyrenoidosa,biomasa,,NO VERIFICADO,administración intragástrica,4 semanas,"ratones con diabetes tipo 2 inducida por estreptozotocina (STZ), alimentados con dieta alta en azúcar y grasa",NO VERIFICADO,secuenciación 16S rRNA,Los autores concluyen que CH-F ejerce sus efectos antidiabéticos mediante la modulación de la microbiota intestinal y la regulación de los ácidos grasos de cadena corta (SCFA).,,Chlorella pyrenoidosa,"Huang et al., 2026",Biomasa entera de Chlorella pyrenoidosa. Dosis: NO VERIFICADO; vía administración intragástrica; 4 semanas,"ratones con diabetes tipo 2 inducida por estreptozotocina (STZ), alimentados con dieta alta en azúcar y grasa; matriz: NO VERIFICADO; secuenciación 16S rRNA","Disminuye (razon), frente a respecto del grupo MC (modelo diabético no tratado)",texto completo (acceso abierto),*Firmicutes/Bacteroidota (F/B) ratio*,0
42195942,Muribaculum,genero,aumenta,respecto del grupo MC (modelo diabético),"Additionally, CH-F treatment selectively enriched a panel of beneficial SCFA-producing bacteria, including Muribaculum , Christensenellaceae R-7 and Rikenellaceae RC10 [ 41 , 42 ].",True,Chlorella pyrenoidosa,biomasa,,NO VERIFICADO,administración intragástrica,4 semanas,"ratones con diabetes tipo 2 inducida por estreptozotocina (STZ), alimentados con dieta alta en azúcar y grasa",NO VERIFICADO,secuenciación 16S rRNA,Los autores concluyen que CH-F ejerce sus efectos antidiabéticos mediante la modulación de la microbiota intestinal y la regulación de los ácidos grasos de cadena corta (SCFA).,,Chlorella pyrenoidosa,"Huang et al., 2026",Biomasa entera de Chlorella pyrenoidosa. Dosis: NO VERIFICADO; vía administración intragástrica; 4 semanas,"ratones con diabetes tipo 2 inducida por estreptozotocina (STZ), alimentados con dieta alta en azúcar y grasa; matriz: NO VERIFICADO; secuenciación 16S rRNA","Aumenta (genero), frente a respecto del grupo MC (modelo diabético)",texto completo (acceso abierto),*Muribaculum*,0
42195942,Rikenellaceae RC10,genero,aumenta,respecto del grupo MC (modelo diabético),"Additionally, CH-F treatment selectively enriched a panel of beneficial SCFA-producing bacteria, including Muribaculum , Christensenellaceae R-7 and Rikenellaceae RC10 [ 41 , 42 ].",True,Chlorella pyrenoidosa,biomasa,,NO VERIFICADO,administración intragástrica,4 semanas,"ratones con diabetes tipo 2 inducida por estreptozotocina (STZ), alimentados con dieta alta en azúcar y grasa",NO VERIFICADO,secuenciación 16S rRNA,Los autores concluyen que CH-F ejerce sus efectos antidiabéticos mediante la modulación de la microbiota intestinal y la regulación de los ácidos grasos de cadena corta (SCFA).,,Chlorella pyrenoidosa,"Huang et al., 2026",Biomasa entera de Chlorella pyrenoidosa. Dosis: NO VERIFICADO; vía administración intragástrica; 4 semanas,"ratones con diabetes tipo 2 inducida por estreptozotocina (STZ), alimentados con dieta alta en azúcar y grasa; matriz: NO VERIFICADO; secuenciación 16S rRNA","Aumenta (genero), frente a respecto del grupo MC (modelo diabético)",texto completo (acceso abierto),*Rikenellaceae RC10*,0
37571230,Actinobacteria,filo,aumenta,respecto del grupo control,"Feeding the CV group resulted in an increased abundance of Actinobacteria phylum, which seemed to be due to the notable increase in Coriobacteriaceae UCG 002 and Bifidobacterium at the genus level ( Figure 2 C).",True,Chlorella vulgaris,biomasa,,2 g/kg,oral gavage,NO VERIFICADO,C57BL/6 female mice (6 weeks old); DSS-induced colitis,cecal,16S rRNA gene sequencing (V3-V4 region),"La suplementación con C. vulgaris alteró la composición de la microbiota intestinal, incrementando la producción de ácidos grasos de cadena corta y promoviendo la expansión de células T reguladoras, lo que contribuyó a aliviar la colitis inducida por DSS en ratones.",,Chlorella vulgaris,"Velankanni et al., 2023",Biomasa entera de Chlorella vulgaris. Dosis: 2 g/kg; vía oral gavage; duración NO VERIFICADO,C57BL/6 female mice (6 weeks old); DSS-induced colitis; matriz: cecal; 16S rRNA gene sequencing (V3-V4 region),"Aumenta (filo), frente a respecto del grupo control",texto completo (acceso abierto),*Actinobacteria*,0
37571230,Bifidobacterium,genero,aumenta,respecto del grupo control (debido al tratamiento con CV),"In our study, the relative abundance of the Bifidobacterium and Eubacterium xylanophilum group increased due to the CV treatment ( Figure 3 A,B).",True,Chlorella vulgaris,biomasa,,2 g/kg,oral gavage,NO VERIFICADO,C57BL/6 female mice (6 weeks old); DSS-induced colitis,cecal,16S rRNA gene sequencing (V3-V4 region),"La suplementación con C. vulgaris alteró la composición de la microbiota intestinal, incrementando la producción de ácidos grasos de cadena corta y promoviendo la expansión de células T reguladoras, lo que contribuyó a aliviar la colitis inducida por DSS en ratones.",,Chlorella vulgaris,"Velankanni et al., 2023",Biomasa entera de Chlorella vulgaris. Dosis: 2 g/kg; vía oral gavage; duración NO VERIFICADO,C57BL/6 female mice (6 weeks old); DSS-induced colitis; matriz: cecal; 16S rRNA gene sequencing (V3-V4 region),"Aumenta (genero), frente a respecto del grupo control (debido al tratamiento con CV)",texto completo (acceso abierto),*Bifidobacterium*,0
37571230,Coriobacteriaceae UCG 002,genero,aumenta,respecto del grupo control,A genus-level increase in Coriobacteriaceae UCG 002 and Bifidobacterium levels was observed.,True,Chlorella vulgaris,biomasa,,2 g/kg,oral gavage,NO VERIFICADO,C57BL/6 female mice (6 weeks old); DSS-induced colitis,cecal,16S rRNA gene sequencing (V3-V4 region),"La suplementación con C. vulgaris alteró la composición de la microbiota intestinal, incrementando la producción de ácidos grasos de cadena corta y promoviendo la expansión de células T reguladoras, lo que contribuyó a aliviar la colitis inducida por DSS en ratones.",,Chlorella vulgaris,"Velankanni et al., 2023",Biomasa entera de Chlorella vulgaris. Dosis: 2 g/kg; vía oral gavage; duración NO VERIFICADO,C57BL/6 female mice (6 weeks old); DSS-induced colitis; matriz: cecal; 16S rRNA gene sequencing (V3-V4 region),"Aumenta (genero), frente a respecto del grupo control",texto completo (acceso abierto),*Coriobacteriaceae UCG 002*,0
37571230,Eubacterium xylanophilum group,genero,aumenta,respecto del grupo control (debido al tratamiento con CV),"In our study, increased levels of Eubacterium xylanophilum were observed, a well-known butyrate-producing bacterium [ 49 ].",True,Chlorella vulgaris,biomasa,,2 g/kg,oral gavage,NO VERIFICADO,C57BL/6 female mice (6 weeks old); DSS-induced colitis,cecal,16S rRNA gene sequencing (V3-V4 region),"La suplementación con C. vulgaris alteró la composición de la microbiota intestinal, incrementando la producción de ácidos grasos de cadena corta y promoviendo la expansión de células T reguladoras, lo que contribuyó a aliviar la colitis inducida por DSS en ratones.",,Chlorella vulgaris,"Velankanni et al., 2023",Biomasa entera de Chlorella vulgaris. Dosis: 2 g/kg; vía oral gavage; duración NO VERIFICADO,C57BL/6 female mice (6 weeks old); DSS-induced colitis; matriz: cecal; 16S rRNA gene sequencing (V3-V4 region),"Aumenta (genero), frente a respecto del grupo control (debido al tratamiento con CV)",texto completo (acceso abierto),*Eubacterium xylanophilum group*,0
37571230,Lachnospiraceae NK4A136 group,genero,disminuye,respecto del grupo control; asociado a menores niveles de butirato,"Lower levels of butyrate can be due to the reduction in the Lachnospiraceae NK4A136 group, a well-known butyrate producer [ 34 ] ( Figure 3 B).",True,Chlorella vulgaris,biomasa,,2 g/kg,oral gavage,NO VERIFICADO,C57BL/6 female mice (6 weeks old); DSS-induced colitis,cecal,16S rRNA gene sequencing (V3-V4 region),"La suplementación con C. vulgaris alteró la composición de la microbiota intestinal, incrementando la producción de ácidos grasos de cadena corta y promoviendo la expansión de células T reguladoras, lo que contribuyó a aliviar la colitis inducida por DSS en ratones.",,Chlorella vulgaris,"Velankanni et al., 2023",Biomasa entera de Chlorella vulgaris. Dosis: 2 g/kg; vía oral gavage; duración NO VERIFICADO,C57BL/6 female mice (6 weeks old); DSS-induced colitis; matriz: cecal; 16S rRNA gene sequencing (V3-V4 region),"Disminuye (genero), frente a respecto del grupo control; asociado a menores niveles de butirato",texto completo (acceso abierto),*Lachnospiraceae NK4A136 group*,0
30669573,Anaerotruncus,genero,aumenta,aumento con el consumo de paramilon y de Euglena (el texto senala que tambien aumentaba con la dieta alta en grasa),"Anaerotruncus produces short-chain fatty acids such as butyric acid and functions to inhibit inflammation [ 40 ], and this experiment confirmed that paramylon and Euglena consumption could increase this genus.",True,Euglena gracilis,biomasa,,1.0% Euglena en la dieta (grupo HDE) y 1.0% Euglena + 0.3% vegetales (grupo HDE + V); grupo comparador con 0.3% paramilon,"oral, incorporada en la dieta (ad libitum)",desde las 9 hasta las 18 semanas de edad (aproximadamente 9 semanas),Ratones macho C57BL/6J de nueve semanas de edad con obesidad inducida por dieta alta en grasa,heces (muestras fecales recolectadas durante la ultima semana del estudio y agrupadas por grupo),Extraccion de ADN bacteriano fecal y analisis meta 16S (amplificacion por PCR del gen 16S rRNA),"Los autores concluyen que el co-consumo de vegetales potencia los efectos anti-obesidad y antiinflamatorios de Euglena gracilis, probablemente mediante la modulacion de la composicion de la microbiota intestinal, con aumento de bacterias beneficiosas productoras de acidos grasos de cadena corta y reduccion de bacterias daninas proinflamatorias.",,Euglena gracilis,"Okouchi et al., 2019","Biomasa entera de Euglena gracilis. Dosis: 1.0% Euglena en la dieta (grupo HDE) y 1.0% Euglena + 0.3% vegetales (grupo HDE + V); grupo comparador con 0.3% paramilon; vía oral, incorporada en la dieta (ad libitum); desde las 9 hasta las 18 semanas de edad (aproximadamente 9 semanas)",Ratones macho C57BL/6J de nueve semanas de edad con obesidad inducida por dieta alta en grasa; matriz: heces (muestras fecales recolectadas durante la ultima semana del estudio y agrupadas por grupo); Extraccion de ADN bacteriano fecal y analisis meta 16S (amplificacion por PCR del gen 16S rRNA),"Aumenta (genero), frente a aumento con el consumo de paramilon y de Euglena (el texto senala que tambien aumentaba con la dieta alta en grasa)",texto completo (acceso abierto),*Anaerotruncus*,0
30669573,Bifidobacterium,genero,aumenta,respecto del grupo alto en grasa (HD) y del grupo con paramilon (HDP),"Erysipelotrichaceae;Other , Bifidobacterium , Lactobacillus , F16;g__ , and Clostridia;Other;Other;Other decreased with the high-fat diet, increased with paramylon consumption, increased further with Euglena consumption",True,Euglena gracilis,biomasa,,1.0% Euglena en la dieta (grupo HDE) y 1.0% Euglena + 0.3% vegetales (grupo HDE + V); grupo comparador con 0.3% paramilon,"oral, incorporada en la dieta (ad libitum)",desde las 9 hasta las 18 semanas de edad (aproximadamente 9 semanas),Ratones macho C57BL/6J de nueve semanas de edad con obesidad inducida por dieta alta en grasa,heces (muestras fecales recolectadas durante la ultima semana del estudio y agrupadas por grupo),Extraccion de ADN bacteriano fecal y analisis meta 16S (amplificacion por PCR del gen 16S rRNA),"Los autores concluyen que el co-consumo de vegetales potencia los efectos anti-obesidad y antiinflamatorios de Euglena gracilis, probablemente mediante la modulacion de la composicion de la microbiota intestinal, con aumento de bacterias beneficiosas productoras de acidos grasos de cadena corta y reduccion de bacterias daninas proinflamatorias.",,Euglena gracilis,"Okouchi et al., 2019","Biomasa entera de Euglena gracilis. Dosis: 1.0% Euglena en la dieta (grupo HDE) y 1.0% Euglena + 0.3% vegetales (grupo HDE + V); grupo comparador con 0.3% paramilon; vía oral, incorporada en la dieta (ad libitum); desde las 9 hasta las 18 semanas de edad (aproximadamente 9 semanas)",Ratones macho C57BL/6J de nueve semanas de edad con obesidad inducida por dieta alta en grasa; matriz: heces (muestras fecales recolectadas durante la ultima semana del estudio y agrupadas por grupo); Extraccion de ADN bacteriano fecal y analisis meta 16S (amplificacion por PCR del gen 16S rRNA),"Aumenta (genero), frente a respecto del grupo alto en grasa (HD) y del grupo con paramilon (HDP)",texto completo (acceso abierto),*Bifidobacterium*,0
30669573,Clostridia;Other;Other;Other,clase,aumenta,respecto del grupo alto en grasa (HD) y del grupo con paramilon (HDP),"Erysipelotrichaceae;Other , Bifidobacterium , Lactobacillus , F16;g__ , and Clostridia;Other;Other;Other decreased with the high-fat diet, increased with paramylon consumption, increased further with Euglena consumption",True,Euglena gracilis,biomasa,,1.0% Euglena en la dieta (grupo HDE) y 1.0% Euglena + 0.3% vegetales (grupo HDE + V); grupo comparador con 0.3% paramilon,"oral, incorporada en la dieta (ad libitum)",desde las 9 hasta las 18 semanas de edad (aproximadamente 9 semanas),Ratones macho C57BL/6J de nueve semanas de edad con obesidad inducida por dieta alta en grasa,heces (muestras fecales recolectadas durante la ultima semana del estudio y agrupadas por grupo),Extraccion de ADN bacteriano fecal y analisis meta 16S (amplificacion por PCR del gen 16S rRNA),"Los autores concluyen que el co-consumo de vegetales potencia los efectos anti-obesidad y antiinflamatorios de Euglena gracilis, probablemente mediante la modulacion de la composicion de la microbiota intestinal, con aumento de bacterias beneficiosas productoras de acidos grasos de cadena corta y reduccion de bacterias daninas proinflamatorias.",,Euglena gracilis,"Okouchi et al., 2019","Biomasa entera de Euglena gracilis. Dosis: 1.0% Euglena en la dieta (grupo HDE) y 1.0% Euglena + 0.3% vegetales (grupo HDE + V); grupo comparador con 0.3% paramilon; vía oral, incorporada en la dieta (ad libitum); desde las 9 hasta las 18 semanas de edad (aproximadamente 9 semanas)",Ratones macho C57BL/6J de nueve semanas de edad con obesidad inducida por dieta alta en grasa; matriz: heces (muestras fecales recolectadas durante la ultima semana del estudio y agrupadas por grupo); Extraccion de ADN bacteriano fecal y analisis meta 16S (amplificacion por PCR del gen 16S rRNA),"Aumenta (clase), frente a respecto del grupo alto en grasa (HD) y del grupo con paramilon (HDP)",texto completo (acceso abierto),*Clostridia;Other;Other;Other*,0
30669573,Clostridiaceae;Other,familia,disminuye,respecto del grupo alto en grasa (HD) y del grupo con paramilon (HDP),"Sporosarcina , Bacteria;Other;Other;Other;Other;Other , Lactococcus , and Clostridiaceae;Other increased with a high-fat diet, but decreased with paramylon consumption, decreased further with Euglena consumption",True,Euglena gracilis,biomasa,,1.0% Euglena en la dieta (grupo HDE) y 1.0% Euglena + 0.3% vegetales (grupo HDE + V); grupo comparador con 0.3% paramilon,"oral, incorporada en la dieta (ad libitum)",desde las 9 hasta las 18 semanas de edad (aproximadamente 9 semanas),Ratones macho C57BL/6J de nueve semanas de edad con obesidad inducida por dieta alta en grasa,heces (muestras fecales recolectadas durante la ultima semana del estudio y agrupadas por grupo),Extraccion de ADN bacteriano fecal y analisis meta 16S (amplificacion por PCR del gen 16S rRNA),"Los autores concluyen que el co-consumo de vegetales potencia los efectos anti-obesidad y antiinflamatorios de Euglena gracilis, probablemente mediante la modulacion de la composicion de la microbiota intestinal, con aumento de bacterias beneficiosas productoras de acidos grasos de cadena corta y reduccion de bacterias daninas proinflamatorias.",,Euglena gracilis,"Okouchi et al., 2019","Biomasa entera de Euglena gracilis. Dosis: 1.0% Euglena en la dieta (grupo HDE) y 1.0% Euglena + 0.3% vegetales (grupo HDE + V); grupo comparador con 0.3% paramilon; vía oral, incorporada en la dieta (ad libitum); desde las 9 hasta las 18 semanas de edad (aproximadamente 9 semanas)",Ratones macho C57BL/6J de nueve semanas de edad con obesidad inducida por dieta alta en grasa; matriz: heces (muestras fecales recolectadas durante la ultima semana del estudio y agrupadas por grupo); Extraccion de ADN bacteriano fecal y analisis meta 16S (amplificacion por PCR del gen 16S rRNA),"Disminuye (familia), frente a respecto del grupo alto en grasa (HD) y del grupo con paramilon (HDP)",texto completo (acceso abierto),*Clostridiaceae;Other*,0
30669573,Erysipelotrichaceae;Other,familia,aumenta,respecto del grupo alto en grasa (HD); aumenta con paramilon y mas con Euglena (HDE) y con Euglena + vegetales,"Erysipelotrichaceae;Other , Bifidobacterium , Lactobacillus , F16;g__ , and Clostridia;Other;Other;Other decreased with the high-fat diet, increased with paramylon consumption, increased further with Euglena consumption",True,Euglena gracilis,biomasa,,1.0% Euglena en la dieta (grupo HDE) y 1.0% Euglena + 0.3% vegetales (grupo HDE + V); grupo comparador con 0.3% paramilon,"oral, incorporada en la dieta (ad libitum)",desde las 9 hasta las 18 semanas de edad (aproximadamente 9 semanas),Ratones macho C57BL/6J de nueve semanas de edad con obesidad inducida por dieta alta en grasa,heces (muestras fecales recolectadas durante la ultima semana del estudio y agrupadas por grupo),Extraccion de ADN bacteriano fecal y analisis meta 16S (amplificacion por PCR del gen 16S rRNA),"Los autores concluyen que el co-consumo de vegetales potencia los efectos anti-obesidad y antiinflamatorios de Euglena gracilis, probablemente mediante la modulacion de la composicion de la microbiota intestinal, con aumento de bacterias beneficiosas productoras de acidos grasos de cadena corta y reduccion de bacterias daninas proinflamatorias.",,Euglena gracilis,"Okouchi et al., 2019","Biomasa entera de Euglena gracilis. Dosis: 1.0% Euglena en la dieta (grupo HDE) y 1.0% Euglena + 0.3% vegetales (grupo HDE + V); grupo comparador con 0.3% paramilon; vía oral, incorporada en la dieta (ad libitum); desde las 9 hasta las 18 semanas de edad (aproximadamente 9 semanas)",Ratones macho C57BL/6J de nueve semanas de edad con obesidad inducida por dieta alta en grasa; matriz: heces (muestras fecales recolectadas durante la ultima semana del estudio y agrupadas por grupo); Extraccion de ADN bacteriano fecal y analisis meta 16S (amplificacion por PCR del gen 16S rRNA),"Aumenta (familia), frente a respecto del grupo alto en grasa (HD); aumenta con paramilon y mas con Euglena (HDE) y con Euglena + vegetales",texto completo (acceso abierto),*Erysipelotrichaceae;Other*,0
30669573,Lactobacillus,genero,aumenta,respecto del grupo alto en grasa (HD) y del grupo con paramilon (HDP),"Erysipelotrichaceae;Other , Bifidobacterium , Lactobacillus , F16;g__ , and Clostridia;Other;Other;Other decreased with the high-fat diet, increased with paramylon consumption, increased further with Euglena consumption",True,Euglena gracilis,biomasa,,1.0% Euglena en la dieta (grupo HDE) y 1.0% Euglena + 0.3% vegetales (grupo HDE + V); grupo comparador con 0.3% paramilon,"oral, incorporada en la dieta (ad libitum)",desde las 9 hasta las 18 semanas de edad (aproximadamente 9 semanas),Ratones macho C57BL/6J de nueve semanas de edad con obesidad inducida por dieta alta en grasa,heces (muestras fecales recolectadas durante la ultima semana del estudio y agrupadas por grupo),Extraccion de ADN bacteriano fecal y analisis meta 16S (amplificacion por PCR del gen 16S rRNA),"Los autores concluyen que el co-consumo de vegetales potencia los efectos anti-obesidad y antiinflamatorios de Euglena gracilis, probablemente mediante la modulacion de la composicion de la microbiota intestinal, con aumento de bacterias beneficiosas productoras de acidos grasos de cadena corta y reduccion de bacterias daninas proinflamatorias.",,Euglena gracilis,"Okouchi et al., 2019","Biomasa entera de Euglena gracilis. Dosis: 1.0% Euglena en la dieta (grupo HDE) y 1.0% Euglena + 0.3% vegetales (grupo HDE + V); grupo comparador con 0.3% paramilon; vía oral, incorporada en la dieta (ad libitum); desde las 9 hasta las 18 semanas de edad (aproximadamente 9 semanas)",Ratones macho C57BL/6J de nueve semanas de edad con obesidad inducida por dieta alta en grasa; matriz: heces (muestras fecales recolectadas durante la ultima semana del estudio y agrupadas por grupo); Extraccion de ADN bacteriano fecal y analisis meta 16S (amplificacion por PCR del gen 16S rRNA),"Aumenta (genero), frente a respecto del grupo alto en grasa (HD) y del grupo con paramilon (HDP)",texto completo (acceso abierto),*Lactobacillus*,0
30669573,Lactococcus,genero,disminuye,respecto del grupo alto en grasa (HD) y del grupo con paramilon (HDP),"Sporosarcina , Bacteria;Other;Other;Other;Other;Other , Lactococcus , and Clostridiaceae;Other increased with a high-fat diet, but decreased with paramylon consumption, decreased further with Euglena consumption",True,Euglena gracilis,biomasa,,1.0% Euglena en la dieta (grupo HDE) y 1.0% Euglena + 0.3% vegetales (grupo HDE + V); grupo comparador con 0.3% paramilon,"oral, incorporada en la dieta (ad libitum)",desde las 9 hasta las 18 semanas de edad (aproximadamente 9 semanas),Ratones macho C57BL/6J de nueve semanas de edad con obesidad inducida por dieta alta en grasa,heces (muestras fecales recolectadas durante la ultima semana del estudio y agrupadas por grupo),Extraccion de ADN bacteriano fecal y analisis meta 16S (amplificacion por PCR del gen 16S rRNA),"Los autores concluyen que el co-consumo de vegetales potencia los efectos anti-obesidad y antiinflamatorios de Euglena gracilis, probablemente mediante la modulacion de la composicion de la microbiota intestinal, con aumento de bacterias beneficiosas productoras de acidos grasos de cadena corta y reduccion de bacterias daninas proinflamatorias.",,Euglena gracilis,"Okouchi et al., 2019","Biomasa entera de Euglena gracilis. Dosis: 1.0% Euglena en la dieta (grupo HDE) y 1.0% Euglena + 0.3% vegetales (grupo HDE + V); grupo comparador con 0.3% paramilon; vía oral, incorporada en la dieta (ad libitum); desde las 9 hasta las 18 semanas de edad (aproximadamente 9 semanas)",Ratones macho C57BL/6J de nueve semanas de edad con obesidad inducida por dieta alta en grasa; matriz: heces (muestras fecales recolectadas durante la ultima semana del estudio y agrupadas por grupo); Extraccion de ADN bacteriano fecal y analisis meta 16S (amplificacion por PCR del gen 16S rRNA),"Disminuye (genero), frente a respecto del grupo alto en grasa (HD) y del grupo con paramilon (HDP)",texto completo (acceso abierto),*Lactococcus*,0
30669573,Sporosarcina,genero,disminuye,"respecto del grupo alto en grasa (HD); disminuye con paramilon, aun mas con Euglena (HDE) y mas todavia con Euglena + vegetales","Sporosarcina , Bacteria;Other;Other;Other;Other;Other , Lactococcus , and Clostridiaceae;Other increased with a high-fat diet, but decreased with paramylon consumption, decreased further with Euglena consumption",True,Euglena gracilis,biomasa,,1.0% Euglena en la dieta (grupo HDE) y 1.0% Euglena + 0.3% vegetales (grupo HDE + V); grupo comparador con 0.3% paramilon,"oral, incorporada en la dieta (ad libitum)",desde las 9 hasta las 18 semanas de edad (aproximadamente 9 semanas),Ratones macho C57BL/6J de nueve semanas de edad con obesidad inducida por dieta alta en grasa,heces (muestras fecales recolectadas durante la ultima semana del estudio y agrupadas por grupo),Extraccion de ADN bacteriano fecal y analisis meta 16S (amplificacion por PCR del gen 16S rRNA),"Los autores concluyen que el co-consumo de vegetales potencia los efectos anti-obesidad y antiinflamatorios de Euglena gracilis, probablemente mediante la modulacion de la composicion de la microbiota intestinal, con aumento de bacterias beneficiosas productoras de acidos grasos de cadena corta y reduccion de bacterias daninas proinflamatorias.",,Euglena gracilis,"Okouchi et al., 2019","Biomasa entera de Euglena gracilis. Dosis: 1.0% Euglena en la dieta (grupo HDE) y 1.0% Euglena + 0.3% vegetales (grupo HDE + V); grupo comparador con 0.3% paramilon; vía oral, incorporada en la dieta (ad libitum); desde las 9 hasta las 18 semanas de edad (aproximadamente 9 semanas)",Ratones macho C57BL/6J de nueve semanas de edad con obesidad inducida por dieta alta en grasa; matriz: heces (muestras fecales recolectadas durante la ultima semana del estudio y agrupadas por grupo); Extraccion de ADN bacteriano fecal y analisis meta 16S (amplificacion por PCR del gen 16S rRNA),"Disminuye (genero), frente a respecto del grupo alto en grasa (HD); disminuye con paramilon, aun mas con Euglena (HDE) y mas todavia con Euglena + vegetales",texto completo (acceso abierto),*Sporosarcina*,0
38692895,Lachnospiraceae_UCG-006,genero,aumenta,biomasa de H. pluvialis respecto de ratones envejecidos (aging mice),"Compared to aging mice, H. pluvialis group had higher fecal levels of norank_f__Lachnospiraceae and Lachnospiraceae_UCG-006 (p < 0.05).",True,Haematococcus pluvialis,biomasa,"astaxantina (y, de forma comparativa, biomasa entera de H. pluvialis y residuo de H. pluvialis tras la extracción de astaxantina)",NO VERIFICADO,NO VERIFICADO,NO VERIFICADO,D-galactose-induced aging mice,heces (fecal),NO VERIFICADO,"Los autores concluyen que astaxantina, H. pluvialis y el residuo de H. pluvialis previenen el daño hepático asociado al envejecimiento modulando la microbiota intestinal y sus metabolitos (SCFAs, LPS) a través del eje intestino-hígado.",,Haematococcus pluvialis,"Zhang et al., 2024",Biomasa entera de Haematococcus pluvialis. Dosis: NO VERIFICADO; vía NO VERIFICADO; duración NO VERIFICADO,D-galactose-induced aging mice; matriz: heces (fecal); NO VERIFICADO,"Aumenta (genero), frente a biomasa de H. pluvialis respecto de ratones envejecidos (aging mice)",resumen,*Lachnospiraceae_UCG-006*,0
38692895,norank_f__Lachnospiraceae,familia,aumenta,astaxantina respecto de ratones envejecidos por D-galactosa,"astaxanthin notably increased fecal levels of Bacteroidetes, unclassified_f__ Lachnospiraceae, norank_f__Lachnospiraceae, norank_f__norank_o__Clostridia_UCG-014, Prevotellaceae_ UCG-001, unclassified_f__Prevotellaceae",True,Haematococcus pluvialis,biomasa,"astaxantina (y, de forma comparativa, biomasa entera de H. pluvialis y residuo de H. pluvialis tras la extracción de astaxantina)",NO VERIFICADO,NO VERIFICADO,NO VERIFICADO,D-galactose-induced aging mice,heces (fecal),NO VERIFICADO,"Los autores concluyen que astaxantina, H. pluvialis y el residuo de H. pluvialis previenen el daño hepático asociado al envejecimiento modulando la microbiota intestinal y sus metabolitos (SCFAs, LPS) a través del eje intestino-hígado.",,Haematococcus pluvialis,"Zhang et al., 2024",Biomasa entera de Haematococcus pluvialis. Dosis: NO VERIFICADO; vía NO VERIFICADO; duración NO VERIFICADO,D-galactose-induced aging mice; matriz: heces (fecal); NO VERIFICADO,"Aumenta (familia), frente a astaxantina respecto de ratones envejecidos por D-galactosa",resumen,*norank_f__Lachnospiraceae*,0
41783559,Candidatus_Arthromitus,genero,aumenta,respecto del grupo con dieta alta en grasa (HFD),"enrichment of beneficial genera including Muribaculum, Candidatus_Arthromitus, and Veillonella",True,Isochrysis zhanjiangensis,biomasa,,NO VERIFICADO,NO VERIFICADO,NO VERIFICADO,mice with high-fat diet (HFD)-induced metabolic disorders,NO VERIFICADO,NO VERIFICADO,Los autores concluyen que la suplementación con I. zhanjiangensis restauró la homeostasis microbiana intestinal alterada por la dieta alta en grasa.,,Isochrysis zhanjiangensis,"Wu et al., 2025",Biomasa entera de Isochrysis zhanjiangensis. Dosis: NO VERIFICADO; vía NO VERIFICADO; duración NO VERIFICADO,mice with high-fat diet (HFD)-induced metabolic disorders; matriz: NO VERIFICADO; NO VERIFICADO,"Aumenta (genero), frente a respecto del grupo con dieta alta en grasa (HFD)",resumen,*Candidatus_Arthromitus*,0
41783559,Firmicutes/Bacteroidota ratio,razon,disminuye,respecto del grupo con dieta alta en grasa (HFD),mitigation of the elevated Firmicutes/Bacteroidota ratio,True,Isochrysis zhanjiangensis,biomasa,,NO VERIFICADO,NO VERIFICADO,NO VERIFICADO,mice with high-fat diet (HFD)-induced metabolic disorders,NO VERIFICADO,NO VERIFICADO,Los autores concluyen que la suplementación con I. zhanjiangensis restauró la homeostasis microbiana intestinal alterada por la dieta alta en grasa.,,Isochrysis zhanjiangensis,"Wu et al., 2025",Biomasa entera de Isochrysis zhanjiangensis. Dosis: NO VERIFICADO; vía NO VERIFICADO; duración NO VERIFICADO,mice with high-fat diet (HFD)-induced metabolic disorders; matriz: NO VERIFICADO; NO VERIFICADO,"Disminuye (razon), frente a respecto del grupo con dieta alta en grasa (HFD)",resumen,*Firmicutes/Bacteroidota ratio*,0
41783559,Muribaculum,genero,aumenta,respecto del grupo con dieta alta en grasa (HFD),"enrichment of beneficial genera including Muribaculum, Candidatus_Arthromitus, and Veillonella",True,Isochrysis zhanjiangensis,biomasa,,NO VERIFICADO,NO VERIFICADO,NO VERIFICADO,mice with high-fat diet (HFD)-induced metabolic disorders,NO VERIFICADO,NO VERIFICADO,Los autores concluyen que la suplementación con I. zhanjiangensis restauró la homeostasis microbiana intestinal alterada por la dieta alta en grasa.,,Isochrysis zhanjiangensis,"Wu et al., 2025",Biomasa entera de Isochrysis zhanjiangensis. Dosis: NO VERIFICADO; vía NO VERIFICADO; duración NO VERIFICADO,mice with high-fat diet (HFD)-induced metabolic disorders; matriz: NO VERIFICADO; NO VERIFICADO,"Aumenta (genero), frente a respecto del grupo con dieta alta en grasa (HFD)",resumen,*Muribaculum*,0
41783559,Veillonella,genero,aumenta,respecto del grupo con dieta alta en grasa (HFD),"enrichment of beneficial genera including Muribaculum, Candidatus_Arthromitus, and Veillonella",True,Isochrysis zhanjiangensis,biomasa,,NO VERIFICADO,NO VERIFICADO,NO VERIFICADO,mice with high-fat diet (HFD)-induced metabolic disorders,NO VERIFICADO,NO VERIFICADO,Los autores concluyen que la suplementación con I. zhanjiangensis restauró la homeostasis microbiana intestinal alterada por la dieta alta en grasa.,,Isochrysis zhanjiangensis,"Wu et al., 2025",Biomasa entera de Isochrysis zhanjiangensis. Dosis: NO VERIFICADO; vía NO VERIFICADO; duración NO VERIFICADO,mice with high-fat diet (HFD)-induced metabolic disorders; matriz: NO VERIFICADO; NO VERIFICADO,"Aumenta (genero), frente a respecto del grupo con dieta alta en grasa (HFD)",resumen,*Veillonella*,0
35745233,Akkermansia,genero,aumenta,dietas Chrl-ricas (dosis altas) vs CD,Akkermansia abundance was higher in association with both higher-dosed Chrl-rich diets ( p < 0.001) compared to the CD ( Figure 3 G).,True,Phaeodactylum tricornutum,biomasa,,"5%, 15%, o 25% de biomasa EPA/Fx-rica o Chrl-rica en la dieta; hasta 4621 mg Chrl, 920 mg EPA y 231 mg Fx por kg de peso corporal al dia",oral (dieta/alimento),14 dias,"adult female C57BL/6 mice (sanos, estudio pre-clinico de seguridad/tolerancia)",heces (feces),secuenciacion de ARNr 16S,"This pre-clinical study shows that PT is suitable for mouse feed, with positive effects on microbiota composition and SCFA production, suggesting beneficial effects on gut health.",,Phaeodactylum tricornutum,"Stiefvatter et al., 2022","Biomasa entera de Phaeodactylum tricornutum. Dosis: 5%, 15%, o 25% de biomasa EPA/Fx-rica o Chrl-rica en la dieta; hasta 4621 mg Chrl, 920 mg EPA y 231 mg Fx por kg de peso corporal al dia; vía oral (dieta/alimento); 14 dias","adult female C57BL/6 mice (sanos, estudio pre-clinico de seguridad/tolerancia); matriz: heces (feces); secuenciacion de ARNr 16S","Aumenta (genero), frente a dietas Chrl-ricas (dosis altas) vs CD",texto completo (acceso abierto),*Akkermansia*,0
35745233,Alistipes,genero,aumenta,Chrl-rica dosis mas baja y todas las dietas EPA/Fx vs CD,"The results were less consistent for Alistipes , which presented with higher abundance only in association with the lowest Chrl-rich supplementation ( p = 0.002) and all EPA/Fx diets ( p < 0.04) compared to the CD ( Figure 3 H).",True,Phaeodactylum tricornutum,biomasa,,"5%, 15%, o 25% de biomasa EPA/Fx-rica o Chrl-rica en la dieta; hasta 4621 mg Chrl, 920 mg EPA y 231 mg Fx por kg de peso corporal al dia",oral (dieta/alimento),14 dias,"adult female C57BL/6 mice (sanos, estudio pre-clinico de seguridad/tolerancia)",heces (feces),secuenciacion de ARNr 16S,"This pre-clinical study shows that PT is suitable for mouse feed, with positive effects on microbiota composition and SCFA production, suggesting beneficial effects on gut health.",,Phaeodactylum tricornutum,"Stiefvatter et al., 2022","Biomasa entera de Phaeodactylum tricornutum. Dosis: 5%, 15%, o 25% de biomasa EPA/Fx-rica o Chrl-rica en la dieta; hasta 4621 mg Chrl, 920 mg EPA y 231 mg Fx por kg de peso corporal al dia; vía oral (dieta/alimento); 14 dias","adult female C57BL/6 mice (sanos, estudio pre-clinico de seguridad/tolerancia); matriz: heces (feces); secuenciacion de ARNr 16S","Aumenta (genero), frente a Chrl-rica dosis mas baja y todas las dietas EPA/Fx vs CD",texto completo (acceso abierto),*Alistipes*,0
35745233,Bacteroidota,filo,aumenta,"todas las dietas de microalga excepto Chrl25, vs CD","In detail, the relative abundance of Bacteroidota was higher in association with all microalgae diets except for the Chrl25-rich diet ( p < 0.001) ( Figure 3 D)",True,Phaeodactylum tricornutum,biomasa,,"5%, 15%, o 25% de biomasa EPA/Fx-rica o Chrl-rica en la dieta; hasta 4621 mg Chrl, 920 mg EPA y 231 mg Fx por kg de peso corporal al dia",oral (dieta/alimento),14 dias,"adult female C57BL/6 mice (sanos, estudio pre-clinico de seguridad/tolerancia)",heces (feces),secuenciacion de ARNr 16S,"This pre-clinical study shows that PT is suitable for mouse feed, with positive effects on microbiota composition and SCFA production, suggesting beneficial effects on gut health.",,Phaeodactylum tricornutum,"Stiefvatter et al., 2022","Biomasa entera de Phaeodactylum tricornutum. Dosis: 5%, 15%, o 25% de biomasa EPA/Fx-rica o Chrl-rica en la dieta; hasta 4621 mg Chrl, 920 mg EPA y 231 mg Fx por kg de peso corporal al dia; vía oral (dieta/alimento); 14 dias","adult female C57BL/6 mice (sanos, estudio pre-clinico de seguridad/tolerancia); matriz: heces (feces); secuenciacion de ARNr 16S","Aumenta (filo), frente a todas las dietas de microalga excepto Chrl25, vs CD",texto completo (acceso abierto),*Bacteroidota*,0
35745233,Clostridia vadinBB60,genero,aumenta,Chrl25 y EPA/Fx15 y 25 (dosis altas) vs CD,"At the genus level, results consistently showed a higher abundance of Clostridia vadinBB60 in association with both highest-dosed Chrl25 and EPA/Fx15 and 25 diets ( p < 0.001) compared to CD ( Figure 3 F).",True,Phaeodactylum tricornutum,biomasa,,"5%, 15%, o 25% de biomasa EPA/Fx-rica o Chrl-rica en la dieta; hasta 4621 mg Chrl, 920 mg EPA y 231 mg Fx por kg de peso corporal al dia",oral (dieta/alimento),14 dias,"adult female C57BL/6 mice (sanos, estudio pre-clinico de seguridad/tolerancia)",heces (feces),secuenciacion de ARNr 16S,"This pre-clinical study shows that PT is suitable for mouse feed, with positive effects on microbiota composition and SCFA production, suggesting beneficial effects on gut health.",,Phaeodactylum tricornutum,"Stiefvatter et al., 2022","Biomasa entera de Phaeodactylum tricornutum. Dosis: 5%, 15%, o 25% de biomasa EPA/Fx-rica o Chrl-rica en la dieta; hasta 4621 mg Chrl, 920 mg EPA y 231 mg Fx por kg de peso corporal al dia; vía oral (dieta/alimento); 14 dias","adult female C57BL/6 mice (sanos, estudio pre-clinico de seguridad/tolerancia); matriz: heces (feces); secuenciacion de ARNr 16S","Aumenta (genero), frente a Chrl25 y EPA/Fx15 y 25 (dosis altas) vs CD",texto completo (acceso abierto),*Clostridia vadinBB60*,0
35745233,Firmicutes,filo,disminuye,todas las dietas de microalga vs CD,a lower abundance was demonstrated for the Firmicutes in association with all microalgae diets compared to the CD ( p < 0.001).,True,Phaeodactylum tricornutum,biomasa,,"5%, 15%, o 25% de biomasa EPA/Fx-rica o Chrl-rica en la dieta; hasta 4621 mg Chrl, 920 mg EPA y 231 mg Fx por kg de peso corporal al dia",oral (dieta/alimento),14 dias,"adult female C57BL/6 mice (sanos, estudio pre-clinico de seguridad/tolerancia)",heces (feces),secuenciacion de ARNr 16S,"This pre-clinical study shows that PT is suitable for mouse feed, with positive effects on microbiota composition and SCFA production, suggesting beneficial effects on gut health.",,Phaeodactylum tricornutum,"Stiefvatter et al., 2022","Biomasa entera de Phaeodactylum tricornutum. Dosis: 5%, 15%, o 25% de biomasa EPA/Fx-rica o Chrl-rica en la dieta; hasta 4621 mg Chrl, 920 mg EPA y 231 mg Fx por kg de peso corporal al dia; vía oral (dieta/alimento); 14 dias","adult female C57BL/6 mice (sanos, estudio pre-clinico de seguridad/tolerancia); matriz: heces (feces); secuenciacion de ARNr 16S","Disminuye (filo), frente a todas las dietas de microalga vs CD",texto completo (acceso abierto),*Firmicutes*,0
35745233,Firmicutes/Bacteroidota (razon F/B),razon,disminuye,dietas con microalga (EPA/Fx y Chrl) vs dieta control (CD),"Both microalgae diets increased the production of selected SCFA and decreased the Firmicutes/Bacteriodota ratio, whereas the Chrl-rich diet led to an increase in Akkermansia.",True,Phaeodactylum tricornutum,biomasa,,"5%, 15%, o 25% de biomasa EPA/Fx-rica o Chrl-rica en la dieta; hasta 4621 mg Chrl, 920 mg EPA y 231 mg Fx por kg de peso corporal al dia",oral (dieta/alimento),14 dias,"adult female C57BL/6 mice (sanos, estudio pre-clinico de seguridad/tolerancia)",heces (feces),secuenciacion de ARNr 16S,"This pre-clinical study shows that PT is suitable for mouse feed, with positive effects on microbiota composition and SCFA production, suggesting beneficial effects on gut health.",,Phaeodactylum tricornutum,"Stiefvatter et al., 2022","Biomasa entera de Phaeodactylum tricornutum. Dosis: 5%, 15%, o 25% de biomasa EPA/Fx-rica o Chrl-rica en la dieta; hasta 4621 mg Chrl, 920 mg EPA y 231 mg Fx por kg de peso corporal al dia; vía oral (dieta/alimento); 14 dias","adult female C57BL/6 mice (sanos, estudio pre-clinico de seguridad/tolerancia); matriz: heces (feces); secuenciacion de ARNr 16S","Disminuye (razon), frente a dietas con microalga (EPA/Fx y Chrl) vs dieta control (CD)",texto completo (acceso abierto),*Firmicutes/Bacteroidota* (razon F/B),0
35745233,Muribaculaceae (especie no identificada),especie,aumenta,todas las dietas Chrl-ricas vs CD,The abundance of Muribaculaceae ;s_ unidentified was increased in association with all Chrl-rich ( p = 0.003;,True,Phaeodactylum tricornutum,biomasa,,"5%, 15%, o 25% de biomasa EPA/Fx-rica o Chrl-rica en la dieta; hasta 4621 mg Chrl, 920 mg EPA y 231 mg Fx por kg de peso corporal al dia",oral (dieta/alimento),14 dias,"adult female C57BL/6 mice (sanos, estudio pre-clinico de seguridad/tolerancia)",heces (feces),secuenciacion de ARNr 16S,"This pre-clinical study shows that PT is suitable for mouse feed, with positive effects on microbiota composition and SCFA production, suggesting beneficial effects on gut health.",,Phaeodactylum tricornutum,"Stiefvatter et al., 2022","Biomasa entera de Phaeodactylum tricornutum. Dosis: 5%, 15%, o 25% de biomasa EPA/Fx-rica o Chrl-rica en la dieta; hasta 4621 mg Chrl, 920 mg EPA y 231 mg Fx por kg de peso corporal al dia; vía oral (dieta/alimento); 14 dias","adult female C57BL/6 mice (sanos, estudio pre-clinico de seguridad/tolerancia); matriz: heces (feces); secuenciacion de ARNr 16S","Aumenta (especie), frente a todas las dietas Chrl-ricas vs CD",texto completo (acceso abierto),*Muribaculaceae* (especie no identificada),0
35745233,Verrucomicrobiae,clase,aumenta,Chrl15 y Chrl25 (dosis altas) vs CD,"At the class level, the abundance of Verrucomicrobiae was higher following higher doses of Chrl15-rich and -25 ( p < 0.001) diets compared to the CD ( Figure 3 E;",True,Phaeodactylum tricornutum,biomasa,,"5%, 15%, o 25% de biomasa EPA/Fx-rica o Chrl-rica en la dieta; hasta 4621 mg Chrl, 920 mg EPA y 231 mg Fx por kg de peso corporal al dia",oral (dieta/alimento),14 dias,"adult female C57BL/6 mice (sanos, estudio pre-clinico de seguridad/tolerancia)",heces (feces),secuenciacion de ARNr 16S,"This pre-clinical study shows that PT is suitable for mouse feed, with positive effects on microbiota composition and SCFA production, suggesting beneficial effects on gut health.",,Phaeodactylum tricornutum,"Stiefvatter et al., 2022","Biomasa entera de Phaeodactylum tricornutum. Dosis: 5%, 15%, o 25% de biomasa EPA/Fx-rica o Chrl-rica en la dieta; hasta 4621 mg Chrl, 920 mg EPA y 231 mg Fx por kg de peso corporal al dia; vía oral (dieta/alimento); 14 dias","adult female C57BL/6 mice (sanos, estudio pre-clinico de seguridad/tolerancia); matriz: heces (feces); secuenciacion de ARNr 16S","Aumenta (clase), frente a Chrl15 y Chrl25 (dosis altas) vs CD",texto completo (acceso abierto),*Verrucomicrobiae*,0
42478691,Firmicutes/Bacteroidetes,razon,no concluyente,respecto a ratones ovariectomizados sin tratamiento con MU,"MU also enhanced intestinal barrier integrity, increased mucin 2 expression, and partially normalized gut microbiota composition, including improvements in the Firmicutes/Bacteroidetes ratio.",True,Chlorella sp.,extracto,materia insaponificable,5-20 µg/mL (in vitro); dosis in vivo NO VERIFICADO,NO VERIFICADO,NO VERIFICADO,ovariectomized mice (estrogen deficiency),NO VERIFICADO,NO VERIFICADO,"Estos hallazgos sugieren que MU favorece la proteccion de la barrera intestinal, atenua la inflamacion y se asocia con una mejora de los resultados metabolicos en condiciones de deficiencia de estrogenos.",materia insaponificable,Chlorella sp.,"Chae et al., 2026",Extracto de Chlorella sp.: materia insaponificable. Dosis: 5-20 µg/mL (in vitro); dosis in vivo NO VERIFICADO; vía NO VERIFICADO; duración NO VERIFICADO,ovariectomized mice (estrogen deficiency); matriz: NO VERIFICADO; NO VERIFICADO,"No concluyente (razon), frente a respecto a ratones ovariectomizados sin tratamiento con MU",resumen,*Firmicutes/Bacteroidetes*,1
39984099,Bacteroidota,filo,aumenta,respecto de la microbiota antes del tratamiento / grupo colitico sin EG-EGP,"Microbiota analysis revealed EG and EGP reshaped gut microbiota composition, with an increase in beneficial strains, particularly within the Bacteroidota phylum.",True,Euglena gracilis,extracto,"polisacarido (beta-1,3-glucano, EGP)",NO VERIFICADO,NO VERIFICADO,NO VERIFICADO,raton con colitis inducida por DSS,NO VERIFICADO,NO VERIFICADO,"These findings identify EGP as the core active component of EG, highlighting its potential in UC prevention through microbiota modulation, gut barrier support and immune regulation.","paramilón (beta-1,3-glucano)",Euglena gracilis,"Guo et al., 2025","Extracto de Euglena gracilis: paramilón (beta-1,3-glucano). Dosis: NO VERIFICADO; vía NO VERIFICADO; duración NO VERIFICADO",raton con colitis inducida por DSS; matriz: NO VERIFICADO; NO VERIFICADO,"Aumenta (filo), frente a respecto de la microbiota antes del tratamiento / grupo colitico sin EG-EGP",resumen,*Bacteroidota*,1
39984099,Clostridiaceae,familia,aumenta,respecto de la microbiota fecal de pacientes con UC antes de la fermentacion con EGP,"In vitro fermentation with fecal samples from UC patients confirmed EGP's role in reshaping gut microbiota, increasing beneficial families such as Clostridiaceae and Lactobacillaceae, while enhancing tryptophan metabolism with anti-inflammatory indoles.",True,Euglena gracilis,extracto,"polisacarido (beta-1,3-glucano, EGP)",NO VERIFICADO,NO VERIFICADO,NO VERIFICADO,raton con colitis inducida por DSS,NO VERIFICADO,NO VERIFICADO,"These findings identify EGP as the core active component of EG, highlighting its potential in UC prevention through microbiota modulation, gut barrier support and immune regulation.","paramilón (beta-1,3-glucano)",Euglena gracilis,"Guo et al., 2025","Extracto de Euglena gracilis: paramilón (beta-1,3-glucano). Dosis: NO VERIFICADO; vía NO VERIFICADO; duración NO VERIFICADO",raton con colitis inducida por DSS; matriz: NO VERIFICADO; NO VERIFICADO,"Aumenta (familia), frente a respecto de la microbiota fecal de pacientes con UC antes de la fermentacion con EGP",resumen,*Clostridiaceae*,1
39984099,Lactobacillaceae,familia,aumenta,respecto de la microbiota fecal de pacientes con UC antes de la fermentacion con EGP,"In vitro fermentation with fecal samples from UC patients confirmed EGP's role in reshaping gut microbiota, increasing beneficial families such as Clostridiaceae and Lactobacillaceae, while enhancing tryptophan metabolism with anti-inflammatory indoles.",True,Euglena gracilis,extracto,"polisacarido (beta-1,3-glucano, EGP)",NO VERIFICADO,NO VERIFICADO,NO VERIFICADO,raton con colitis inducida por DSS,NO VERIFICADO,NO VERIFICADO,"These findings identify EGP as the core active component of EG, highlighting its potential in UC prevention through microbiota modulation, gut barrier support and immune regulation.","paramilón (beta-1,3-glucano)",Euglena gracilis,"Guo et al., 2025","Extracto de Euglena gracilis: paramilón (beta-1,3-glucano). Dosis: NO VERIFICADO; vía NO VERIFICADO; duración NO VERIFICADO",raton con colitis inducida por DSS; matriz: NO VERIFICADO; NO VERIFICADO,"Aumenta (familia), frente a respecto de la microbiota fecal de pacientes con UC antes de la fermentacion con EGP",resumen,*Lactobacillaceae*,1
32717991,Akkermansia,genero,aumenta,respecto de ratones control,These included significantly higher levels of Akkermansia ( p = 0.0024) and Bacteroides ( p = 0.0106) and lower levels of Parabacteroides ( p = 0.02) and Blautia ( p = 0.02) in PM recipient mice compared to controls.,True,NO VERIFICADO,extracto,paramilon,250 μg de PM por día (aproximadamente 10 mg/kg de peso corporal),gavage oral,45 días consecutivos,"Ratones C57BL/6 hembra, modelo de susceptibilidad a colitis inducida por dextran sulfate sodium (DSS)",Pellets fecales,"Secuenciación del gen 16S rRNA (región V3-V4) en plataforma Illumina MiSeq, con análisis funcional predictivo mediante PICRUSt","Overall, this study demonstrates the prebiotic properties of PM and the potential benefits of its prolonged oral consumption to gut health.","paramilón (beta-1,3-glucano)",Euglena gracilis,"Taylor et al., 2020","Extracto de Euglena gracilis: paramilón (beta-1,3-glucano). Dosis: 250 μg de PM por día (aproximadamente 10 mg/kg de peso corporal); vía gavage oral; 45 días consecutivos","Ratones C57BL/6 hembra, modelo de susceptibilidad a colitis inducida por dextran sulfate sodium (DSS); matriz: Pellets fecales; Secuenciación del gen 16S rRNA (región V3-V4) en plataforma Illumina MiSeq, con análisis funcional predictivo mediante PICRUSt","Aumenta (genero), frente a respecto de ratones control",texto completo (acceso abierto),*Akkermansia*,1
32717991,Bacteroides,genero,aumenta,respecto de ratones control,These included significantly higher levels of Akkermansia ( p = 0.0024) and Bacteroides ( p = 0.0106) and lower levels of Parabacteroides ( p = 0.02) and Blautia ( p = 0.02) in PM recipient mice compared to controls.,True,NO VERIFICADO,extracto,paramilon,250 μg de PM por día (aproximadamente 10 mg/kg de peso corporal),gavage oral,45 días consecutivos,"Ratones C57BL/6 hembra, modelo de susceptibilidad a colitis inducida por dextran sulfate sodium (DSS)",Pellets fecales,"Secuenciación del gen 16S rRNA (región V3-V4) en plataforma Illumina MiSeq, con análisis funcional predictivo mediante PICRUSt","Overall, this study demonstrates the prebiotic properties of PM and the potential benefits of its prolonged oral consumption to gut health.","paramilón (beta-1,3-glucano)",Euglena gracilis,"Taylor et al., 2020","Extracto de Euglena gracilis: paramilón (beta-1,3-glucano). Dosis: 250 μg de PM por día (aproximadamente 10 mg/kg de peso corporal); vía gavage oral; 45 días consecutivos","Ratones C57BL/6 hembra, modelo de susceptibilidad a colitis inducida por dextran sulfate sodium (DSS); matriz: Pellets fecales; Secuenciación del gen 16S rRNA (región V3-V4) en plataforma Illumina MiSeq, con análisis funcional predictivo mediante PICRUSt","Aumenta (genero), frente a respecto de ratones control",texto completo (acceso abierto),*Bacteroides*,1
32717991,Blautia,genero,disminuye,respecto de ratones control,These included significantly higher levels of Akkermansia ( p = 0.0024) and Bacteroides ( p = 0.0106) and lower levels of Parabacteroides ( p = 0.02) and Blautia ( p = 0.02) in PM recipient mice compared to controls.,True,NO VERIFICADO,extracto,paramilon,250 μg de PM por día (aproximadamente 10 mg/kg de peso corporal),gavage oral,45 días consecutivos,"Ratones C57BL/6 hembra, modelo de susceptibilidad a colitis inducida por dextran sulfate sodium (DSS)",Pellets fecales,"Secuenciación del gen 16S rRNA (región V3-V4) en plataforma Illumina MiSeq, con análisis funcional predictivo mediante PICRUSt","Overall, this study demonstrates the prebiotic properties of PM and the potential benefits of its prolonged oral consumption to gut health.","paramilón (beta-1,3-glucano)",Euglena gracilis,"Taylor et al., 2020","Extracto de Euglena gracilis: paramilón (beta-1,3-glucano). Dosis: 250 μg de PM por día (aproximadamente 10 mg/kg de peso corporal); vía gavage oral; 45 días consecutivos","Ratones C57BL/6 hembra, modelo de susceptibilidad a colitis inducida por dextran sulfate sodium (DSS); matriz: Pellets fecales; Secuenciación del gen 16S rRNA (región V3-V4) en plataforma Illumina MiSeq, con análisis funcional predictivo mediante PICRUSt","Disminuye (genero), frente a respecto de ratones control",texto completo (acceso abierto),*Blautia*,1
32717991,Firmicutes,filo,disminuye,respecto de ratones control,"Compared to control mice, the gut microbiota of PM-treated mice had significantly higher abundance of Verrucomicrobia and lower abundance of Firmicutes.",True,NO VERIFICADO,extracto,paramilon,250 μg de PM por día (aproximadamente 10 mg/kg de peso corporal),gavage oral,45 días consecutivos,"Ratones C57BL/6 hembra, modelo de susceptibilidad a colitis inducida por dextran sulfate sodium (DSS)",Pellets fecales,"Secuenciación del gen 16S rRNA (región V3-V4) en plataforma Illumina MiSeq, con análisis funcional predictivo mediante PICRUSt","Overall, this study demonstrates the prebiotic properties of PM and the potential benefits of its prolonged oral consumption to gut health.","paramilón (beta-1,3-glucano)",Euglena gracilis,"Taylor et al., 2020","Extracto de Euglena gracilis: paramilón (beta-1,3-glucano). Dosis: 250 μg de PM por día (aproximadamente 10 mg/kg de peso corporal); vía gavage oral; 45 días consecutivos","Ratones C57BL/6 hembra, modelo de susceptibilidad a colitis inducida por dextran sulfate sodium (DSS); matriz: Pellets fecales; Secuenciación del gen 16S rRNA (región V3-V4) en plataforma Illumina MiSeq, con análisis funcional predictivo mediante PICRUSt","Disminuye (filo), frente a respecto de ratones control",texto completo (acceso abierto),*Firmicutes*,1
32717991,Luteolibacter,genero,aumenta,tendencia observada en ratones receptores de PM,"At genus level, similar trends in the increase in Bacteroides , Akkermansia , Luteolibacter , and Rubritalea and decrease in Blautia , Oscillospira , and Parabacteroides were observed in PM recipient mice ( Figure 2 D).",True,NO VERIFICADO,extracto,paramilon,250 μg de PM por día (aproximadamente 10 mg/kg de peso corporal),gavage oral,45 días consecutivos,"Ratones C57BL/6 hembra, modelo de susceptibilidad a colitis inducida por dextran sulfate sodium (DSS)",Pellets fecales,"Secuenciación del gen 16S rRNA (región V3-V4) en plataforma Illumina MiSeq, con análisis funcional predictivo mediante PICRUSt","Overall, this study demonstrates the prebiotic properties of PM and the potential benefits of its prolonged oral consumption to gut health.","paramilón (beta-1,3-glucano)",Euglena gracilis,"Taylor et al., 2020","Extracto de Euglena gracilis: paramilón (beta-1,3-glucano). Dosis: 250 μg de PM por día (aproximadamente 10 mg/kg de peso corporal); vía gavage oral; 45 días consecutivos","Ratones C57BL/6 hembra, modelo de susceptibilidad a colitis inducida por dextran sulfate sodium (DSS); matriz: Pellets fecales; Secuenciación del gen 16S rRNA (región V3-V4) en plataforma Illumina MiSeq, con análisis funcional predictivo mediante PICRUSt","Aumenta (genero), frente a tendencia observada en ratones receptores de PM",texto completo (acceso abierto),*Luteolibacter*,1
32717991,Oscillospira,genero,disminuye,tendencia observada en ratones receptores de PM,"At genus level, similar trends in the increase in Bacteroides , Akkermansia , Luteolibacter , and Rubritalea and decrease in Blautia , Oscillospira , and Parabacteroides were observed in PM recipient mice ( Figure 2 D).",True,NO VERIFICADO,extracto,paramilon,250 μg de PM por día (aproximadamente 10 mg/kg de peso corporal),gavage oral,45 días consecutivos,"Ratones C57BL/6 hembra, modelo de susceptibilidad a colitis inducida por dextran sulfate sodium (DSS)",Pellets fecales,"Secuenciación del gen 16S rRNA (región V3-V4) en plataforma Illumina MiSeq, con análisis funcional predictivo mediante PICRUSt","Overall, this study demonstrates the prebiotic properties of PM and the potential benefits of its prolonged oral consumption to gut health.","paramilón (beta-1,3-glucano)",Euglena gracilis,"Taylor et al., 2020","Extracto de Euglena gracilis: paramilón (beta-1,3-glucano). Dosis: 250 μg de PM por día (aproximadamente 10 mg/kg de peso corporal); vía gavage oral; 45 días consecutivos","Ratones C57BL/6 hembra, modelo de susceptibilidad a colitis inducida por dextran sulfate sodium (DSS); matriz: Pellets fecales; Secuenciación del gen 16S rRNA (región V3-V4) en plataforma Illumina MiSeq, con análisis funcional predictivo mediante PICRUSt","Disminuye (genero), frente a tendencia observada en ratones receptores de PM",texto completo (acceso abierto),*Oscillospira*,1
32717991,Parabacteroides,genero,disminuye,respecto de ratones control,These included significantly higher levels of Akkermansia ( p = 0.0024) and Bacteroides ( p = 0.0106) and lower levels of Parabacteroides ( p = 0.02) and Blautia ( p = 0.02) in PM recipient mice compared to controls.,True,NO VERIFICADO,extracto,paramilon,250 μg de PM por día (aproximadamente 10 mg/kg de peso corporal),gavage oral,45 días consecutivos,"Ratones C57BL/6 hembra, modelo de susceptibilidad a colitis inducida por dextran sulfate sodium (DSS)",Pellets fecales,"Secuenciación del gen 16S rRNA (región V3-V4) en plataforma Illumina MiSeq, con análisis funcional predictivo mediante PICRUSt","Overall, this study demonstrates the prebiotic properties of PM and the potential benefits of its prolonged oral consumption to gut health.","paramilón (beta-1,3-glucano)",Euglena gracilis,"Taylor et al., 2020","Extracto de Euglena gracilis: paramilón (beta-1,3-glucano). Dosis: 250 μg de PM por día (aproximadamente 10 mg/kg de peso corporal); vía gavage oral; 45 días consecutivos","Ratones C57BL/6 hembra, modelo de susceptibilidad a colitis inducida por dextran sulfate sodium (DSS); matriz: Pellets fecales; Secuenciación del gen 16S rRNA (región V3-V4) en plataforma Illumina MiSeq, con análisis funcional predictivo mediante PICRUSt","Disminuye (genero), frente a respecto de ratones control",texto completo (acceso abierto),*Parabacteroides*,1
32717991,Verrucomicrobia,filo,aumenta,respecto de ratones control,"Compared to control mice, the gut microbiota of PM-treated mice had significantly higher abundance of Verrucomicrobia and lower abundance of Firmicutes.",True,NO VERIFICADO,extracto,paramilon,250 μg de PM por día (aproximadamente 10 mg/kg de peso corporal),gavage oral,45 días consecutivos,"Ratones C57BL/6 hembra, modelo de susceptibilidad a colitis inducida por dextran sulfate sodium (DSS)",Pellets fecales,"Secuenciación del gen 16S rRNA (región V3-V4) en plataforma Illumina MiSeq, con análisis funcional predictivo mediante PICRUSt","Overall, this study demonstrates the prebiotic properties of PM and the potential benefits of its prolonged oral consumption to gut health.","paramilón (beta-1,3-glucano)",Euglena gracilis,"Taylor et al., 2020","Extracto de Euglena gracilis: paramilón (beta-1,3-glucano). Dosis: 250 μg de PM por día (aproximadamente 10 mg/kg de peso corporal); vía gavage oral; 45 días consecutivos","Ratones C57BL/6 hembra, modelo de susceptibilidad a colitis inducida por dextran sulfate sodium (DSS); matriz: Pellets fecales; Secuenciación del gen 16S rRNA (región V3-V4) en plataforma Illumina MiSeq, con análisis funcional predictivo mediante PICRUSt","Aumenta (filo), frente a respecto de ratones control",texto completo (acceso abierto),*Verrucomicrobia*,1
35277036,Actinobacteriota,filo,aumenta,respecto del grupo PBS,"Furthermore, bEWE treatment at Day 42 was associated with a significantly higher abundance of Actinobacteriota and Proteobacteria when compared to PBS treatment",True,Euglena gracilis,extracto,extracto acuoso,150–250 mg/kg/mouse/day (EWE o bEWE),oral (agua de bebida / gavage),"iniciado tres semanas antes de la inoculación de células LLC, administración diaria",orthotopic lung cancer syngeneic mouse models with Lewis lung carcinoma (LLC) cells,fecal pellets (heces),16S rRNA amplicon sequencing (región V3/V4),Los autores concluyen que la administración oral de extractos acuosos de Euglena gracilis atenúa el crecimiento del carcinoma pulmonar al menos en parte mediante la alteración de la razón intestinal Firmicutes/Bacteroidota y el aumento de Akkermansia y Muribaculum.,extracto acuoso,Euglena gracilis,"Upreti et al., 2022","Extracto de Euglena gracilis: extracto acuoso. Dosis: 150–250 mg/kg/mouse/day (EWE o bEWE); vía oral (agua de bebida / gavage); iniciado tres semanas antes de la inoculación de células LLC, administración diaria",orthotopic lung cancer syngeneic mouse models with Lewis lung carcinoma (LLC) cells; matriz: fecal pellets (heces); 16S rRNA amplicon sequencing (región V3/V4),"Aumenta (filo), frente a respecto del grupo PBS",texto completo (acceso abierto),*Actinobacteriota*,1
35277036,Akkermansia,genero,aumenta,respecto del grupo PBS,Akkermansia abundance was also significantly higher with EWE or bEWE treatment ( Figure 4 A).,True,Euglena gracilis,extracto,extracto acuoso,150–250 mg/kg/mouse/day (EWE o bEWE),oral (agua de bebida / gavage),"iniciado tres semanas antes de la inoculación de células LLC, administración diaria",orthotopic lung cancer syngeneic mouse models with Lewis lung carcinoma (LLC) cells,fecal pellets (heces),16S rRNA amplicon sequencing (región V3/V4),Los autores concluyen que la administración oral de extractos acuosos de Euglena gracilis atenúa el crecimiento del carcinoma pulmonar al menos en parte mediante la alteración de la razón intestinal Firmicutes/Bacteroidota y el aumento de Akkermansia y Muribaculum.,extracto acuoso,Euglena gracilis,"Upreti et al., 2022","Extracto de Euglena gracilis: extracto acuoso. Dosis: 150–250 mg/kg/mouse/day (EWE o bEWE); vía oral (agua de bebida / gavage); iniciado tres semanas antes de la inoculación de células LLC, administración diaria",orthotopic lung cancer syngeneic mouse models with Lewis lung carcinoma (LLC) cells; matriz: fecal pellets (heces); 16S rRNA amplicon sequencing (región V3/V4),"Aumenta (genero), frente a respecto del grupo PBS",texto completo (acceso abierto),*Akkermansia*,1
35277036,Bacteroidota,filo,aumenta,respecto del grupo PBS,We observed that Bacteroidota abundance was significantly higher but Firmicutes abundance was significantly lower in the groups treated with Euglena extracts at Day 42,True,Euglena gracilis,extracto,extracto acuoso,150–250 mg/kg/mouse/day (EWE o bEWE),oral (agua de bebida / gavage),"iniciado tres semanas antes de la inoculación de células LLC, administración diaria",orthotopic lung cancer syngeneic mouse models with Lewis lung carcinoma (LLC) cells,fecal pellets (heces),16S rRNA amplicon sequencing (región V3/V4),Los autores concluyen que la administración oral de extractos acuosos de Euglena gracilis atenúa el crecimiento del carcinoma pulmonar al menos en parte mediante la alteración de la razón intestinal Firmicutes/Bacteroidota y el aumento de Akkermansia y Muribaculum.,extracto acuoso,Euglena gracilis,"Upreti et al., 2022","Extracto de Euglena gracilis: extracto acuoso. Dosis: 150–250 mg/kg/mouse/day (EWE o bEWE); vía oral (agua de bebida / gavage); iniciado tres semanas antes de la inoculación de células LLC, administración diaria",orthotopic lung cancer syngeneic mouse models with Lewis lung carcinoma (LLC) cells; matriz: fecal pellets (heces); 16S rRNA amplicon sequencing (región V3/V4),"Aumenta (filo), frente a respecto del grupo PBS",texto completo (acceso abierto),*Bacteroidota*,1
35277036,Deferribacterota,filo,disminuye,respecto del grupo PBS,"We also observed a significantly higher abundance of Verrucomicrobiota, but a significantly lower abundance of Deferribacterota, in groups treated with Euglena water extracts at Day 42, when compared to the PBS treated group",True,Euglena gracilis,extracto,extracto acuoso,150–250 mg/kg/mouse/day (EWE o bEWE),oral (agua de bebida / gavage),"iniciado tres semanas antes de la inoculación de células LLC, administración diaria",orthotopic lung cancer syngeneic mouse models with Lewis lung carcinoma (LLC) cells,fecal pellets (heces),16S rRNA amplicon sequencing (región V3/V4),Los autores concluyen que la administración oral de extractos acuosos de Euglena gracilis atenúa el crecimiento del carcinoma pulmonar al menos en parte mediante la alteración de la razón intestinal Firmicutes/Bacteroidota y el aumento de Akkermansia y Muribaculum.,extracto acuoso,Euglena gracilis,"Upreti et al., 2022","Extracto de Euglena gracilis: extracto acuoso. Dosis: 150–250 mg/kg/mouse/day (EWE o bEWE); vía oral (agua de bebida / gavage); iniciado tres semanas antes de la inoculación de células LLC, administración diaria",orthotopic lung cancer syngeneic mouse models with Lewis lung carcinoma (LLC) cells; matriz: fecal pellets (heces); 16S rRNA amplicon sequencing (región V3/V4),"Disminuye (filo), frente a respecto del grupo PBS",texto completo (acceso abierto),*Deferribacterota*,1
35277036,Firmicutes,filo,disminuye,respecto del grupo PBS,We observed that Bacteroidota abundance was significantly higher but Firmicutes abundance was significantly lower in the groups treated with Euglena extracts at Day 42,True,Euglena gracilis,extracto,extracto acuoso,150–250 mg/kg/mouse/day (EWE o bEWE),oral (agua de bebida / gavage),"iniciado tres semanas antes de la inoculación de células LLC, administración diaria",orthotopic lung cancer syngeneic mouse models with Lewis lung carcinoma (LLC) cells,fecal pellets (heces),16S rRNA amplicon sequencing (región V3/V4),Los autores concluyen que la administración oral de extractos acuosos de Euglena gracilis atenúa el crecimiento del carcinoma pulmonar al menos en parte mediante la alteración de la razón intestinal Firmicutes/Bacteroidota y el aumento de Akkermansia y Muribaculum.,extracto acuoso,Euglena gracilis,"Upreti et al., 2022","Extracto de Euglena gracilis: extracto acuoso. Dosis: 150–250 mg/kg/mouse/day (EWE o bEWE); vía oral (agua de bebida / gavage); iniciado tres semanas antes de la inoculación de células LLC, administración diaria",orthotopic lung cancer syngeneic mouse models with Lewis lung carcinoma (LLC) cells; matriz: fecal pellets (heces); 16S rRNA amplicon sequencing (región V3/V4),"Disminuye (filo), frente a respecto del grupo PBS",texto completo (acceso abierto),*Firmicutes*,1
35277036,Mucispirillum,genero,disminuye,respecto del grupo PBS,"Further, significantly higher abundance of Muribaculum (phylum Bacteroidota) and significant decrease of Mucispirillum (phylum Deferribacterota) was observed at Day 42 with EWE or bEWE treatment, rather than with PBS treatment",True,Euglena gracilis,extracto,extracto acuoso,150–250 mg/kg/mouse/day (EWE o bEWE),oral (agua de bebida / gavage),"iniciado tres semanas antes de la inoculación de células LLC, administración diaria",orthotopic lung cancer syngeneic mouse models with Lewis lung carcinoma (LLC) cells,fecal pellets (heces),16S rRNA amplicon sequencing (región V3/V4),Los autores concluyen que la administración oral de extractos acuosos de Euglena gracilis atenúa el crecimiento del carcinoma pulmonar al menos en parte mediante la alteración de la razón intestinal Firmicutes/Bacteroidota y el aumento de Akkermansia y Muribaculum.,extracto acuoso,Euglena gracilis,"Upreti et al., 2022","Extracto de Euglena gracilis: extracto acuoso. Dosis: 150–250 mg/kg/mouse/day (EWE o bEWE); vía oral (agua de bebida / gavage); iniciado tres semanas antes de la inoculación de células LLC, administración diaria",orthotopic lung cancer syngeneic mouse models with Lewis lung carcinoma (LLC) cells; matriz: fecal pellets (heces); 16S rRNA amplicon sequencing (región V3/V4),"Disminuye (genero), frente a respecto del grupo PBS",texto completo (acceso abierto),*Mucispirillum*,1
35277036,Muribaculum,genero,aumenta,respecto del grupo PBS,"Further, significantly higher abundance of Muribaculum (phylum Bacteroidota) and significant decrease of Mucispirillum (phylum Deferribacterota) was observed at Day 42 with EWE or bEWE treatment, rather than with PBS treatment",True,Euglena gracilis,extracto,extracto acuoso,150–250 mg/kg/mouse/day (EWE o bEWE),oral (agua de bebida / gavage),"iniciado tres semanas antes de la inoculación de células LLC, administración diaria",orthotopic lung cancer syngeneic mouse models with Lewis lung carcinoma (LLC) cells,fecal pellets (heces),16S rRNA amplicon sequencing (región V3/V4),Los autores concluyen que la administración oral de extractos acuosos de Euglena gracilis atenúa el crecimiento del carcinoma pulmonar al menos en parte mediante la alteración de la razón intestinal Firmicutes/Bacteroidota y el aumento de Akkermansia y Muribaculum.,extracto acuoso,Euglena gracilis,"Upreti et al., 2022","Extracto de Euglena gracilis: extracto acuoso. Dosis: 150–250 mg/kg/mouse/day (EWE o bEWE); vía oral (agua de bebida / gavage); iniciado tres semanas antes de la inoculación de células LLC, administración diaria",orthotopic lung cancer syngeneic mouse models with Lewis lung carcinoma (LLC) cells; matriz: fecal pellets (heces); 16S rRNA amplicon sequencing (región V3/V4),"Aumenta (genero), frente a respecto del grupo PBS",texto completo (acceso abierto),*Muribaculum*,1
35277036,Verrucomicrobiota,filo,aumenta,respecto del grupo PBS,"We also observed a significantly higher abundance of Verrucomicrobiota, but a significantly lower abundance of Deferribacterota, in groups treated with Euglena water extracts at Day 42, when compared to the PBS treated group",True,Euglena gracilis,extracto,extracto acuoso,150–250 mg/kg/mouse/day (EWE o bEWE),oral (agua de bebida / gavage),"iniciado tres semanas antes de la inoculación de células LLC, administración diaria",orthotopic lung cancer syngeneic mouse models with Lewis lung carcinoma (LLC) cells,fecal pellets (heces),16S rRNA amplicon sequencing (región V3/V4),Los autores concluyen que la administración oral de extractos acuosos de Euglena gracilis atenúa el crecimiento del carcinoma pulmonar al menos en parte mediante la alteración de la razón intestinal Firmicutes/Bacteroidota y el aumento de Akkermansia y Muribaculum.,extracto acuoso,Euglena gracilis,"Upreti et al., 2022","Extracto de Euglena gracilis: extracto acuoso. Dosis: 150–250 mg/kg/mouse/day (EWE o bEWE); vía oral (agua de bebida / gavage); iniciado tres semanas antes de la inoculación de células LLC, administración diaria",orthotopic lung cancer syngeneic mouse models with Lewis lung carcinoma (LLC) cells; matriz: fecal pellets (heces); 16S rRNA amplicon sequencing (región V3/V4),"Aumenta (filo), frente a respecto del grupo PBS",texto completo (acceso abierto),*Verrucomicrobiota*,1
42435313,Alistipes,genero,aumenta,respecto de ratones inmunodeficientes inducidos por CTX sin HPP,"HPP promoted the enrichment of beneficial bacterial genera (Ligilactobacillus, norank_f_Muribaculaceae, Alistipes) and suppressed pathogenic bacteria (Escherichia-Shigella and Klebsiella).",True,Haematococcus pluvialis,extracto,peptido,NO VERIFICADO,NO VERIFICADO,NO VERIFICADO,"mice, CTX-induced immunodeficiency",fecal microbiota,NO VERIFICADO,"Los autores concluyen que la microbiota intestinal desempeña un papel decisivo en la función inmunomoduladora de HPP, validado mediante experimentos de trasplante de microbiota fecal (FMT).",péptidos,Haematococcus pluvialis,"Hu et al., 2026",Extracto de Haematococcus pluvialis: péptidos. Dosis: NO VERIFICADO; vía NO VERIFICADO; duración NO VERIFICADO,"mice, CTX-induced immunodeficiency; matriz: fecal microbiota; NO VERIFICADO","Aumenta (genero), frente a respecto de ratones inmunodeficientes inducidos por CTX sin HPP",resumen,*Alistipes*,1
42435313,Escherichia-Shigella,genero,disminuye,respecto de ratones inmunodeficientes inducidos por CTX sin HPP,"HPP promoted the enrichment of beneficial bacterial genera (Ligilactobacillus, norank_f_Muribaculaceae, Alistipes) and suppressed pathogenic bacteria (Escherichia-Shigella and Klebsiella).",True,Haematococcus pluvialis,extracto,peptido,NO VERIFICADO,NO VERIFICADO,NO VERIFICADO,"mice, CTX-induced immunodeficiency",fecal microbiota,NO VERIFICADO,"Los autores concluyen que la microbiota intestinal desempeña un papel decisivo en la función inmunomoduladora de HPP, validado mediante experimentos de trasplante de microbiota fecal (FMT).",péptidos,Haematococcus pluvialis,"Hu et al., 2026",Extracto de Haematococcus pluvialis: péptidos. Dosis: NO VERIFICADO; vía NO VERIFICADO; duración NO VERIFICADO,"mice, CTX-induced immunodeficiency; matriz: fecal microbiota; NO VERIFICADO","Disminuye (genero), frente a respecto de ratones inmunodeficientes inducidos por CTX sin HPP",resumen,*Escherichia-Shigella*,1
42435313,Klebsiella,genero,disminuye,respecto de ratones inmunodeficientes inducidos por CTX sin HPP,"HPP promoted the enrichment of beneficial bacterial genera (Ligilactobacillus, norank_f_Muribaculaceae, Alistipes) and suppressed pathogenic bacteria (Escherichia-Shigella and Klebsiella).",True,Haematococcus pluvialis,extracto,peptido,NO VERIFICADO,NO VERIFICADO,NO VERIFICADO,"mice, CTX-induced immunodeficiency",fecal microbiota,NO VERIFICADO,"Los autores concluyen que la microbiota intestinal desempeña un papel decisivo en la función inmunomoduladora de HPP, validado mediante experimentos de trasplante de microbiota fecal (FMT).",péptidos,Haematococcus pluvialis,"Hu et al., 2026",Extracto de Haematococcus pluvialis: péptidos. Dosis: NO VERIFICADO; vía NO VERIFICADO; duración NO VERIFICADO,"mice, CTX-induced immunodeficiency; matriz: fecal microbiota; NO VERIFICADO","Disminuye (genero), frente a respecto de ratones inmunodeficientes inducidos por CTX sin HPP",resumen,*Klebsiella*,1
42435313,Ligilactobacillus,genero,aumenta,respecto de ratones inmunodeficientes inducidos por CTX sin HPP,"HPP promoted the enrichment of beneficial bacterial genera (Ligilactobacillus, norank_f_Muribaculaceae, Alistipes) and suppressed pathogenic bacteria (Escherichia-Shigella and Klebsiella).",True,Haematococcus pluvialis,extracto,peptido,NO VERIFICADO,NO VERIFICADO,NO VERIFICADO,"mice, CTX-induced immunodeficiency",fecal microbiota,NO VERIFICADO,"Los autores concluyen que la microbiota intestinal desempeña un papel decisivo en la función inmunomoduladora de HPP, validado mediante experimentos de trasplante de microbiota fecal (FMT).",péptidos,Haematococcus pluvialis,"Hu et al., 2026",Extracto de Haematococcus pluvialis: péptidos. Dosis: NO VERIFICADO; vía NO VERIFICADO; duración NO VERIFICADO,"mice, CTX-induced immunodeficiency; matriz: fecal microbiota; NO VERIFICADO","Aumenta (genero), frente a respecto de ratones inmunodeficientes inducidos por CTX sin HPP",resumen,*Ligilactobacillus*,1
42435313,norank_f_Muribaculaceae,familia,aumenta,respecto de ratones inmunodeficientes inducidos por CTX sin HPP,"HPP promoted the enrichment of beneficial bacterial genera (Ligilactobacillus, norank_f_Muribaculaceae, Alistipes) and suppressed pathogenic bacteria (Escherichia-Shigella and Klebsiella).",True,Haematococcus pluvialis,extracto,peptido,NO VERIFICADO,NO VERIFICADO,NO VERIFICADO,"mice, CTX-induced immunodeficiency",fecal microbiota,NO VERIFICADO,"Los autores concluyen que la microbiota intestinal desempeña un papel decisivo en la función inmunomoduladora de HPP, validado mediante experimentos de trasplante de microbiota fecal (FMT).",péptidos,Haematococcus pluvialis,"Hu et al., 2026",Extracto de Haematococcus pluvialis: péptidos. Dosis: NO VERIFICADO; vía NO VERIFICADO; duración NO VERIFICADO,"mice, CTX-induced immunodeficiency; matriz: fecal microbiota; NO VERIFICADO","Aumenta (familia), frente a respecto de ratones inmunodeficientes inducidos por CTX sin HPP",resumen,*norank_f_Muribaculaceae*,1
42070604,Allobaculum,genero,aumenta,respecto de ratones HFD (sin HP),"HP notably increased the relative abundance of beneficial genera, including Bacteroides, Allobaculum, Dorea, and Butyricicoccus.",True,Haematococcus pluvialis,extracto,polisacarido,NO VERIFICADO,NO VERIFICADO,NO VERIFICADO,high-fat diet (HFD)-induced obese mice,heces (fecal),High-throughput fecal 16S rRNA gene sequencing,"Los autores concluyen que HP corrigio la disbiosis microbiana intestinal inducida por HFD, modulando significativamente la estructura y diversidad de la microbiota intestinal en los ratones.",polisacárido,Haematococcus pluvialis,"Ma et al., 2026",Extracto de Haematococcus pluvialis: polisacárido. Dosis: NO VERIFICADO; vía NO VERIFICADO; duración NO VERIFICADO,high-fat diet (HFD)-induced obese mice; matriz: heces (fecal); High-throughput fecal 16S rRNA gene sequencing,"Aumenta (genero), frente a respecto de ratones HFD (sin HP)",resumen,*Allobaculum*,1
42070604,Bacteroides,genero,aumenta,respecto de ratones HFD (sin HP),"HP notably increased the relative abundance of beneficial genera, including Bacteroides, Allobaculum, Dorea, and Butyricicoccus.",True,Haematococcus pluvialis,extracto,polisacarido,NO VERIFICADO,NO VERIFICADO,NO VERIFICADO,high-fat diet (HFD)-induced obese mice,heces (fecal),High-throughput fecal 16S rRNA gene sequencing,"Los autores concluyen que HP corrigio la disbiosis microbiana intestinal inducida por HFD, modulando significativamente la estructura y diversidad de la microbiota intestinal en los ratones.",polisacárido,Haematococcus pluvialis,"Ma et al., 2026",Extracto de Haematococcus pluvialis: polisacárido. Dosis: NO VERIFICADO; vía NO VERIFICADO; duración NO VERIFICADO,high-fat diet (HFD)-induced obese mice; matriz: heces (fecal); High-throughput fecal 16S rRNA gene sequencing,"Aumenta (genero), frente a respecto de ratones HFD (sin HP)",resumen,*Bacteroides*,1
42070604,Butyricicoccus,genero,aumenta,respecto de ratones HFD (sin HP),"HP notably increased the relative abundance of beneficial genera, including Bacteroides, Allobaculum, Dorea, and Butyricicoccus.",True,Haematococcus pluvialis,extracto,polisacarido,NO VERIFICADO,NO VERIFICADO,NO VERIFICADO,high-fat diet (HFD)-induced obese mice,heces (fecal),High-throughput fecal 16S rRNA gene sequencing,"Los autores concluyen que HP corrigio la disbiosis microbiana intestinal inducida por HFD, modulando significativamente la estructura y diversidad de la microbiota intestinal en los ratones.",polisacárido,Haematococcus pluvialis,"Ma et al., 2026",Extracto de Haematococcus pluvialis: polisacárido. Dosis: NO VERIFICADO; vía NO VERIFICADO; duración NO VERIFICADO,high-fat diet (HFD)-induced obese mice; matriz: heces (fecal); High-throughput fecal 16S rRNA gene sequencing,"Aumenta (genero), frente a respecto de ratones HFD (sin HP)",resumen,*Butyricicoccus*,1
42070604,Dorea,genero,aumenta,respecto de ratones HFD (sin HP),"HP notably increased the relative abundance of beneficial genera, including Bacteroides, Allobaculum, Dorea, and Butyricicoccus.",True,Haematococcus pluvialis,extracto,polisacarido,NO VERIFICADO,NO VERIFICADO,NO VERIFICADO,high-fat diet (HFD)-induced obese mice,heces (fecal),High-throughput fecal 16S rRNA gene sequencing,"Los autores concluyen que HP corrigio la disbiosis microbiana intestinal inducida por HFD, modulando significativamente la estructura y diversidad de la microbiota intestinal en los ratones.",polisacárido,Haematococcus pluvialis,"Ma et al., 2026",Extracto de Haematococcus pluvialis: polisacárido. Dosis: NO VERIFICADO; vía NO VERIFICADO; duración NO VERIFICADO,high-fat diet (HFD)-induced obese mice; matriz: heces (fecal); High-throughput fecal 16S rRNA gene sequencing,"Aumenta (genero), frente a respecto de ratones HFD (sin HP)",resumen,*Dorea*,1
35206042,Akkermansia,genero,aumenta,"Astaxantina vs naive y vs ulvan: la frase dice 'higher' pero los valores citados son menores en astaxantina (13.97%) que en naive (26.45%), y la frase esta truncada; la familia Akkermansiaceae se reporta como 'lower' en astaxantina","A higher relative abundance of bacteria from the genus Akkermansia was observed in the astaxanthin-fed samples (13.97% +/- 8.44%) compared to naive and ulvan-fed samples (naive: 26.45% +/- 4.40%, p = 0.001;",False,Ulva ohnoi (macroalga verde marina) y Haematococcus pluvialis (microalga verde de agua dulce),extracto,dos extractos purificados comparados en paralelo: polisacarido sulfatado (ulvan) de Ulva ohnoi y carotenoide astaxantina de Haematococcus pluvialis,"ulvan 5 mg/raton y astaxantina 1 mg/raton, cada dos dias",gavaje intragastrico,28 dias,Ratones BALB/c sanos (grupo naive con dieta control); no se describe modelo de enfermedad,"Pellets fecales en Dia 0 y Dia 28, y contenido cecal en Dia 28",Secuenciacion del gen 16S rRNA,"Los autores concluyen que el ulvan y la astaxantina modulan positivamente la microbiota intestinal murina, aumentando clases y familias bacterianas asociadas a un intestino sano (p. ej., Lachnospiraceae productoras de butirato), con un efecto mayor de la duracion del tratamiento que del tipo de tratamiento, lo que apoya su potencial dietario para mejorar la salud intestinal.","astaxantina (el estudio compara en paralelo ulvan, que es de macroalga y no se extrajo)",Haematococcus pluvialis,"Pratap et al., 2022","Extracto de Haematococcus pluvialis: astaxantina (el estudio compara en paralelo ulvan, que es de macroalga y no se extrajo). Dosis: ulvan 5 mg/raton y astaxantina 1 mg/raton, cada dos dias; vía gavaje intragastrico; 28 dias","Ratones BALB/c sanos (grupo naive con dieta control); no se describe modelo de enfermedad; matriz: Pellets fecales en Dia 0 y Dia 28, y contenido cecal en Dia 28; Secuenciacion del gen 16S rRNA","Aumenta (genero), frente a Astaxantina vs naive y vs ulvan: la frase dice 'higher' pero los valores citados son menores en astaxantina (13.97%) que en naive (26.45%), y la frase esta truncada; la familia Akkermansiaceae se reporta como 'lower' en astaxantina",texto completo (acceso abierto),*Akkermansia*,1
35206042,Bacilli,clase,no concluyente,"aumento tras alimentar con ulvan y astaxantina; la frase no separa los dos brazos, así que no se puede atribuir a la astaxantina sola","Significant changes with the increase in the bacterial classes Bacteroidia , Bacilli , Clostridia , and Verrucomicrobia were observed after feeding the mice with ulvan and astaxanthin.",True,Ulva ohnoi (macroalga verde marina) y Haematococcus pluvialis (microalga verde de agua dulce),extracto,dos extractos purificados comparados en paralelo: polisacarido sulfatado (ulvan) de Ulva ohnoi y carotenoide astaxantina de Haematococcus pluvialis,"ulvan 5 mg/raton y astaxantina 1 mg/raton, cada dos dias",gavaje intragastrico,28 dias,Ratones BALB/c sanos (grupo naive con dieta control); no se describe modelo de enfermedad,"Pellets fecales en Dia 0 y Dia 28, y contenido cecal en Dia 28",Secuenciacion del gen 16S rRNA,"Los autores concluyen que el ulvan y la astaxantina modulan positivamente la microbiota intestinal murina, aumentando clases y familias bacterianas asociadas a un intestino sano (p. ej., Lachnospiraceae productoras de butirato), con un efecto mayor de la duracion del tratamiento que del tipo de tratamiento, lo que apoya su potencial dietario para mejorar la salud intestinal.","astaxantina (el estudio compara en paralelo ulvan, que es de macroalga y no se extrajo)",Haematococcus pluvialis,"Pratap et al., 2022","Extracto de Haematococcus pluvialis: astaxantina (el estudio compara en paralelo ulvan, que es de macroalga y no se extrajo). Dosis: ulvan 5 mg/raton y astaxantina 1 mg/raton, cada dos dias; vía gavaje intragastrico; 28 dias","Ratones BALB/c sanos (grupo naive con dieta control); no se describe modelo de enfermedad; matriz: Pellets fecales en Dia 0 y Dia 28, y contenido cecal en Dia 28; Secuenciacion del gen 16S rRNA","No concluyente (clase), frente a aumento tras alimentar con ulvan y astaxantina; la frase no separa los dos brazos, así que no se puede atribuir a la astaxantina sola",texto completo (acceso abierto),*Bacilli*,1
35206042,Bacteroidia,clase,no concluyente,"aumento tras alimentar con ulvan y astaxantina; la frase no separa los dos brazos, así que no se puede atribuir a la astaxantina sola","Significant changes with the increase in the bacterial classes Bacteroidia , Bacilli , Clostridia , and Verrucomicrobia were observed after feeding the mice with ulvan and astaxanthin.",True,Ulva ohnoi (macroalga verde marina) y Haematococcus pluvialis (microalga verde de agua dulce),extracto,dos extractos purificados comparados en paralelo: polisacarido sulfatado (ulvan) de Ulva ohnoi y carotenoide astaxantina de Haematococcus pluvialis,"ulvan 5 mg/raton y astaxantina 1 mg/raton, cada dos dias",gavaje intragastrico,28 dias,Ratones BALB/c sanos (grupo naive con dieta control); no se describe modelo de enfermedad,"Pellets fecales en Dia 0 y Dia 28, y contenido cecal en Dia 28",Secuenciacion del gen 16S rRNA,"Los autores concluyen que el ulvan y la astaxantina modulan positivamente la microbiota intestinal murina, aumentando clases y familias bacterianas asociadas a un intestino sano (p. ej., Lachnospiraceae productoras de butirato), con un efecto mayor de la duracion del tratamiento que del tipo de tratamiento, lo que apoya su potencial dietario para mejorar la salud intestinal.","astaxantina (el estudio compara en paralelo ulvan, que es de macroalga y no se extrajo)",Haematococcus pluvialis,"Pratap et al., 2022","Extracto de Haematococcus pluvialis: astaxantina (el estudio compara en paralelo ulvan, que es de macroalga y no se extrajo). Dosis: ulvan 5 mg/raton y astaxantina 1 mg/raton, cada dos dias; vía gavaje intragastrico; 28 dias","Ratones BALB/c sanos (grupo naive con dieta control); no se describe modelo de enfermedad; matriz: Pellets fecales en Dia 0 y Dia 28, y contenido cecal en Dia 28; Secuenciacion del gen 16S rRNA","No concluyente (clase), frente a aumento tras alimentar con ulvan y astaxantina; la frase no separa los dos brazos, así que no se puede atribuir a la astaxantina sola",texto completo (acceso abierto),*Bacteroidia*,1
35206042,Ruminococcaceae,familia,disminuye,Astaxantina dia 28 vs su propio dia 0; los autores tambien describen reduccion con el tiempo en ratones alimentados con ulvan,"In comparison, the lower relative abundance of bacteria from the family Ruminococcaceae was observed in the astaxanthin-fed samples on day 0 (21.42% +/- 13.16%) compared to day 28 (6.10% +/- 5.11%, p = 0.0146)",False,Ulva ohnoi (macroalga verde marina) y Haematococcus pluvialis (microalga verde de agua dulce),extracto,dos extractos purificados comparados en paralelo: polisacarido sulfatado (ulvan) de Ulva ohnoi y carotenoide astaxantina de Haematococcus pluvialis,"ulvan 5 mg/raton y astaxantina 1 mg/raton, cada dos dias",gavaje intragastrico,28 dias,Ratones BALB/c sanos (grupo naive con dieta control); no se describe modelo de enfermedad,"Pellets fecales en Dia 0 y Dia 28, y contenido cecal en Dia 28",Secuenciacion del gen 16S rRNA,"Los autores concluyen que el ulvan y la astaxantina modulan positivamente la microbiota intestinal murina, aumentando clases y familias bacterianas asociadas a un intestino sano (p. ej., Lachnospiraceae productoras de butirato), con un efecto mayor de la duracion del tratamiento que del tipo de tratamiento, lo que apoya su potencial dietario para mejorar la salud intestinal.","astaxantina (el estudio compara en paralelo ulvan, que es de macroalga y no se extrajo)",Haematococcus pluvialis,"Pratap et al., 2022","Extracto de Haematococcus pluvialis: astaxantina (el estudio compara en paralelo ulvan, que es de macroalga y no se extrajo). Dosis: ulvan 5 mg/raton y astaxantina 1 mg/raton, cada dos dias; vía gavaje intragastrico; 28 dias","Ratones BALB/c sanos (grupo naive con dieta control); no se describe modelo de enfermedad; matriz: Pellets fecales en Dia 0 y Dia 28, y contenido cecal en Dia 28; Secuenciacion del gen 16S rRNA","Disminuye (familia), frente a Astaxantina dia 28 vs su propio dia 0; los autores tambien describen reduccion con el tiempo en ratones alimentados con ulvan",texto completo (acceso abierto),*Ruminococcaceae*,1
35206042,Ruminococcaceae UCG-014,genero,disminuye,Alimentados con astaxantina (1.61%) y con ulvan (0.15%) respecto del grupo naive (11.52%) en el dia 28,"A higher relative abundance of bacteria from the genus Ruminococcaceae UCG-014 was observed in the naive samples (11.52% +/- 7.13%) compared to the astaxanthin (1.61% +/- 1.25%, p = 0.0064) and ulvan-fed samples",False,Ulva ohnoi (macroalga verde marina) y Haematococcus pluvialis (microalga verde de agua dulce),extracto,dos extractos purificados comparados en paralelo: polisacarido sulfatado (ulvan) de Ulva ohnoi y carotenoide astaxantina de Haematococcus pluvialis,"ulvan 5 mg/raton y astaxantina 1 mg/raton, cada dos dias",gavaje intragastrico,28 dias,Ratones BALB/c sanos (grupo naive con dieta control); no se describe modelo de enfermedad,"Pellets fecales en Dia 0 y Dia 28, y contenido cecal en Dia 28",Secuenciacion del gen 16S rRNA,"Los autores concluyen que el ulvan y la astaxantina modulan positivamente la microbiota intestinal murina, aumentando clases y familias bacterianas asociadas a un intestino sano (p. ej., Lachnospiraceae productoras de butirato), con un efecto mayor de la duracion del tratamiento que del tipo de tratamiento, lo que apoya su potencial dietario para mejorar la salud intestinal.","astaxantina (el estudio compara en paralelo ulvan, que es de macroalga y no se extrajo)",Haematococcus pluvialis,"Pratap et al., 2022","Extracto de Haematococcus pluvialis: astaxantina (el estudio compara en paralelo ulvan, que es de macroalga y no se extrajo). Dosis: ulvan 5 mg/raton y astaxantina 1 mg/raton, cada dos dias; vía gavaje intragastrico; 28 dias","Ratones BALB/c sanos (grupo naive con dieta control); no se describe modelo de enfermedad; matriz: Pellets fecales en Dia 0 y Dia 28, y contenido cecal en Dia 28; Secuenciacion del gen 16S rRNA","Disminuye (genero), frente a Alimentados con astaxantina (1.61%) y con ulvan (0.15%) respecto del grupo naive (11.52%) en el dia 28",texto completo (acceso abierto),*Ruminococcaceae UCG-014*,1
35206042,Verrucomicrobia,clase,no concluyente,"aumento tras alimentar con ulvan y astaxantina; la frase no separa los dos brazos, así que no se puede atribuir a la astaxantina sola","Significant changes with the increase in the bacterial classes Bacteroidia , Bacilli , Clostridia , and Verrucomicrobia were observed after feeding the mice with ulvan and astaxanthin.",True,Ulva ohnoi (macroalga verde marina) y Haematococcus pluvialis (microalga verde de agua dulce),extracto,dos extractos purificados comparados en paralelo: polisacarido sulfatado (ulvan) de Ulva ohnoi y carotenoide astaxantina de Haematococcus pluvialis,"ulvan 5 mg/raton y astaxantina 1 mg/raton, cada dos dias",gavaje intragastrico,28 dias,Ratones BALB/c sanos (grupo naive con dieta control); no se describe modelo de enfermedad,"Pellets fecales en Dia 0 y Dia 28, y contenido cecal en Dia 28",Secuenciacion del gen 16S rRNA,"Los autores concluyen que el ulvan y la astaxantina modulan positivamente la microbiota intestinal murina, aumentando clases y familias bacterianas asociadas a un intestino sano (p. ej., Lachnospiraceae productoras de butirato), con un efecto mayor de la duracion del tratamiento que del tipo de tratamiento, lo que apoya su potencial dietario para mejorar la salud intestinal.","astaxantina (el estudio compara en paralelo ulvan, que es de macroalga y no se extrajo)",Haematococcus pluvialis,"Pratap et al., 2022","Extracto de Haematococcus pluvialis: astaxantina (el estudio compara en paralelo ulvan, que es de macroalga y no se extrajo). Dosis: ulvan 5 mg/raton y astaxantina 1 mg/raton, cada dos dias; vía gavaje intragastrico; 28 dias","Ratones BALB/c sanos (grupo naive con dieta control); no se describe modelo de enfermedad; matriz: Pellets fecales en Dia 0 y Dia 28, y contenido cecal en Dia 28; Secuenciacion del gen 16S rRNA","No concluyente (clase), frente a aumento tras alimentar con ulvan y astaxantina; la frase no separa los dos brazos, así que no se puede atribuir a la astaxantina sola",texto completo (acceso abierto),*Verrucomicrobia*,1
34664590,Firmicutes/Bacteroides,razon,no concluyente,razon Firmicutes/Bacteroides respecto a la dieta alta en grasas (HFD) sin AST,AST alleviated HFD-induced gut microbiota dysbiosis by optimizing the ratio of Firmicutes to Bacteroides,True,Haematococcus pluvialis,extracto,astaxantina,NO VERIFICADO,NO VERIFICADO,NO VERIFICADO,high-fat diet-fed mice,NO VERIFICADO,gut microbiota sequencing,"Los autores concluyen que la astaxantina alivia la disbiosis de la microbiota intestinal inducida por la dieta alta en grasas optimizando la razon Firmicutes/Bacteroides, inhibiendo microbiota patogenica asociada a la obesidad y promoviendo probioticos relacionados con el metabolismo de glucosa y lipidos.",astaxantina (pigmento carotenoide),Haematococcus pluvialis,"Wang et al., 2021",Extracto de Haematococcus pluvialis: astaxantina (pigmento carotenoide). Dosis: NO VERIFICADO; vía NO VERIFICADO; duración NO VERIFICADO,high-fat diet-fed mice; matriz: NO VERIFICADO; gut microbiota sequencing,"No concluyente (razon), frente a razon Firmicutes/Bacteroides respecto a la dieta alta en grasas (HFD) sin AST",resumen,*Firmicutes/Bacteroides*,1
35495929,Akkermansia,genero,aumenta,grupo ND (dieta normal),"In this study, the relative abundance of Allobaculum and Akkermansia in the 0.75% ATX group was even higher than that in the ND group.",True,Haematococcus pluvialis,extracto,astaxantina,"0.25, 0.5, y 0.75%",oral,NO VERIFICADO,C57BL/6 mice (ratones) con esteatosis hepatica/obesidad inducida por dieta alta en grasa (HFD),contenido cecal,"secuenciacion 16S rRNA (region V3-V4, plataforma Illumina MiSeq)","Los autores concluyen que la astaxantina alivia la disbiosis de la microbiota intestinal inducida por la dieta alta en grasa, inhibiendo bacterias asociadas a obesidad (Parabacteroides, Desulfovibrio) y promoviendo bacterias beneficiosas (Allobaculum, Akkermansia), lo que contribuye a sus propiedades moduladoras del eje intestino-higado.",astaxantina (pigmento carotenoide),Haematococcus pluvialis,"Wang et al., 2022","Extracto de Haematococcus pluvialis: astaxantina (pigmento carotenoide). Dosis: 0.25, 0.5, y 0.75%; vía oral; duración NO VERIFICADO","C57BL/6 mice (ratones) con esteatosis hepatica/obesidad inducida por dieta alta en grasa (HFD); matriz: contenido cecal; secuenciacion 16S rRNA (region V3-V4, plataforma Illumina MiSeq)","Aumenta (genero), frente a grupo ND (dieta normal)",texto completo (acceso abierto),*Akkermansia*,1
35495929,Allobaculum,genero,aumenta,grupo ND (dieta normal),"In this study, the relative abundance of Allobaculum and Akkermansia in the 0.75% ATX group was even higher than that in the ND group.",True,Haematococcus pluvialis,extracto,astaxantina,"0.25, 0.5, y 0.75%",oral,NO VERIFICADO,C57BL/6 mice (ratones) con esteatosis hepatica/obesidad inducida por dieta alta en grasa (HFD),contenido cecal,"secuenciacion 16S rRNA (region V3-V4, plataforma Illumina MiSeq)","Los autores concluyen que la astaxantina alivia la disbiosis de la microbiota intestinal inducida por la dieta alta en grasa, inhibiendo bacterias asociadas a obesidad (Parabacteroides, Desulfovibrio) y promoviendo bacterias beneficiosas (Allobaculum, Akkermansia), lo que contribuye a sus propiedades moduladoras del eje intestino-higado.",astaxantina (pigmento carotenoide),Haematococcus pluvialis,"Wang et al., 2022","Extracto de Haematococcus pluvialis: astaxantina (pigmento carotenoide). Dosis: 0.25, 0.5, y 0.75%; vía oral; duración NO VERIFICADO","C57BL/6 mice (ratones) con esteatosis hepatica/obesidad inducida por dieta alta en grasa (HFD); matriz: contenido cecal; secuenciacion 16S rRNA (region V3-V4, plataforma Illumina MiSeq)","Aumenta (genero), frente a grupo ND (dieta normal)",texto completo (acceso abierto),*Allobaculum*,1
35495929,Bifidobacterium,genero,aumenta,grupo HFD,"0.75% ATX significantly increased the abundance levels of Lactobacillus , Clostridum , and Bifidobacterium",True,Haematococcus pluvialis,extracto,astaxantina,"0.25, 0.5, y 0.75%",oral,NO VERIFICADO,C57BL/6 mice (ratones) con esteatosis hepatica/obesidad inducida por dieta alta en grasa (HFD),contenido cecal,"secuenciacion 16S rRNA (region V3-V4, plataforma Illumina MiSeq)","Los autores concluyen que la astaxantina alivia la disbiosis de la microbiota intestinal inducida por la dieta alta en grasa, inhibiendo bacterias asociadas a obesidad (Parabacteroides, Desulfovibrio) y promoviendo bacterias beneficiosas (Allobaculum, Akkermansia), lo que contribuye a sus propiedades moduladoras del eje intestino-higado.",astaxantina (pigmento carotenoide),Haematococcus pluvialis,"Wang et al., 2022","Extracto de Haematococcus pluvialis: astaxantina (pigmento carotenoide). Dosis: 0.25, 0.5, y 0.75%; vía oral; duración NO VERIFICADO","C57BL/6 mice (ratones) con esteatosis hepatica/obesidad inducida por dieta alta en grasa (HFD); matriz: contenido cecal; secuenciacion 16S rRNA (region V3-V4, plataforma Illumina MiSeq)","Aumenta (genero), frente a grupo HFD",texto completo (acceso abierto),*Bifidobacterium*,1
35495929,Clostridium,genero,aumenta,grupo HFD,"0.75% ATX significantly increased the abundance levels of Lactobacillus , Clostridum , and Bifidobacterium",True,Haematococcus pluvialis,extracto,astaxantina,"0.25, 0.5, y 0.75%",oral,NO VERIFICADO,C57BL/6 mice (ratones) con esteatosis hepatica/obesidad inducida por dieta alta en grasa (HFD),contenido cecal,"secuenciacion 16S rRNA (region V3-V4, plataforma Illumina MiSeq)","Los autores concluyen que la astaxantina alivia la disbiosis de la microbiota intestinal inducida por la dieta alta en grasa, inhibiendo bacterias asociadas a obesidad (Parabacteroides, Desulfovibrio) y promoviendo bacterias beneficiosas (Allobaculum, Akkermansia), lo que contribuye a sus propiedades moduladoras del eje intestino-higado.",astaxantina (pigmento carotenoide),Haematococcus pluvialis,"Wang et al., 2022","Extracto de Haematococcus pluvialis: astaxantina (pigmento carotenoide). Dosis: 0.25, 0.5, y 0.75%; vía oral; duración NO VERIFICADO","C57BL/6 mice (ratones) con esteatosis hepatica/obesidad inducida por dieta alta en grasa (HFD); matriz: contenido cecal; secuenciacion 16S rRNA (region V3-V4, plataforma Illumina MiSeq)","Aumenta (genero), frente a grupo HFD",texto completo (acceso abierto),*Clostridium*,1
35495929,Desulfovibrio,genero,disminuye,grupo HFD (dysbiosis inducida por dieta alta en grasa),"In addition, ATX significantly decreased the abundance of Desulfovibrio , a pathogenic bacterium that induces lipopolysaccharide ( 57 ).",True,Haematococcus pluvialis,extracto,astaxantina,"0.25, 0.5, y 0.75%",oral,NO VERIFICADO,C57BL/6 mice (ratones) con esteatosis hepatica/obesidad inducida por dieta alta en grasa (HFD),contenido cecal,"secuenciacion 16S rRNA (region V3-V4, plataforma Illumina MiSeq)","Los autores concluyen que la astaxantina alivia la disbiosis de la microbiota intestinal inducida por la dieta alta en grasa, inhibiendo bacterias asociadas a obesidad (Parabacteroides, Desulfovibrio) y promoviendo bacterias beneficiosas (Allobaculum, Akkermansia), lo que contribuye a sus propiedades moduladoras del eje intestino-higado.",astaxantina (pigmento carotenoide),Haematococcus pluvialis,"Wang et al., 2022","Extracto de Haematococcus pluvialis: astaxantina (pigmento carotenoide). Dosis: 0.25, 0.5, y 0.75%; vía oral; duración NO VERIFICADO","C57BL/6 mice (ratones) con esteatosis hepatica/obesidad inducida por dieta alta en grasa (HFD); matriz: contenido cecal; secuenciacion 16S rRNA (region V3-V4, plataforma Illumina MiSeq)","Disminuye (genero), frente a grupo HFD (dysbiosis inducida por dieta alta en grasa)",texto completo (acceso abierto),*Desulfovibrio*,1
35495929,Firmicutes/Bacteroidetes,razon,disminuye,grupo HFD,"ATX significantly reduced the values of Firmicutes/Bacteroidetes (F/B), indicating that the reduction in weight gain might be partly due to changes in F/B.",True,Haematococcus pluvialis,extracto,astaxantina,"0.25, 0.5, y 0.75%",oral,NO VERIFICADO,C57BL/6 mice (ratones) con esteatosis hepatica/obesidad inducida por dieta alta en grasa (HFD),contenido cecal,"secuenciacion 16S rRNA (region V3-V4, plataforma Illumina MiSeq)","Los autores concluyen que la astaxantina alivia la disbiosis de la microbiota intestinal inducida por la dieta alta en grasa, inhibiendo bacterias asociadas a obesidad (Parabacteroides, Desulfovibrio) y promoviendo bacterias beneficiosas (Allobaculum, Akkermansia), lo que contribuye a sus propiedades moduladoras del eje intestino-higado.",astaxantina (pigmento carotenoide),Haematococcus pluvialis,"Wang et al., 2022","Extracto de Haematococcus pluvialis: astaxantina (pigmento carotenoide). Dosis: 0.25, 0.5, y 0.75%; vía oral; duración NO VERIFICADO","C57BL/6 mice (ratones) con esteatosis hepatica/obesidad inducida por dieta alta en grasa (HFD); matriz: contenido cecal; secuenciacion 16S rRNA (region V3-V4, plataforma Illumina MiSeq)","Disminuye (razon), frente a grupo HFD",texto completo (acceso abierto),*Firmicutes/Bacteroidetes*,1
35495929,Lactobacillus,genero,aumenta,grupo HFD,"0.75% ATX significantly increased the abundance levels of Lactobacillus , Clostridum , and Bifidobacterium",True,Haematococcus pluvialis,extracto,astaxantina,"0.25, 0.5, y 0.75%",oral,NO VERIFICADO,C57BL/6 mice (ratones) con esteatosis hepatica/obesidad inducida por dieta alta en grasa (HFD),contenido cecal,"secuenciacion 16S rRNA (region V3-V4, plataforma Illumina MiSeq)","Los autores concluyen que la astaxantina alivia la disbiosis de la microbiota intestinal inducida por la dieta alta en grasa, inhibiendo bacterias asociadas a obesidad (Parabacteroides, Desulfovibrio) y promoviendo bacterias beneficiosas (Allobaculum, Akkermansia), lo que contribuye a sus propiedades moduladoras del eje intestino-higado.",astaxantina (pigmento carotenoide),Haematococcus pluvialis,"Wang et al., 2022","Extracto de Haematococcus pluvialis: astaxantina (pigmento carotenoide). Dosis: 0.25, 0.5, y 0.75%; vía oral; duración NO VERIFICADO","C57BL/6 mice (ratones) con esteatosis hepatica/obesidad inducida por dieta alta en grasa (HFD); matriz: contenido cecal; secuenciacion 16S rRNA (region V3-V4, plataforma Illumina MiSeq)","Aumenta (genero), frente a grupo HFD",texto completo (acceso abierto),*Lactobacillus*,1
35495929,Parabacteroides,genero,disminuye,grupo HFD (dysbiosis inducida por dieta alta en grasa),ATX alleviates HFD-induced gut microbiota dysbiosis by significantly inhibiting the growth of obesity-related Parabacteroides and Desulfovibrio while promoting the growth of Allobaculum and Akkermansia.,True,Haematococcus pluvialis,extracto,astaxantina,"0.25, 0.5, y 0.75%",oral,NO VERIFICADO,C57BL/6 mice (ratones) con esteatosis hepatica/obesidad inducida por dieta alta en grasa (HFD),contenido cecal,"secuenciacion 16S rRNA (region V3-V4, plataforma Illumina MiSeq)","Los autores concluyen que la astaxantina alivia la disbiosis de la microbiota intestinal inducida por la dieta alta en grasa, inhibiendo bacterias asociadas a obesidad (Parabacteroides, Desulfovibrio) y promoviendo bacterias beneficiosas (Allobaculum, Akkermansia), lo que contribuye a sus propiedades moduladoras del eje intestino-higado.",astaxantina (pigmento carotenoide),Haematococcus pluvialis,"Wang et al., 2022","Extracto de Haematococcus pluvialis: astaxantina (pigmento carotenoide). Dosis: 0.25, 0.5, y 0.75%; vía oral; duración NO VERIFICADO","C57BL/6 mice (ratones) con esteatosis hepatica/obesidad inducida por dieta alta en grasa (HFD); matriz: contenido cecal; secuenciacion 16S rRNA (region V3-V4, plataforma Illumina MiSeq)","Disminuye (genero), frente a grupo HFD (dysbiosis inducida por dieta alta en grasa)",texto completo (acceso abierto),*Parabacteroides*,1
38692895,Bacteroidetes,filo,aumenta,"brazo de astaxantina y brazo de residuo, ambos frente a los ratones envejecidos con D-galactosa","astaxanthin notably increased fecal levels of Bacteroidetes, unclassified_f__ Lachnospiraceae, norank_f__Lachnospiraceae, norank_f__norank_o__Clostridia_UCG-014, Prevotellaceae_ UCG-001, unclassified_f__Prevotellaceae",True,Haematococcus pluvialis,extracto,residuo de biomasa tras la extracción de astaxantina,NO VERIFICADO,NO VERIFICADO,NO VERIFICADO,D-galactose-induced aging mice,heces (fecal),NO VERIFICADO,"Los autores concluyen que astaxantina, H. pluvialis y el residuo de H. pluvialis previenen el daño hepático asociado al envejecimiento modulando la microbiota intestinal y sus metabolitos (SCFAs, LPS) a través del eje intestino-hígado.",astaxantina (pigmento carotenoide),Haematococcus pluvialis,"Zhang et al., 2024",Extracto de Haematococcus pluvialis: astaxantina (pigmento carotenoide). Dosis: NO VERIFICADO; vía NO VERIFICADO; duración NO VERIFICADO,D-galactose-induced aging mice; matriz: heces (fecal); NO VERIFICADO,"Aumenta (filo), frente a brazo de astaxantina y brazo de residuo, ambos frente a los ratones envejecidos con D-galactosa",resumen,*Bacteroidetes*,1
38692895,Prevotellaceae_UCG-001,genero,aumenta,astaxantina respecto de ratones envejecidos por D-galactosa,"astaxanthin notably increased fecal levels of Bacteroidetes, unclassified_f__ Lachnospiraceae, norank_f__Lachnospiraceae, norank_f__norank_o__Clostridia_UCG-014, Prevotellaceae_ UCG-001, unclassified_f__Prevotellaceae",True,Haematococcus pluvialis,extracto,"astaxantina (y, de forma comparativa, biomasa entera de H. pluvialis y residuo de H. pluvialis tras la extracción de astaxantina)",NO VERIFICADO,NO VERIFICADO,NO VERIFICADO,D-galactose-induced aging mice,heces (fecal),NO VERIFICADO,"Los autores concluyen que astaxantina, H. pluvialis y el residuo de H. pluvialis previenen el daño hepático asociado al envejecimiento modulando la microbiota intestinal y sus metabolitos (SCFAs, LPS) a través del eje intestino-hígado.",astaxantina (pigmento carotenoide),Haematococcus pluvialis,"Zhang et al., 2024",Extracto de Haematococcus pluvialis: astaxantina (pigmento carotenoide). Dosis: NO VERIFICADO; vía NO VERIFICADO; duración NO VERIFICADO,D-galactose-induced aging mice; matriz: heces (fecal); NO VERIFICADO,"Aumenta (genero), frente a astaxantina respecto de ratones envejecidos por D-galactosa",resumen,*Prevotellaceae_UCG-001*,1
38692895,Rikenellaceae_RC9_gut_group,genero,aumenta,residuo de H. pluvialis respecto del grupo de referencia (implícitamente ratones envejecidos),"H. pluvialis residue group displayed higher relative levels of Bacteroidetes, Streptococcus, and Rikenellaceae_RC9_gut_group (p < 0.05).",True,Haematococcus pluvialis,extracto,residuo de biomasa tras la extracción de astaxantina,NO VERIFICADO,NO VERIFICADO,NO VERIFICADO,D-galactose-induced aging mice,heces (fecal),NO VERIFICADO,"Los autores concluyen que astaxantina, H. pluvialis y el residuo de H. pluvialis previenen el daño hepático asociado al envejecimiento modulando la microbiota intestinal y sus metabolitos (SCFAs, LPS) a través del eje intestino-hígado.",residuo de biomasa tras la extracción de astaxantina,Haematococcus pluvialis,"Zhang et al., 2024",Extracto de Haematococcus pluvialis: residuo de biomasa tras la extracción de astaxantina. Dosis: NO VERIFICADO; vía NO VERIFICADO; duración NO VERIFICADO,D-galactose-induced aging mice; matriz: heces (fecal); NO VERIFICADO,"Aumenta (genero), frente a residuo de H. pluvialis respecto del grupo de referencia (implícitamente ratones envejecidos)",resumen,*Rikenellaceae_RC9_gut_group*,1
38692895,Streptococcus,genero,aumenta,residuo de H. pluvialis respecto del grupo de referencia (implícitamente ratones envejecidos),"H. pluvialis residue group displayed higher relative levels of Bacteroidetes, Streptococcus, and Rikenellaceae_RC9_gut_group (p < 0.05).",True,Haematococcus pluvialis,extracto,residuo de biomasa tras la extracción de astaxantina,NO VERIFICADO,NO VERIFICADO,NO VERIFICADO,D-galactose-induced aging mice,heces (fecal),NO VERIFICADO,"Los autores concluyen que astaxantina, H. pluvialis y el residuo de H. pluvialis previenen el daño hepático asociado al envejecimiento modulando la microbiota intestinal y sus metabolitos (SCFAs, LPS) a través del eje intestino-hígado.",residuo de biomasa tras la extracción de astaxantina,Haematococcus pluvialis,"Zhang et al., 2024",Extracto de Haematococcus pluvialis: residuo de biomasa tras la extracción de astaxantina. Dosis: NO VERIFICADO; vía NO VERIFICADO; duración NO VERIFICADO,D-galactose-induced aging mice; matriz: heces (fecal); NO VERIFICADO,"Aumenta (genero), frente a residuo de H. pluvialis respecto del grupo de referencia (implícitamente ratones envejecidos)",resumen,*Streptococcus*,1
38692895,norank_f__norank_o__Clostridia_UCG-014,familia,aumenta,astaxantina respecto de ratones envejecidos por D-galactosa,"astaxanthin notably increased fecal levels of Bacteroidetes, unclassified_f__ Lachnospiraceae, norank_f__Lachnospiraceae, norank_f__norank_o__Clostridia_UCG-014, Prevotellaceae_ UCG-001, unclassified_f__Prevotellaceae",True,Haematococcus pluvialis,extracto,"astaxantina (y, de forma comparativa, biomasa entera de H. pluvialis y residuo de H. pluvialis tras la extracción de astaxantina)",NO VERIFICADO,NO VERIFICADO,NO VERIFICADO,D-galactose-induced aging mice,heces (fecal),NO VERIFICADO,"Los autores concluyen que astaxantina, H. pluvialis y el residuo de H. pluvialis previenen el daño hepático asociado al envejecimiento modulando la microbiota intestinal y sus metabolitos (SCFAs, LPS) a través del eje intestino-hígado.",astaxantina (pigmento carotenoide),Haematococcus pluvialis,"Zhang et al., 2024",Extracto de Haematococcus pluvialis: astaxantina (pigmento carotenoide). Dosis: NO VERIFICADO; vía NO VERIFICADO; duración NO VERIFICADO,D-galactose-induced aging mice; matriz: heces (fecal); NO VERIFICADO,"Aumenta (familia), frente a astaxantina respecto de ratones envejecidos por D-galactosa",resumen,*norank_f__norank_o__Clostridia_UCG-014*,1
38692895,unclassified_f__Lachnospiraceae,familia,aumenta,astaxantina respecto de ratones envejecidos por D-galactosa,"astaxanthin notably increased fecal levels of Bacteroidetes, unclassified_f__ Lachnospiraceae, norank_f__Lachnospiraceae, norank_f__norank_o__Clostridia_UCG-014, Prevotellaceae_ UCG-001, unclassified_f__Prevotellaceae",True,Haematococcus pluvialis,extracto,"astaxantina (y, de forma comparativa, biomasa entera de H. pluvialis y residuo de H. pluvialis tras la extracción de astaxantina)",NO VERIFICADO,NO VERIFICADO,NO VERIFICADO,D-galactose-induced aging mice,heces (fecal),NO VERIFICADO,"Los autores concluyen que astaxantina, H. pluvialis y el residuo de H. pluvialis previenen el daño hepático asociado al envejecimiento modulando la microbiota intestinal y sus metabolitos (SCFAs, LPS) a través del eje intestino-hígado.",astaxantina (pigmento carotenoide),Haematococcus pluvialis,"Zhang et al., 2024",Extracto de Haematococcus pluvialis: astaxantina (pigmento carotenoide). Dosis: NO VERIFICADO; vía NO VERIFICADO; duración NO VERIFICADO,D-galactose-induced aging mice; matriz: heces (fecal); NO VERIFICADO,"Aumenta (familia), frente a astaxantina respecto de ratones envejecidos por D-galactosa",resumen,*unclassified_f__Lachnospiraceae*,1
40441573,Akkermansiaceae,familia,aumenta,grupo DSS (modelo de colitis) sin tratamiento con PTPs,"The abundance of Akkermansiaceae, Lactobacillaceae, and Muribaculum tended to increase, while that of Erysipelotrichaceae and Prevotellaceae tended to decrease.",True,Phaeodactylum tricornutum,extracto,polisacarido,NO VERIFICADO,NO VERIFICADO,NO VERIFICADO,mice with dextran sulfate sodium (DSS)-induced colitis,NO VERIFICADO,NO VERIFICADO,"PTPs ameliorated intestinal dysbiosis and immune dysfunction in colitis, supporting their potential as therapeutic agents for UC.",polisacárido,Phaeodactylum tricornutum,"Ye et al., 2025",Extracto de Phaeodactylum tricornutum: polisacárido. Dosis: NO VERIFICADO; vía NO VERIFICADO; duración NO VERIFICADO,mice with dextran sulfate sodium (DSS)-induced colitis; matriz: NO VERIFICADO; NO VERIFICADO,"Aumenta (familia), frente a grupo DSS (modelo de colitis) sin tratamiento con PTPs",resumen,*Akkermansiaceae*,1
40441573,Erysipelotrichaceae,familia,disminuye,grupo DSS (modelo de colitis) sin tratamiento con PTPs,"The abundance of Akkermansiaceae, Lactobacillaceae, and Muribaculum tended to increase, while that of Erysipelotrichaceae and Prevotellaceae tended to decrease.",True,Phaeodactylum tricornutum,extracto,polisacarido,NO VERIFICADO,NO VERIFICADO,NO VERIFICADO,mice with dextran sulfate sodium (DSS)-induced colitis,NO VERIFICADO,NO VERIFICADO,"PTPs ameliorated intestinal dysbiosis and immune dysfunction in colitis, supporting their potential as therapeutic agents for UC.",polisacárido,Phaeodactylum tricornutum,"Ye et al., 2025",Extracto de Phaeodactylum tricornutum: polisacárido. Dosis: NO VERIFICADO; vía NO VERIFICADO; duración NO VERIFICADO,mice with dextran sulfate sodium (DSS)-induced colitis; matriz: NO VERIFICADO; NO VERIFICADO,"Disminuye (familia), frente a grupo DSS (modelo de colitis) sin tratamiento con PTPs",resumen,*Erysipelotrichaceae*,1
40441573,Lactobacillaceae,familia,aumenta,grupo DSS (modelo de colitis) sin tratamiento con PTPs,"The abundance of Akkermansiaceae, Lactobacillaceae, and Muribaculum tended to increase, while that of Erysipelotrichaceae and Prevotellaceae tended to decrease.",True,Phaeodactylum tricornutum,extracto,polisacarido,NO VERIFICADO,NO VERIFICADO,NO VERIFICADO,mice with dextran sulfate sodium (DSS)-induced colitis,NO VERIFICADO,NO VERIFICADO,"PTPs ameliorated intestinal dysbiosis and immune dysfunction in colitis, supporting their potential as therapeutic agents for UC.",polisacárido,Phaeodactylum tricornutum,"Ye et al., 2025",Extracto de Phaeodactylum tricornutum: polisacárido. Dosis: NO VERIFICADO; vía NO VERIFICADO; duración NO VERIFICADO,mice with dextran sulfate sodium (DSS)-induced colitis; matriz: NO VERIFICADO; NO VERIFICADO,"Aumenta (familia), frente a grupo DSS (modelo de colitis) sin tratamiento con PTPs",resumen,*Lactobacillaceae*,1
40441573,Muribaculum,genero,aumenta,grupo DSS (modelo de colitis) sin tratamiento con PTPs,"The abundance of Akkermansiaceae, Lactobacillaceae, and Muribaculum tended to increase, while that of Erysipelotrichaceae and Prevotellaceae tended to decrease.",True,Phaeodactylum tricornutum,extracto,polisacarido,NO VERIFICADO,NO VERIFICADO,NO VERIFICADO,mice with dextran sulfate sodium (DSS)-induced colitis,NO VERIFICADO,NO VERIFICADO,"PTPs ameliorated intestinal dysbiosis and immune dysfunction in colitis, supporting their potential as therapeutic agents for UC.",polisacárido,Phaeodactylum tricornutum,"Ye et al., 2025",Extracto de Phaeodactylum tricornutum: polisacárido. Dosis: NO VERIFICADO; vía NO VERIFICADO; duración NO VERIFICADO,mice with dextran sulfate sodium (DSS)-induced colitis; matriz: NO VERIFICADO; NO VERIFICADO,"Aumenta (genero), frente a grupo DSS (modelo de colitis) sin tratamiento con PTPs",resumen,*Muribaculum*,1
40441573,Prevotellaceae,familia,disminuye,grupo DSS (modelo de colitis) sin tratamiento con PTPs,"The abundance of Akkermansiaceae, Lactobacillaceae, and Muribaculum tended to increase, while that of Erysipelotrichaceae and Prevotellaceae tended to decrease.",True,Phaeodactylum tricornutum,extracto,polisacarido,NO VERIFICADO,NO VERIFICADO,NO VERIFICADO,mice with dextran sulfate sodium (DSS)-induced colitis,NO VERIFICADO,NO VERIFICADO,"PTPs ameliorated intestinal dysbiosis and immune dysfunction in colitis, supporting their potential as therapeutic agents for UC.",polisacárido,Phaeodactylum tricornutum,"Ye et al., 2025",Extracto de Phaeodactylum tricornutum: polisacárido. Dosis: NO VERIFICADO; vía NO VERIFICADO; duración NO VERIFICADO,mice with dextran sulfate sodium (DSS)-induced colitis; matriz: NO VERIFICADO; NO VERIFICADO,"Disminuye (familia), frente a grupo DSS (modelo de colitis) sin tratamiento con PTPs",resumen,*Prevotellaceae*,1
36421064,Desulfovibrio,genero,disminuye,respecto del grupo con dieta alta en grasa (HFD),inhibits obesity-promoting Desulfovibrio and several pathogens,True,Schizochytrium sp.,extracto,aceite rico en n-3 (DHA),NO VERIFICADO,NO VERIFICADO,NO VERIFICADO,high-fat diet (HFD) induced obesity mouse model,NO VERIFICADO,NO VERIFICADO,"Los autores concluyen que SMO modula la microbiota intestinal aumentando bacterias beneficiosas productoras de SCFAs e inhibiendo Desulfovibrio y otros patogenos, restaurando la capacidad metabolica de la microbiota alterada por la dieta alta en grasa.",aceite rico en ácidos grasos n-3,Schizochytrium sp.,"Ran et al., 2022",Extracto de Schizochytrium sp.: aceite rico en ácidos grasos n-3. Dosis: NO VERIFICADO; vía NO VERIFICADO; duración NO VERIFICADO,high-fat diet (HFD) induced obesity mouse model; matriz: NO VERIFICADO; NO VERIFICADO,"Disminuye (genero), frente a respecto del grupo con dieta alta en grasa (HFD)",resumen,*Desulfovibrio*,1
36726819,Firmicutes,filo,aumenta,"grupo YE (comparado con otros grupos, no se especifica cual en esta frase)","The abundance of Firmicutes was increased in YE mice, while it did not change in RSM mice.",True,Schizochytrium sp.,extracto,aceite rico en n-3,NO VERIFICADO,gavaje oral,NO VERIFICADO,36 ratones machos C57BL/6 con disbacteriosis intestinal inducida por el antibiotico Ceftriaxona sodica (CS),heces,secuenciacion del gen 16S rRNA (region V3-V4) mediante plataforma Illumina HiSeq,Los autores concluyen que la suplementacion con aceite de microalga (YE o RSM) alivia la inflamacion intestinal inducida por antibiotico al regular la microbiota intestinal y ejercer un efecto protector sobre la barrera intestinal.,aceite rico en ácidos grasos n-3,Schizochytrium sp.,"Zhang et al., 2023",Extracto de Schizochytrium sp.: aceite rico en ácidos grasos n-3. Dosis: NO VERIFICADO; vía gavaje oral; duración NO VERIFICADO,36 ratones machos C57BL/6 con disbacteriosis intestinal inducida por el antibiotico Ceftriaxona sodica (CS); matriz: heces; secuenciacion del gen 16S rRNA (region V3-V4) mediante plataforma Illumina HiSeq,"Aumenta (filo), frente a grupo YE (comparado con otros grupos, no se especifica cual en esta frase)",texto completo (acceso abierto),*Firmicutes*,1
36726819,Lachnospiraceae,familia,aumenta,aceite YE respecto al grupo CS,"Furthermore, YE algal oil promoted the beneficial intestinal bacteria such as Lachnospiraceae and S24_7 compared with the CS group",True,Schizochytrium sp.,extracto,aceite rico en n-3,NO VERIFICADO,gavaje oral,NO VERIFICADO,36 ratones machos C57BL/6 con disbacteriosis intestinal inducida por el antibiotico Ceftriaxona sodica (CS),heces,secuenciacion del gen 16S rRNA (region V3-V4) mediante plataforma Illumina HiSeq,Los autores concluyen que la suplementacion con aceite de microalga (YE o RSM) alivia la inflamacion intestinal inducida por antibiotico al regular la microbiota intestinal y ejercer un efecto protector sobre la barrera intestinal.,aceite rico en ácidos grasos n-3,Schizochytrium sp.,"Zhang et al., 2023",Extracto de Schizochytrium sp.: aceite rico en ácidos grasos n-3. Dosis: NO VERIFICADO; vía gavaje oral; duración NO VERIFICADO,36 ratones machos C57BL/6 con disbacteriosis intestinal inducida por el antibiotico Ceftriaxona sodica (CS); matriz: heces; secuenciacion del gen 16S rRNA (region V3-V4) mediante plataforma Illumina HiSeq,"Aumenta (familia), frente a aceite YE respecto al grupo CS",texto completo (acceso abierto),*Lachnospiraceae*,1
36726819,Parabacteroides,genero,no concluyente,"aumento atribuido al modelo con antibiotico (CS) respecto a NC, no a la intervencion con microalga","Compared with NC group, Parabacteroides and Enterococcus were increased in CS group ( P < 0.05)",True,Schizochytrium sp.,extracto,aceite rico en n-3,NO VERIFICADO,gavaje oral,NO VERIFICADO,36 ratones machos C57BL/6 con disbacteriosis intestinal inducida por el antibiotico Ceftriaxona sodica (CS),heces,secuenciacion del gen 16S rRNA (region V3-V4) mediante plataforma Illumina HiSeq,Los autores concluyen que la suplementacion con aceite de microalga (YE o RSM) alivia la inflamacion intestinal inducida por antibiotico al regular la microbiota intestinal y ejercer un efecto protector sobre la barrera intestinal.,aceite rico en ácidos grasos n-3,Schizochytrium sp.,"Zhang et al., 2023",Extracto de Schizochytrium sp.: aceite rico en ácidos grasos n-3. Dosis: NO VERIFICADO; vía gavaje oral; duración NO VERIFICADO,36 ratones machos C57BL/6 con disbacteriosis intestinal inducida por el antibiotico Ceftriaxona sodica (CS); matriz: heces; secuenciacion del gen 16S rRNA (region V3-V4) mediante plataforma Illumina HiSeq,"No concluyente (genero), frente a aumento atribuido al modelo con antibiotico (CS) respecto a NC, no a la intervencion con microalga",texto completo (acceso abierto),*Parabacteroides*,1
36726819,Porphyromonadaceae,familia,no concluyente,"enriquecido en el grupo CS (modelo con antibiotico), no por la intervencion con microalga","CS group has enriched the taxa of Parabacteroides and Porphyromonadaceae , YE group has enriched the taxa of Firmicutes , RSM group has no specific biomarkers.",True,Schizochytrium sp.,extracto,aceite rico en n-3,NO VERIFICADO,gavaje oral,NO VERIFICADO,36 ratones machos C57BL/6 con disbacteriosis intestinal inducida por el antibiotico Ceftriaxona sodica (CS),heces,secuenciacion del gen 16S rRNA (region V3-V4) mediante plataforma Illumina HiSeq,Los autores concluyen que la suplementacion con aceite de microalga (YE o RSM) alivia la inflamacion intestinal inducida por antibiotico al regular la microbiota intestinal y ejercer un efecto protector sobre la barrera intestinal.,aceite rico en ácidos grasos n-3,Schizochytrium sp.,"Zhang et al., 2023",Extracto de Schizochytrium sp.: aceite rico en ácidos grasos n-3. Dosis: NO VERIFICADO; vía gavaje oral; duración NO VERIFICADO,36 ratones machos C57BL/6 con disbacteriosis intestinal inducida por el antibiotico Ceftriaxona sodica (CS); matriz: heces; secuenciacion del gen 16S rRNA (region V3-V4) mediante plataforma Illumina HiSeq,"No concluyente (familia), frente a enriquecido en el grupo CS (modelo con antibiotico), no por la intervencion con microalga",texto completo (acceso abierto),*Porphyromonadaceae*,1
36726819,Robinsoniella,genero,aumenta,aceite RSM respecto al grupo CS,while supplementation with RSM algal oil enriched the Robinsoniella.,True,Schizochytrium sp.,extracto,aceite rico en n-3,NO VERIFICADO,gavaje oral,NO VERIFICADO,36 ratones machos C57BL/6 con disbacteriosis intestinal inducida por el antibiotico Ceftriaxona sodica (CS),heces,secuenciacion del gen 16S rRNA (region V3-V4) mediante plataforma Illumina HiSeq,Los autores concluyen que la suplementacion con aceite de microalga (YE o RSM) alivia la inflamacion intestinal inducida por antibiotico al regular la microbiota intestinal y ejercer un efecto protector sobre la barrera intestinal.,aceite rico en ácidos grasos n-3,Schizochytrium sp.,"Zhang et al., 2023",Extracto de Schizochytrium sp.: aceite rico en ácidos grasos n-3. Dosis: NO VERIFICADO; vía gavaje oral; duración NO VERIFICADO,36 ratones machos C57BL/6 con disbacteriosis intestinal inducida por el antibiotico Ceftriaxona sodica (CS); matriz: heces; secuenciacion del gen 16S rRNA (region V3-V4) mediante plataforma Illumina HiSeq,"Aumenta (genero), frente a aceite RSM respecto al grupo CS",texto completo (acceso abierto),*Robinsoniella*,1
36726819,S24_7,familia,aumenta,aceite YE respecto al grupo CS,"Furthermore, YE algal oil promoted the beneficial intestinal bacteria such as Lachnospiraceae and S24_7 compared with the CS group",True,Schizochytrium sp.,extracto,aceite rico en n-3,NO VERIFICADO,gavaje oral,NO VERIFICADO,36 ratones machos C57BL/6 con disbacteriosis intestinal inducida por el antibiotico Ceftriaxona sodica (CS),heces,secuenciacion del gen 16S rRNA (region V3-V4) mediante plataforma Illumina HiSeq,Los autores concluyen que la suplementacion con aceite de microalga (YE o RSM) alivia la inflamacion intestinal inducida por antibiotico al regular la microbiota intestinal y ejercer un efecto protector sobre la barrera intestinal.,aceite rico en ácidos grasos n-3,Schizochytrium sp.,"Zhang et al., 2023",Extracto de Schizochytrium sp.: aceite rico en ácidos grasos n-3. Dosis: NO VERIFICADO; vía gavaje oral; duración NO VERIFICADO,36 ratones machos C57BL/6 con disbacteriosis intestinal inducida por el antibiotico Ceftriaxona sodica (CS); matriz: heces; secuenciacion del gen 16S rRNA (region V3-V4) mediante plataforma Illumina HiSeq,"Aumenta (familia), frente a aceite YE respecto al grupo CS",texto completo (acceso abierto),*S24_7*,1
33391246,Bacteroidaceae,familia,aumenta,"enriquecido especificamente en el grupo DHA500 (analisis LEfSe) respecto de NC, DSS y DHA250",Bacteroidaceae and Bacteroides were enriched in the DHA500 group an,True,NO VERIFICADO,extracto,aceite rico en n-3,250 or 500 mg/kg/day,NO VERIFICADO,2 weeks,Male C57BL/6 mice with DSS-induced colitis (2.5% DSS),heces (microbiota) y contenido cecal (SCFAs),secuenciacion 16S rDNA (region V3-V4) y cromatografia de gases (SCFAs),"Los autores concluyen que el aceite de alga rico en DHA inhibe la progresion de la colitis inducida por DSS en ratones mediante la modulacion de la microbiota intestinal y sus metabolitos, y la reparacion de la barrera intestinal.",aceite rico en ácidos grasos n-3,microalga no especificada (aceite algal rico en DHA),"Xu et al., 2020",Extracto de microalga no especificada (aceite algal rico en DHA): aceite rico en ácidos grasos n-3. Dosis: 250 or 500 mg/kg/day; vía NO VERIFICADO; 2 weeks,Male C57BL/6 mice with DSS-induced colitis (2.5% DSS); matriz: heces (microbiota) y contenido cecal (SCFAs); secuenciacion 16S rDNA (region V3-V4) y cromatografia de gases (SCFAs),"Aumenta (familia), frente a enriquecido especificamente en el grupo DHA500 (analisis LEfSe) respecto de NC, DSS y DHA250",texto completo (acceso abierto),*Bacteroidaceae*,1
33391246,Bacteroides,genero,aumenta,"enriquecido especificamente en el grupo DHA500 (analisis LEfSe) respecto de NC, DSS y DHA250",Bacteroidaceae and Bacteroides were enriched in the DHA500 group an,True,NO VERIFICADO,extracto,aceite rico en n-3,250 or 500 mg/kg/day,NO VERIFICADO,2 weeks,Male C57BL/6 mice with DSS-induced colitis (2.5% DSS),heces (microbiota) y contenido cecal (SCFAs),secuenciacion 16S rDNA (region V3-V4) y cromatografia de gases (SCFAs),"Los autores concluyen que el aceite de alga rico en DHA inhibe la progresion de la colitis inducida por DSS en ratones mediante la modulacion de la microbiota intestinal y sus metabolitos, y la reparacion de la barrera intestinal.",aceite rico en ácidos grasos n-3,microalga no especificada (aceite algal rico en DHA),"Xu et al., 2020",Extracto de microalga no especificada (aceite algal rico en DHA): aceite rico en ácidos grasos n-3. Dosis: 250 or 500 mg/kg/day; vía NO VERIFICADO; 2 weeks,Male C57BL/6 mice with DSS-induced colitis (2.5% DSS); matriz: heces (microbiota) y contenido cecal (SCFAs); secuenciacion 16S rDNA (region V3-V4) y cromatografia de gases (SCFAs),"Aumenta (genero), frente a enriquecido especificamente en el grupo DHA500 (analisis LEfSe) respecto de NC, DSS y DHA250",texto completo (acceso abierto),*Bacteroides*,1
33391246,Clostridium,genero,disminuye,respecto del grupo DSS (colitis sin tratar),"Furthermore, supplementation of algal oil modulated the intestinal microbiota structure in DSS induced colitis mice by increasing the proportion of the unidentified_S24_7 and decreasing the relative abundance of unidentified_Ruminococcaceae , Clostridium and Roseburia .",True,NO VERIFICADO,extracto,aceite rico en n-3,250 or 500 mg/kg/day,NO VERIFICADO,2 weeks,Male C57BL/6 mice with DSS-induced colitis (2.5% DSS),heces (microbiota) y contenido cecal (SCFAs),secuenciacion 16S rDNA (region V3-V4) y cromatografia de gases (SCFAs),"Los autores concluyen que el aceite de alga rico en DHA inhibe la progresion de la colitis inducida por DSS en ratones mediante la modulacion de la microbiota intestinal y sus metabolitos, y la reparacion de la barrera intestinal.",aceite rico en ácidos grasos n-3,microalga no especificada (aceite algal rico en DHA),"Xu et al., 2020",Extracto de microalga no especificada (aceite algal rico en DHA): aceite rico en ácidos grasos n-3. Dosis: 250 or 500 mg/kg/day; vía NO VERIFICADO; 2 weeks,Male C57BL/6 mice with DSS-induced colitis (2.5% DSS); matriz: heces (microbiota) y contenido cecal (SCFAs); secuenciacion 16S rDNA (region V3-V4) y cromatografia de gases (SCFAs),"Disminuye (genero), frente a respecto del grupo DSS (colitis sin tratar)",texto completo (acceso abierto),*Clostridium*,1
33391246,Roseburia,genero,disminuye,respecto del grupo DSS (colitis sin tratar),"Furthermore, supplementation of algal oil modulated the intestinal microbiota structure in DSS induced colitis mice by increasing the proportion of the unidentified_S24_7 and decreasing the relative abundance of unidentified_Ruminococcaceae , Clostridium and Roseburia .",True,NO VERIFICADO,extracto,aceite rico en n-3,250 or 500 mg/kg/day,NO VERIFICADO,2 weeks,Male C57BL/6 mice with DSS-induced colitis (2.5% DSS),heces (microbiota) y contenido cecal (SCFAs),secuenciacion 16S rDNA (region V3-V4) y cromatografia de gases (SCFAs),"Los autores concluyen que el aceite de alga rico en DHA inhibe la progresion de la colitis inducida por DSS en ratones mediante la modulacion de la microbiota intestinal y sus metabolitos, y la reparacion de la barrera intestinal.",aceite rico en ácidos grasos n-3,microalga no especificada (aceite algal rico en DHA),"Xu et al., 2020",Extracto de microalga no especificada (aceite algal rico en DHA): aceite rico en ácidos grasos n-3. Dosis: 250 or 500 mg/kg/day; vía NO VERIFICADO; 2 weeks,Male C57BL/6 mice with DSS-induced colitis (2.5% DSS); matriz: heces (microbiota) y contenido cecal (SCFAs); secuenciacion 16S rDNA (region V3-V4) y cromatografia de gases (SCFAs),"Disminuye (genero), frente a respecto del grupo DSS (colitis sin tratar)",texto completo (acceso abierto),*Roseburia*,1
33391246,unclassified_Lachnospiraceae,familia,aumenta,respecto de los grupos NC y DSS,Algal oil administration significantly increased the relative abundance of unclassified_Lachnospiraceae when compared to NC or DSS groups.,True,NO VERIFICADO,extracto,aceite rico en n-3,250 or 500 mg/kg/day,NO VERIFICADO,2 weeks,Male C57BL/6 mice with DSS-induced colitis (2.5% DSS),heces (microbiota) y contenido cecal (SCFAs),secuenciacion 16S rDNA (region V3-V4) y cromatografia de gases (SCFAs),"Los autores concluyen que el aceite de alga rico en DHA inhibe la progresion de la colitis inducida por DSS en ratones mediante la modulacion de la microbiota intestinal y sus metabolitos, y la reparacion de la barrera intestinal.",aceite rico en ácidos grasos n-3,microalga no especificada (aceite algal rico en DHA),"Xu et al., 2020",Extracto de microalga no especificada (aceite algal rico en DHA): aceite rico en ácidos grasos n-3. Dosis: 250 or 500 mg/kg/day; vía NO VERIFICADO; 2 weeks,Male C57BL/6 mice with DSS-induced colitis (2.5% DSS); matriz: heces (microbiota) y contenido cecal (SCFAs); secuenciacion 16S rDNA (region V3-V4) y cromatografia de gases (SCFAs),"Aumenta (familia), frente a respecto de los grupos NC y DSS",texto completo (acceso abierto),*unclassified_Lachnospiraceae*,1
33391246,unidentified_Ruminococcaceae,familia,disminuye,respecto del grupo DSS (colitis sin tratar),"Furthermore, supplementation of algal oil modulated the intestinal microbiota structure in DSS induced colitis mice by increasing the proportion of the unidentified_S24_7 and decreasing the relative abundance of unidentified_Ruminococcaceae , Clostridium and Roseburia .",True,NO VERIFICADO,extracto,aceite rico en n-3,250 or 500 mg/kg/day,NO VERIFICADO,2 weeks,Male C57BL/6 mice with DSS-induced colitis (2.5% DSS),heces (microbiota) y contenido cecal (SCFAs),secuenciacion 16S rDNA (region V3-V4) y cromatografia de gases (SCFAs),"Los autores concluyen que el aceite de alga rico en DHA inhibe la progresion de la colitis inducida por DSS en ratones mediante la modulacion de la microbiota intestinal y sus metabolitos, y la reparacion de la barrera intestinal.",aceite rico en ácidos grasos n-3,microalga no especificada (aceite algal rico en DHA),"Xu et al., 2020",Extracto de microalga no especificada (aceite algal rico en DHA): aceite rico en ácidos grasos n-3. Dosis: 250 or 500 mg/kg/day; vía NO VERIFICADO; 2 weeks,Male C57BL/6 mice with DSS-induced colitis (2.5% DSS); matriz: heces (microbiota) y contenido cecal (SCFAs); secuenciacion 16S rDNA (region V3-V4) y cromatografia de gases (SCFAs),"Disminuye (familia), frente a respecto del grupo DSS (colitis sin tratar)",texto completo (acceso abierto),*unidentified_Ruminococcaceae*,1
33391246,unidentified_S24_7,familia,aumenta,respecto del grupo DSS (colitis sin tratar),"Furthermore, supplementation of algal oil modulated the intestinal microbiota structure in DSS induced colitis mice by increasing the proportion of the unidentified_S24_7 and decreasing the relative abundance of unidentified_Ruminococcaceae , Clostridium and Roseburia .",True,NO VERIFICADO,extracto,aceite rico en n-3,250 or 500 mg/kg/day,NO VERIFICADO,2 weeks,Male C57BL/6 mice with DSS-induced colitis (2.5% DSS),heces (microbiota) y contenido cecal (SCFAs),secuenciacion 16S rDNA (region V3-V4) y cromatografia de gases (SCFAs),"Los autores concluyen que el aceite de alga rico en DHA inhibe la progresion de la colitis inducida por DSS en ratones mediante la modulacion de la microbiota intestinal y sus metabolitos, y la reparacion de la barrera intestinal.",aceite rico en ácidos grasos n-3,microalga no especificada (aceite algal rico en DHA),"Xu et al., 2020",Extracto de microalga no especificada (aceite algal rico en DHA): aceite rico en ácidos grasos n-3. Dosis: 250 or 500 mg/kg/day; vía NO VERIFICADO; 2 weeks,Male C57BL/6 mice with DSS-induced colitis (2.5% DSS); matriz: heces (microbiota) y contenido cecal (SCFAs); secuenciacion 16S rDNA (region V3-V4) y cromatografia de gases (SCFAs),"Aumenta (familia), frente a respecto del grupo DSS (colitis sin tratar)",texto completo (acceso abierto),*unidentified_S24_7*,1
42228350,Bifidobacterium,genero,aumenta,respecto del grupo con dieta alta en grasa,"Microbiome analysis revealed selective changes in gut microbial composition, including enrichment of Lactobacillus and Bifidobacterium and reduction of high-fat diet-associated taxa such as Clostridium and Ruminococcus.",True,NO VERIFICADO,extracto,aceite rico en n-3,NO VERIFICADO,daily oral administration,8 weeks,high-fat diet-induced mouse model,NO VERIFICADO,16S rRNA sequencing,"These findings indicate that DHA-rich microalgae oil supplementation is associated with improvements in hepatic lipid metabolism and gut microbiota composition in this model, without implying a direct causal mechanism.",aceite rico en ácidos grasos n-3,microalga no especificada (aceite de microalga),"Wang et al., 2026",Extracto de microalga no especificada (aceite de microalga): aceite rico en ácidos grasos n-3. Dosis: NO VERIFICADO; vía daily oral administration; 8 weeks,high-fat diet-induced mouse model; matriz: NO VERIFICADO; 16S rRNA sequencing,"Aumenta (genero), frente a respecto del grupo con dieta alta en grasa",resumen,*Bifidobacterium*,1
42228350,Clostridium,genero,disminuye,"taxon asociado a dieta alta en grasa, reducido respecto de ese grupo","Microbiome analysis revealed selective changes in gut microbial composition, including enrichment of Lactobacillus and Bifidobacterium and reduction of high-fat diet-associated taxa such as Clostridium and Ruminococcus.",True,NO VERIFICADO,extracto,aceite rico en n-3,NO VERIFICADO,daily oral administration,8 weeks,high-fat diet-induced mouse model,NO VERIFICADO,16S rRNA sequencing,"These findings indicate that DHA-rich microalgae oil supplementation is associated with improvements in hepatic lipid metabolism and gut microbiota composition in this model, without implying a direct causal mechanism.",aceite rico en ácidos grasos n-3,microalga no especificada (aceite de microalga),"Wang et al., 2026",Extracto de microalga no especificada (aceite de microalga): aceite rico en ácidos grasos n-3. Dosis: NO VERIFICADO; vía daily oral administration; 8 weeks,high-fat diet-induced mouse model; matriz: NO VERIFICADO; 16S rRNA sequencing,"Disminuye (genero), frente a taxon asociado a dieta alta en grasa, reducido respecto de ese grupo",resumen,*Clostridium*,1
42228350,Lactobacillus,genero,aumenta,respecto del grupo con dieta alta en grasa,"Microbiome analysis revealed selective changes in gut microbial composition, including enrichment of Lactobacillus and Bifidobacterium and reduction of high-fat diet-associated taxa such as Clostridium and Ruminococcus.",True,NO VERIFICADO,extracto,aceite rico en n-3,NO VERIFICADO,daily oral administration,8 weeks,high-fat diet-induced mouse model,NO VERIFICADO,16S rRNA sequencing,"These findings indicate that DHA-rich microalgae oil supplementation is associated with improvements in hepatic lipid metabolism and gut microbiota composition in this model, without implying a direct causal mechanism.",aceite rico en ácidos grasos n-3,microalga no especificada (aceite de microalga),"Wang et al., 2026",Extracto de microalga no especificada (aceite de microalga): aceite rico en ácidos grasos n-3. Dosis: NO VERIFICADO; vía daily oral administration; 8 weeks,high-fat diet-induced mouse model; matriz: NO VERIFICADO; 16S rRNA sequencing,"Aumenta (genero), frente a respecto del grupo con dieta alta en grasa",resumen,*Lactobacillus*,1
42228350,Ruminococcus,genero,disminuye,"taxon asociado a dieta alta en grasa, reducido respecto de ese grupo","Microbiome analysis revealed selective changes in gut microbial composition, including enrichment of Lactobacillus and Bifidobacterium and reduction of high-fat diet-associated taxa such as Clostridium and Ruminococcus.",True,NO VERIFICADO,extracto,aceite rico en n-3,NO VERIFICADO,daily oral administration,8 weeks,high-fat diet-induced mouse model,NO VERIFICADO,16S rRNA sequencing,"These findings indicate that DHA-rich microalgae oil supplementation is associated with improvements in hepatic lipid metabolism and gut microbiota composition in this model, without implying a direct causal mechanism.",aceite rico en ácidos grasos n-3,microalga no especificada (aceite de microalga),"Wang et al., 2026",Extracto de microalga no especificada (aceite de microalga): aceite rico en ácidos grasos n-3. Dosis: NO VERIFICADO; vía daily oral administration; 8 weeks,high-fat diet-induced mouse model; matriz: NO VERIFICADO; 16S rRNA sequencing,"Disminuye (genero), frente a taxon asociado a dieta alta en grasa, reducido respecto de ese grupo",resumen,*Ruminococcus*,1
35036426,Lactobacillus reuteri,especie,no concluyente,grupo de dieta enriquecida con EPA/DHA de microalga; no se compara explicitamente con el grupo control en esta frase,"In the enriched diet group, only Lactobacillus reuteri was found.",True,NO VERIFICADO,extracto,aceite rico en n-3,"2.0% more n-3 fatty acids, 10 times more than the content of the normal diet",oral,8 weeks,db/db mice (modelo de diabetes tipo 2),microbiota intestinal (intestino delgado),"cultivo dependiente, PCR-RFLP y secuenciacion del gen 16S rRNA","EPA/DHA derived from microalgae contributes to improving the systemic inflammatory status, but depressed the diversity of the small intestine microbiota.",aceite rico en ácidos grasos n-3,microalga no especificada (aceite rico en EPA y DHA),"Martínez-Carrillo et al., 2022","Extracto de microalga no especificada (aceite rico en EPA y DHA): aceite rico en ácidos grasos n-3. Dosis: 2.0% more n-3 fatty acids, 10 times more than the content of the normal diet; vía oral; 8 weeks","db/db mice (modelo de diabetes tipo 2); matriz: microbiota intestinal (intestino delgado); cultivo dependiente, PCR-RFLP y secuenciacion del gen 16S rRNA","No concluyente (especie), frente a grupo de dieta enriquecida con EPA/DHA de microalga; no se compara explicitamente con el grupo control en esta frase",texto completo (acceso abierto),*Lactobacillus reuteri*,1
