Feature ID	Taxon	Confidence
2e398b8d21dc0766b2cf014de5f215f9	d__Bacteria;p__Bacillota;c__Bacilli;o__Lactobacillales;f__Lactobacillaceae;g__Ligilactobacillus	0.9999997914314567
1330c35f7c38f56551b05ada1a7da6e7	d__Bacteria;p__Bacteroidota;c__Bacteroidia;o__Bacteroidales;f__Prevotellaceae;g__Prevotellaceae_UCG-001	0.8807338917598152
afab1462b4f3b15ed878a51b6bb3cdfe	d__Bacteria;p__Bacteroidota;c__Bacteroidia;o__Bacteroidales;f__Muribaculaceae;g__Incertae_Sedis	0.9999999996538804
60c40b9bc810c38359350c6bdea91ae9	d__Bacteria;p__Bacteroidota;c__Bacteroidia;o__Bacteroidales;f__Prevotellaceae;g__Prevotellaceae_UCG-003	0.9999999906550556
244bee25b63f157f89f1e97e608f5c47	d__Bacteria;p__Bacillota;c__Bacilli;o__Lactobacillales;f__Lactobacillaceae;g__Lactobacillus	0.9999973748069305
36c8dcfc46a8aac1c7249c08aadc123d	d__Bacteria;p__Campylobacterota;c__Campylobacteria;o__Campylobacterales;f__Helicobacteraceae;g__Helicobacter	0.9999999978770973
863baabe1481f5f03d1272ce4b32bbcc	d__Bacteria;p__Bacillota;c__Bacilli;o__Lactobacillales;f__Streptococcaceae;g__Streptococcus	0.9999952921655765
66b524b8660deb0800e28574436870b0	d__Bacteria;p__Bacillota;c__Negativicutes;o__Acidaminococcales;f__Acidaminococcaceae;g__Phascolarctobacterium	0.9999999999789964
b46b2b35f25cac522efda0e9fb00b697	d__Bacteria;p__Bacteroidota;c__Bacteroidia;o__Bacteroidales;f__Bacteroidaceae;g__Bacteroides	0.9999999867175405
9bfa72ac90cb50591ae9d80b0f2d07dc	d__Bacteria;p__Bacillota;c__Bacilli;o__Erysipelotrichales;f__Erysipelotrichaceae;g__Dubosiella	0.9999999976982963
2f4a2b08eec8d8d5f66dc0d20552881f	d__Bacteria;p__Pseudomonadota;c__Gammaproteobacteria;o__Enterobacterales;f__Enterobacteriaceae;g__Escherichia-Shigella	0.9997831980409339
b84809266b4ff057f242667976547e47	d__Bacteria;p__Deferribacterota;c__Deferribacteres;o__Deferribacterales;f__Deferribacteraceae;g__Mucispirillum	1.0
b803764a3bf4c19193100cbe10778b1b	d__Bacteria;p__Bacillota;c__Bacilli;o__Lactobacillales;f__Lactobacillaceae;g__Lactobacillus	0.9107455046210632
23fc67989f62b3b996f1fbc348c9d810	d__Bacteria;p__Bacillota;c__Bacilli;o__Lactobacillales;f__Lactobacillaceae;g__Lactobacillus	0.8507977030826485
0d427f17f664e881d2e4b4056dfaeca3	d__Bacteria;p__Bacteroidota;c__Bacteroidia;o__Bacteroidales;f__Muribaculaceae;g__Incertae_Sedis	0.9999999995927169
32edefc26733fd55df3878268c8059fa	d__Bacteria;p__Bacillota;c__Clostridia;o__Oscillospirales;f__Ruminococcaceae;g__Incertae_Sedis	0.885563986142499
e6d52dd044ee3abab50f030bd74627dc	d__Bacteria;p__Bacteroidota;c__Bacteroidia;o__Bacteroidales;f__Muribaculaceae;g__Incertae_Sedis	0.9999999524508507
a9c2e18cb30782759f92fa635a1b6046	d__Bacteria;p__Bacteroidota;c__Bacteroidia;o__Bacteroidales;f__Muribaculaceae;g__Incertae_Sedis	0.9999996289287885
602258d25938d2cc6f54cdb7ee671c0d	d__Bacteria;p__Bacteroidota;c__Bacteroidia;o__Bacteroidales;f__Bacteroidaceae;g__Bacteroides	0.9999999582625785
d0fa6bcedb2e6eebd8ffc454e4ee7295	d__Bacteria;p__Bacillota;c__Bacilli;o__Erysipelotrichales;f__Erysipelatoclostridiaceae;g__Thomasclavelia	0.999999789439209
423be4776c71c8d68b7bb6c15ebcf308	d__Bacteria;p__Bacillota;c__Clostridia;o__Lachnospirales;f__Lachnospiraceae;g__Lachnospiraceae_NK4A136_group	0.9134681190509347
eef18a28c265fa421ea50d65a5b5aea6	d__Bacteria;p__Bacillota;c__Clostridia;o__Lachnospirales;f__Lachnospiraceae;g__Lachnospiraceae_NK4A136_group	0.9339281016072998
415018a6c07ba447531a746d881dfdb7	d__Bacteria;p__Bacillota;c__Bacilli;o__Lactobacillales;f__Streptococcaceae;g__Streptococcus	0.9999554081693957
14c507d74d01a0ba0bd54e1fff0da8d2	d__Bacteria;p__Bacteroidota;c__Bacteroidia;o__Bacteroidales;f__Prevotellaceae;g__Incertae_Sedis	0.9999908920016872
ff6ec29bfccea6967c5f2f01cdedfafe	d__Bacteria;p__Bacteroidota;c__Bacteroidia;o__Bacteroidales;f__Muribaculaceae;g__Incertae_Sedis	0.99999996346395
8aa80d03ac0336b0e46151ac4f647762	d__Bacteria;p__Pseudomonadota;c__Alphaproteobacteria;o__Rickettsiales;f__Mitochondria;g__Incertae_Sedis	0.986332194469882
7ac33c05ad84021985e552b46f46b74a	d__Bacteria;p__Bacteroidota;c__Bacteroidia;o__Bacteroidales;f__Bacteroidaceae;g__Bacteroides	0.999998978387008
8d863c92dcc351b0bbd32a4c166ea95f	d__Bacteria;p__Bacteroidota;c__Bacteroidia;o__Bacteroidales;f__Rikenellaceae;g__Rikenella	0.993943598167755
ed0c4b7b41124a645973e748623c25a7	d__Bacteria;p__Bacteroidota;c__Bacteroidia;o__Bacteroidales;f__Muribaculaceae;g__Incertae_Sedis	0.999999989311192
044a10382b8ac1065bdc65d732616207	d__Bacteria;p__Pseudomonadota;c__Gammaproteobacteria;o__Burkholderiales;f__Sutterellaceae;g__Turicimonas	0.9999999905370771
34272e5acf8bda74002ed691482dd980	d__Bacteria;p__Bacillota;c__Bacilli;o__Lactobacillales;f__Lactobacillaceae;g__HT002	0.7982233109011833
98d02e0d9809b4abc279ffddec145f67	d__Bacteria;p__Bacillota;c__Bacilli;o__Erysipelotrichales;f__Erysipelotrichaceae;g__Allobaculum	0.9999999999988063
6131259822874cee5e619061a12ddbf0	d__Bacteria;p__Bacillota;c__Clostridia;o__Lachnospirales;f__Lachnospiraceae;g__Lachnospiraceae_NK4A136_group	0.9868195941565221
d09435bc3bb729fdc18195545749f88a	d__Bacteria;p__Bacillota;c__Clostridia;o__Lachnospirales;f__Lachnospiraceae	0.9999988577234737
182f487fe1f089d4216c8a46824fd93d	d__Bacteria;p__Bacteroidota;c__Bacteroidia;o__Bacteroidales;f__Muribaculaceae;g__Incertae_Sedis	0.9999999968587758
e20310edcfc878abd71588ae962a1ca5	d__Bacteria;p__Bacteroidota;c__Bacteroidia;o__Bacteroidales;f__Prevotellaceae;g__Incertae_Sedis	0.9999998704650834
33b00b6ee5cda4c133b32a0aac3ae8fd	d__Bacteria;p__Bacteroidota;c__Bacteroidia;o__Bacteroidales;f__Muribaculaceae;g__Incertae_Sedis	0.9999999995998223
5640b7ab1d379ea98d622aecd75f449c	d__Bacteria;p__Campylobacterota;c__Campylobacteria;o__Campylobacterales;f__Helicobacteraceae;g__Helicobacter	0.999999999420794
c12283118229c05a7c2bb0ed02ee38d2	d__Bacteria;p__Bacillota;c__Bacilli;o__Erysipelotrichales;f__Erysipelotrichaceae;g__Dubosiella	0.9999992223873061
5310ddb08945dda84d6390ec6118e5df	d__Bacteria;p__Bacillota;c__Clostridia;o__Lachnospirales;f__Lachnospiraceae;g__Lachnospiraceae_NK4A136_group	0.9426278282864302
f93b41f0ebcadb12d1f08c7842fa5292	d__Bacteria;p__Bacteroidota;c__Bacteroidia;o__Bacteroidales;f__Tannerellaceae;g__Parabacteroides	0.9998050938139962
60ad690613589cad95c200968df41bb5	d__Bacteria;p__Bacteroidota;c__Bacteroidia;o__Bacteroidales;f__Bacteroidaceae;g__Bacteroides	0.9999999843635125
f91de93a2a6c016c964ba9583e72190c	d__Bacteria;p__Bacteroidota;c__Bacteroidia;o__Bacteroidales;f__Bacteroidaceae;g__Bacteroides	0.9999999946566049
b529cd5d36d3ce7d5ea4d1d9d5dfc622	d__Bacteria;p__Bacteroidota;c__Bacteroidia;o__Bacteroidales;f__Muribaculaceae;g__Incertae_Sedis	0.9999992076365074
2e63e9c6472d2d7414aad81b6af1f0e0	d__Bacteria;p__Bacteroidota;c__Bacteroidia;o__Bacteroidales;f__Muribaculaceae;g__Incertae_Sedis	0.9999997939657347
9f5f815ff995748c47070f05d8d74dd0	d__Bacteria;p__Bacteroidota;c__Bacteroidia;o__Bacteroidales;f__Tannerellaceae;g__Parabacteroides	0.9999999997140208
c887147e3eaf62e26d0ef08d24ae29e8	d__Bacteria;p__Bacillota;c__Clostridia;o__Lachnospirales;f__Lachnospiraceae;g__Lachnospiraceae_NK4A136_group	0.9672341870537711
935b0d4ed5d44c3e491049be66e66f07	d__Bacteria;p__Bacillota;c__Bacilli;o__Erysipelotrichales;f__Erysipelotrichaceae;g__Allobaculum	0.9999999999992326
4a14d360a9c0e40484e4dac1bf6bf47b	d__Bacteria;p__Thermodesulfobacteriota;c__Desulfovibrionia;o__Desulfovibrionales;f__Desulfovibrionaceae;g__Incertae_Sedis	0.999998062635286
51e7e077736ea1ee37b0dbbfa86b2d21	d__Bacteria;p__Pseudomonadota;c__Gammaproteobacteria;o__Enterobacterales;f__Enterobacteriaceae;g__Escherichia-Shigella	0.9997812139029145
7e07410675d7fa462e7dfd2c816b9294	d__Bacteria;p__Bacteroidota;c__Bacteroidia;o__Bacteroidales;f__Muribaculaceae;g__Incertae_Sedis	0.9999991614386196
40772a92fae6089324f164e26398cc66	d__Bacteria;p__Bacteroidota;c__Bacteroidia;o__Bacteroidales;f__Muribaculaceae;g__Incertae_Sedis	0.9832152974582858
fd204f7a88e546b2288fb9b86489ba32	d__Bacteria;p__Bacteroidota;c__Bacteroidia;o__Bacteroidales;f__Bacteroidaceae;g__Bacteroides	0.9999999998933617
577246d9e9cbfda2669b4e3763a36ce7	d__Bacteria;p__Bacillota;c__Bacilli;o__Erysipelotrichales;f__Erysipelotrichaceae;g__Incertae_Sedis	0.9991305828714356
b83b3a1b4261bcf2878e7868924366a8	d__Bacteria;p__Actinomycetota;c__Coriobacteriia;o__Coriobacteriales;f__Atopobiaceae;g__Coriobacteriaceae_UCG-002	0.9531326110207715
038b2753f0493640a2a9cfc640c82ab4	d__Bacteria;p__Bacteroidota;c__Bacteroidia;o__Bacteroidales;f__Muribaculaceae;g__Incertae_Sedis	0.9999999796030468
580f01f58558341edb1adc6d898850b3	d__Bacteria;p__Bacteroidota;c__Bacteroidia;o__Bacteroidales;f__Bacteroidaceae;g__Bacteroides	0.9999999673622432
cc72bc9c2f8a6dcdb57100f8ae1f2a63	d__Bacteria;p__Bacteroidota;c__Bacteroidia;o__Bacteroidales;f__Prevotellaceae;g__Prevotellaceae_UCG-001	0.8863959873812307
8bcecfcbbe56c319b7884ef6b4617200	d__Bacteria;p__Bacillota;c__Clostridia;o__Lachnospirales;f__Lachnospiraceae;g__[Ruminococcus]_gnavus_group	0.9987980461197894
1da6701d0d973939b5399c634f6b1c01	d__Bacteria;p__Campylobacterota;c__Campylobacteria;o__Campylobacterales;f__Helicobacteraceae;g__Helicobacter	0.9999999997489226
39f9af1b5b8e05cf767cc8a573acf1dd	d__Bacteria;p__Bacillota;c__Bacilli;o__Mycoplasmatales;f__Mycoplasmataceae;g__Mycoplasma	0.9991911900569471
10091249ff9d178c3f2987bf233a9384	d__Bacteria;p__Pseudomonadota;c__Gammaproteobacteria;o__Burkholderiales;f__Sutterellaceae;g__Turicimonas	0.9999999812818887
13f19406ac38ca4e6c240c2eec9e7e30	d__Bacteria;p__Thermodesulfobacteriota;c__Desulfovibrionia;o__Desulfovibrionales;f__Desulfovibrionaceae;g__Desulfovibrio	0.993730612223583
f40c276593c3fa8990a5acb79344161d	d__Bacteria;p__Bacteroidota;c__Bacteroidia;o__Bacteroidales;f__Muribaculaceae;g__Incertae_Sedis	0.9999999572710871
7bacbbb857e769b47a0825324efc300e	d__Bacteria;p__Bacteroidota;c__Bacteroidia;o__Bacteroidales;f__Muribaculaceae;g__Incertae_Sedis	0.9999993490890078
ecd0eec5b27bd1557d7891242a118b2f	d__Bacteria;p__Bacteroidota;c__Bacteroidia;o__Bacteroidales;f__Muribaculaceae;g__Incertae_Sedis	0.9999996467212553
16dcd22b4c06a8691730ea8848b4375e	d__Bacteria;p__Bacteroidota;c__Bacteroidia;o__Bacteroidales;f__Muribaculaceae;g__Incertae_Sedis	0.9999989692587034
8dbb65f540cb1e43e65f374078b99d5b	d__Bacteria;p__Bacteroidota;c__Bacteroidia;o__Bacteroidales;f__Muribaculaceae;g__Incertae_Sedis	0.999999999415337
a16b7e8a81e567b732636de9fb93b4ee	d__Bacteria;p__Bacteroidota;c__Bacteroidia;o__Bacteroidales;f__Rikenellaceae;g__Rikenella	0.994979051616095
ca81c70583277ec337c1ad54a61492a1	d__Bacteria;p__Bacillota;c__Bacilli;o__Erysipelotrichales;f__Erysipelotrichaceae;g__Dubosiella	0.9999999954591203
5ae174e175aa27872fa3c5497550f2df	d__Bacteria;p__Bacillota;c__Clostridia;o__Lachnospirales;f__Lachnospiraceae;g__Lachnospiraceae_NK4A136_group	0.9582731610117992
9420ae61be6fb354669749d825c5437f	d__Bacteria;p__Bacteroidota;c__Bacteroidia;o__Bacteroidales;f__Muribaculaceae;g__Incertae_Sedis	0.9999999449882766
625da1cbb6d4506d7382eeec663f5425	d__Bacteria;p__Bacteroidota;c__Bacteroidia;o__Bacteroidales;f__Rikenellaceae;g__Rikenellaceae_RC9_gut_group	0.9999998515635976
4503e915027dbc514191455b074aedca	d__Bacteria;p__Bacteroidota;c__Bacteroidia;o__Bacteroidales;f__Muribaculaceae;g__Incertae_Sedis	0.9999999286636719
191bca7ba3d98899bc0037f6a2b82f1b	d__Bacteria;p__Bacteroidota;c__Bacteroidia;o__Bacteroidales;f__Muribaculaceae;g__Incertae_Sedis	0.99998485425998
c5f9da6eca223fa5441c6895e294cef7	d__Bacteria;p__Thermodesulfobacteriota;c__Desulfovibrionia;o__Desulfovibrionales;f__Desulfovibrionaceae;g__Incertae_Sedis	0.9999996699032726
3aa324222f8ba93b3e7263588f586d1c	d__Bacteria;p__Bacillota;c__Bacilli;o__Lactobacillales;f__Lactobacillaceae;g__Lactobacillus	0.9999612827166078
ea5155f4d84ca57b3074cc58bed3682c	d__Bacteria;p__Bacteroidota;c__Bacteroidia;o__Bacteroidales;f__Prevotellaceae;g__Paraprevotella	0.9637219121263748
06376bd58e034461292535056d63710f	d__Bacteria;p__Bacteroidota;c__Bacteroidia;o__Bacteroidales;f__Muribaculaceae;g__Incertae_Sedis	0.9999999996461781
793929587b93e71a3b11e9cd667bea5e	d__Bacteria;p__Bacillota;c__Clostridia;o__Lachnospirales;f__Lachnospiraceae;g__Lachnospiraceae_NK4A136_group	0.9973714394952756
87ae789391b72b41f5dadc2175d3cee9	d__Bacteria;p__Bacteroidota;c__Bacteroidia;o__Bacteroidales;f__Muribaculaceae;g__Incertae_Sedis	0.9999998295124474
b6b804323b11530a7bb8c25d42de7c58	d__Bacteria;p__Bacteroidota;c__Bacteroidia;o__Bacteroidales;f__Muribaculaceae;g__Incertae_Sedis	0.9999837918952483
5df5a6706181eacbf66e8357dbfee66a	d__Bacteria;p__Bacteroidota;c__Bacteroidia;o__Bacteroidales;f__Muribaculaceae;g__Incertae_Sedis	0.9999999846276638
c97425c8f1f9e56634ff4cc15359cb8b	d__Bacteria;p__Bacillota;c__Clostridia;o__Lachnospirales;f__Lachnospiraceae;g__Roseburia	0.8996126773688229
cddc5451b5adc4409f2016a894af58f3	d__Bacteria;p__Bacteroidota;c__Bacteroidia;o__Bacteroidales;f__Muribaculaceae;g__Incertae_Sedis	0.9999999993129904
38ab081ee38e634b89bb6eaaba005e48	d__Bacteria;p__Bacillota;c__Clostridia;o__Lachnospirales;f__Lachnospiraceae;g__Blautia	0.98292699967482
9e2eafbf21d4b5ab55acb41d181ce074	d__Bacteria;p__Bacteroidota;c__Bacteroidia;o__Bacteroidales;f__Marinifilaceae;g__Odoribacter	0.9999999999751026
f2be543c06f26f0f0f606d65032b5506	d__Bacteria;p__Bacillota;c__Clostridia;o__Lachnospirales;f__Lachnospiraceae;g__Lachnospiraceae_NK4A136_group	0.9587174886953861
1e7d34fb8a710e24e84097efe734e9c2	d__Bacteria;p__Bacteroidota;c__Bacteroidia;o__Bacteroidales;f__Muribaculaceae;g__Incertae_Sedis	0.9999999805109214
dc4dffa849c95dbee71df9bc9c23f37b	d__Bacteria;p__Bacteroidota;c__Bacteroidia;o__Bacteroidales;f__Muribaculaceae;g__Incertae_Sedis	0.9999999759548931
5d2992cce8bd34234b800c3273940d54	d__Bacteria;p__Bacillota;c__Clostridia;o__Lachnospirales;f__Lachnospiraceae;g__Butyribacter	0.9999974769787907
1dbff7619471e9f9d7ad16a9d2b69e5f	d__Bacteria;p__Bacteroidota;c__Bacteroidia;o__Bacteroidales;f__Muribaculaceae;g__Incertae_Sedis	0.9999997957861164
041c18a64c81c7c38ff4d8107c1ef363	d__Bacteria;p__Bacteroidota;c__Bacteroidia;o__Bacteroidales;f__Prevotellaceae;g__Incertae_Sedis	0.9999886010680504
f0dc4fcbd444fe4b1c703ca73013c6bc	d__Bacteria;p__Bacteroidota;c__Bacteroidia;o__Bacteroidales;f__Muribaculaceae;g__Incertae_Sedis	0.9999999995177689
6e08e66ce362c6306f921fe04e28b6aa	d__Bacteria;p__Bacillota;c__Clostridia;o__Lachnospirales;f__Lachnospiraceae;g__Lachnospiraceae_NK4A136_group	0.9318843697740133
682123539d1259eeb25c51d456109bd6	d__Bacteria;p__Bacillota;c__Clostridia;o__Lachnospirales;f__Lachnospiraceae	0.9999973490959859
b14ffe0d5f01d4815469d35ed25503c3	d__Bacteria;p__Actinomycetota;c__Actinobacteria;o__Bifidobacteriales;f__Bifidobacteriaceae;g__Bifidobacterium	0.9999999751694592
00cb73eb3d1ccd800aae1af2d715033d	d__Bacteria;p__Bacteroidota;c__Bacteroidia;o__Bacteroidales;f__Muribaculaceae;g__Incertae_Sedis	0.9999999994704467
ce04c001c6c43d28b5c17960d798d01d	d__Bacteria;p__Pseudomonadota;c__Gammaproteobacteria;o__Burkholderiales;f__Sutterellaceae;g__Parasutterella	0.9999954365658071
a4ddcca034d1e65562cb738425d5f56b	d__Bacteria;p__Bacillota;c__Bacilli;o__Lactobacillales;f__Lactobacillaceae;g__Ligilactobacillus	0.999999911440771
4db7b2e058aaf075f56662952b1e9b86	d__Bacteria;p__Bacillota;c__Bacilli;o__Erysipelotrichales;f__Erysipelotrichaceae;g__Allobaculum	0.999999999891628
b94fef15ef7c3be80c2c70fda07e7972	d__Bacteria;p__Bacillota;c__Clostridia;o__Lachnospirales;f__Lachnospiraceae	0.9999992303812266
b1d38a8bd6f9f89188acdf6af1caf481	d__Bacteria;p__Bacillota;c__Clostridia;o__Lachnospirales;f__Lachnospiraceae;g__Lachnospiraceae_NK4A136_group	0.9491176560814353
3d757c8c4b56f4b92ac3b809e1e83da3	d__Bacteria;p__Bacteroidota;c__Bacteroidia;o__Bacteroidales;f__Muribaculaceae;g__Incertae_Sedis	0.9999999864259906
18753a89247e8487a8d3a9a76f30afed	d__Bacteria;p__Bacillota;c__Bacilli;o__Erysipelotrichales;f__Erysipelotrichaceae;g__Dubosiella	0.99999999742829
950b3b00b5e8e278a0cd97c7698629cf	d__Bacteria;p__Bacillota;c__Clostridia;o__Oscillospirales;f__Ruminococcaceae;g__Anaerotruncus	0.9999961674532017
5dd6686078a097d4f8d5761a9e884a38	d__Bacteria;p__Pseudomonadota;c__Gammaproteobacteria;o__Burkholderiales;f__Sutterellaceae;g__Turicimonas	0.9999999999996305
3bee466e34d5904ab15480910983a253	d__Bacteria;p__Bacteroidota;c__Bacteroidia;o__Bacteroidales;f__Bacteroidaceae;g__Bacteroides	0.9999999998635474
6f60ee29db1c035d9b0f06b7d8021a6c	d__Bacteria;p__Bacillota;c__Clostridia;o__Lachnospirales;f__Lachnospiraceae;g__Incertae_Sedis	0.9380309228073755
e1dcc8867492ffa8fd361c70ee8979a3	d__Bacteria;p__Bacillota;c__Clostridia;o__Lachnospirales;f__Lachnospiraceae;g__Blautia	0.9370409534903901
55b8f708d3561852ca20801e513b08a7	d__Bacteria;p__Bacteroidota;c__Bacteroidia;o__Bacteroidales;f__Prevotellaceae;g__Prevotellaceae_UCG-001	0.9979826506252327
0617808c16ef1bf5c153ea4f2ae76b3e	d__Bacteria;p__Bacteroidota;c__Bacteroidia;o__Bacteroidales;f__Rikenellaceae;g__Rikenella	0.9999999991673292
e9f9bbedaf96a13e795931e721cf9704	d__Bacteria;p__Bacteroidota;c__Bacteroidia;o__Bacteroidales;f__Muribaculaceae;g__Incertae_Sedis	0.9999999778265194
0bfae938f837dd855a37afaa6e7129a5	d__Bacteria;p__Bacteroidota;c__Bacteroidia;o__Bacteroidales;f__Muribaculaceae;g__Incertae_Sedis	0.9999999771171135
8e87f46b490518f4ad2519c810015fc0	d__Bacteria;p__Bacteroidota;c__Bacteroidia;o__Bacteroidales;f__Bacteroidaceae;g__Bacteroides	0.999999997007393
f803c4896bb38a9d1604ebf48c31e754	d__Bacteria;p__Bacteroidota;c__Bacteroidia;o__Bacteroidales;f__Muribaculaceae;g__Incertae_Sedis	0.999999979823514
c30232feaa46f67631b9733898b790c4	d__Bacteria;p__Bacteroidota;c__Bacteroidia;o__Bacteroidales;f__Bacteroidaceae;g__Bacteroides	0.9999999997858708
852fc7c395a330fb82dbcc979eec9333	d__Bacteria;p__Bacteroidota;c__Bacteroidia;o__Bacteroidales;f__Muribaculaceae;g__Incertae_Sedis	0.999999962149986
b64ee2b262e8a9c37c24495d826b73b1	d__Bacteria;p__Bacteroidota;c__Bacteroidia;o__Bacteroidales;f__Muribaculaceae;g__Muribaculum	0.9999998823774445
5b515e9b6ee5e80f6343757850a563e5	d__Bacteria;p__Bacteroidota;c__Bacteroidia;o__Bacteroidales;f__Muribaculaceae;g__Incertae_Sedis	0.99999966054773
6468029ca7ea8331573c3d971530a7e5	d__Bacteria;p__Actinomycetota;c__Actinobacteria;o__Bifidobacteriales;f__Bifidobacteriaceae;g__Bifidobacterium	0.9999996049574164
46d700d29630fff9f212d647eeeff644	d__Bacteria;p__Bacteroidota;c__Bacteroidia;o__Bacteroidales;f__Muribaculaceae;g__Incertae_Sedis	0.9999999994882387
45d5fdec9ec18203440a1b5142163c5f	d__Bacteria;p__Bacteroidota;c__Bacteroidia;o__Bacteroidales;f__Muribaculaceae;g__Incertae_Sedis	0.9999999777619737
dc787169057fe02d0504740e85726c70	d__Bacteria;p__Bacillota;c__Clostridia;o__Lachnospirales;f__Lachnospiraceae;g__Lachnospiraceae_NK4A136_group	0.9877124419043566
092748fb6ed6e0ec5d92c0da92cadd28	d__Bacteria;p__Bacteroidota;c__Bacteroidia;o__Bacteroidales;f__Muribaculaceae;g__Incertae_Sedis	0.9999999768646719
e4f32cdc3407edb8423447421078fdae	d__Bacteria;p__Bacteroidota;c__Bacteroidia;o__Bacteroidales;f__Muribaculaceae;g__Incertae_Sedis	0.9999999988124841
8d1daf6fff07951d67c6e5c88bd98d5d	d__Bacteria;p__Bacteroidota;c__Bacteroidia;o__Bacteroidales;f__Muribaculaceae;g__Incertae_Sedis	0.9999999997027942
bae460ab85f73b84af5c675e895116bd	d__Bacteria;p__Bacteroidota;c__Bacteroidia;o__Bacteroidales;f__Muribaculaceae;g__Incertae_Sedis	0.9999996171450385
3334d8b8a8addc734db69eb2ae3fe48a	d__Bacteria;p__Bacteroidota;c__Bacteroidia;o__Bacteroidales;f__Muribaculaceae;g__Incertae_Sedis	0.9999999993850679
9374eb6d4d86f8145488b8b8f26ce060	d__Bacteria;p__Bacillota;c__Clostridia;o__Lachnospirales;f__Lachnospiraceae;g__Lachnospiraceae_NK4A136_group	0.9637729323966426
21685ddcb2d3944822146520bc3507e8	d__Bacteria;p__Bacillota;c__Bacilli;o__Lactobacillales;f__Lactobacillaceae;g__Lactobacillus	0.9999963271020057
e93de983537267546b5625de7959df37	d__Bacteria;p__Bacteroidota;c__Bacteroidia;o__Bacteroidales;f__Muribaculaceae;g__Incertae_Sedis	0.9999999966244104
389124a2018ff941e19877f4d41da6ad	d__Bacteria;p__Bacillota;c__Bacilli;o__Erysipelotrichales;f__Erysipelatoclostridiaceae;g__Longibaculum	0.9999992812607015
89fdfed0daa1852ef44dcff4d1090b31	d__Bacteria;p__Bacteroidota;c__Bacteroidia;o__Bacteroidales;f__Bacteroidaceae;g__Bacteroides	0.999999996680657
dadd1651be58a3209cd37c533118a53d	d__Bacteria;p__Bacteroidota;c__Bacteroidia;o__Bacteroidales;f__Muribaculaceae;g__Incertae_Sedis	0.9999999995933706
4246ed701744ca6421467d73dc745333	d__Bacteria;p__Bacillota;c__Bacilli;o__Erysipelotrichales;f__Erysipelatoclostridiaceae;g__Massiliomicrobiota	0.9999999808660223
d879b1b3393dbc4142bc603fa6af5b73	d__Bacteria;p__Bacteroidota;c__Bacteroidia;o__Bacteroidales;f__Muribaculaceae;g__Incertae_Sedis	0.9999999994230961
d1b4577a0a224146a0765cc86741369a	d__Bacteria;p__Bacillota;c__Clostridia;o__Lachnospirales;f__Lachnospiraceae	0.9999998360034417
ae9e9a8477e160c403db60d2359b876e	d__Bacteria;p__Pseudomonadota;c__Alphaproteobacteria;o__Rickettsiales;f__Mitochondria;g__Incertae_Sedis	0.9797086921471286
18de4756f5bfc71f4e738e925ff9e35f	d__Bacteria;p__Pseudomonadota;c__Gammaproteobacteria;o__Burkholderiales;f__Sutterellaceae;g__Turicimonas	0.9999999622914977
4982bbaf199abfd1057d12302f1c1321	d__Bacteria;p__Pseudomonadota;c__Gammaproteobacteria;o__Enterobacterales;f__Enterobacteriaceae;g__Escherichia-Shigella	0.9994821335965203
a4c1fe91e291702ef050976e0c21aa26	d__Bacteria;p__Bacteroidota;c__Bacteroidia;o__Bacteroidales;f__Muribaculaceae;g__Incertae_Sedis	0.999999981262363
fc4a0e66660dc441a3f94c540a3e339b	d__Bacteria;p__Bacillota;c__Clostridia;o__Lachnospirales;f__Lachnospiraceae	0.9999977558167878
1c5b84ffb9cfe1af95ac8a933c277b56	d__Bacteria;p__Bacteroidota;c__Bacteroidia;o__Bacteroidales;f__Muribaculaceae;g__Incertae_Sedis	0.9999986510080423
ba5bc2e392925112b94d6cffa20121e2	d__Bacteria;p__Bacillota;c__Bacilli;o__Erysipelotrichales;f__Erysipelotrichaceae;g__Dubosiella	0.9999999999498641
5019c542f0b9fd85d85f276ce3ef304d	d__Bacteria;p__Bacillota;c__Clostridia;o__Lachnospirales;f__Lachnospiraceae;g__Lachnospiraceae_NK4A136_group	0.9955430093472383
c4b26ba2d3d1b315e3b072e42ead3163	d__Bacteria;p__Bacillota;c__Bacilli;o__Lactobacillales;f__Lactobacillaceae	1.000000000000013
6aea702a96136a56a514a28bda106a4e	d__Bacteria;p__Bacteroidota;c__Bacteroidia;o__Bacteroidales;f__Muribaculaceae;g__Incertae_Sedis	0.9999999238866935
49d260db252da02ca4aa24e95e9f9ff1	d__Bacteria;p__Bacteroidota;c__Bacteroidia;o__Bacteroidales;f__Rikenellaceae;g__Rikenellaceae_RC9_gut_group	0.9999997443623598
2c17432d798fa5f411c6f3aa599d5816	d__Bacteria;p__Bacillota;c__Clostridia;o__Lachnospirales;f__Lachnospiraceae;g__Lachnospiraceae_NK4A136_group	0.9769974636223071
ac9a93ae06c348b94d98960316e848e8	d__Bacteria;p__Bacteroidota;c__Bacteroidia;o__Bacteroidales;f__Muribaculaceae;g__Incertae_Sedis	0.9999996211977169
55e84ee56efa1b6c604eb731f9535546	d__Bacteria;p__Bacteroidota;c__Bacteroidia;o__Bacteroidales;f__Muribaculaceae;g__Incertae_Sedis	0.9999994078476439
3ef24cd4038038b9ef7d28dd049ae249	d__Bacteria;p__Bacillota;c__Clostridia;o__Oscillospirales;f__Ruminococcaceae;g__Incertae_Sedis	0.8985920954421768
2e3f54d6c518c721d3b189282da88e9f	d__Bacteria;p__Patescibacteria;c__Saccharimonadia;o__Saccharimonadales;f__Saccharimonadaceae;g__Candidatus_Saccharimonas	0.9999999998680664
30258520a734c3f845559a1c559a8374	d__Bacteria;p__Bacillota;c__Clostridia;o__Oscillospirales;f__Butyricicoccaceae;g__Agathobaculum	0.9968995744996022
e13c4d6b4da9284d21ddc97ff95edde0	d__Bacteria;p__Bacillota;c__Bacilli;o__Lactobacillales;f__Lactobacillaceae	1.0000000000000009
0a3e8e17f18a3f6d6d0e9fc7b289ecea	d__Bacteria;p__Bacillota;c__Clostridia;o__Lachnospirales;f__Lachnospiraceae;g__Lachnospiraceae_NK4A136_group	0.9143535430394684
745c27a568272a652fb82c62f96fc066	d__Bacteria;p__Bacillota;c__Clostridia;o__Lachnospirales;f__Lachnospiraceae;g__Lachnospiraceae_NK4A136_group	0.9640353445441365
ae826fe753b56700c3dd46988bafc2ee	d__Bacteria;p__Bacteroidota;c__Bacteroidia;o__Bacteroidales;f__Muribaculaceae;g__Incertae_Sedis	0.9999999904243566
0c497e8b6a2bd05d84b9fd9ba2ef5a34	d__Bacteria;p__Actinomycetota;c__Coriobacteriia;o__Coriobacteriales;f__Eggerthellaceae;g__Adlercreutzia	0.9585096272530815
bea1878594e1aa24b3b78a5fe105051a	d__Bacteria;p__Bacillota;c__Clostridia;o__Oscillospirales;f__Ruminococcaceae	0.9993742651039915
efc8b50b169c8720dd2a96f540cf8935	d__Bacteria;p__Bacteroidota;c__Bacteroidia;o__Bacteroidales;f__Rikenellaceae;g__Alistipes	0.9999999996609858
fc30e9c9ead6cc04025e2d1790045281	d__Bacteria;p__Bacillota;c__Clostridia;o__Lachnospirales;f__Lachnospiraceae;g__Mediterraneibacter	0.8824866828552436
3b019cba7fdc8d1895b8e00a5ccd71e3	d__Bacteria;p__Bacillota;c__Clostridia;o__Lachnospirales;f__Lachnospiraceae	0.9999999707605389
a415a019074a957e97d6df03c3d7609c	d__Bacteria;p__Pseudomonadota;c__Gammaproteobacteria;o__Burkholderiales;f__Sutterellaceae;g__Parasutterella	0.9999911401268079
b39b2a5169cea7bd39b16095aeeffe62	d__Bacteria;p__Bacillota;c__Clostridia;o__Lachnospirales;f__Lachnospiraceae;g__Incertae_Sedis	0.7483516991129147
8db91aee8c3fb6a31ce47cb36ffd8508	d__Bacteria;p__Bacteroidota;c__Bacteroidia;o__Bacteroidales;f__Muribaculaceae;g__Incertae_Sedis	0.9999999870348405
fedc83523ef9e9757d1d16da5d773c4e	d__Bacteria;p__Bacteroidota;c__Bacteroidia;o__Bacteroidales;f__Prevotellaceae;g__Prevotellaceae_UCG-001	0.9990122780862158
5aa7a26ac98db1633f942c614165682e	d__Bacteria;p__Bacteroidota;c__Bacteroidia;o__Bacteroidales;f__Muribaculaceae;g__Incertae_Sedis	0.9999999997324664
c7ce12630fbce1d551c23480ba1762b2	d__Bacteria;p__Bacteroidota;c__Bacteroidia;o__Bacteroidales;f__Muribaculaceae;g__Incertae_Sedis	0.9999999291187035
9c580762476c0717cdb461ac6ba76536	d__Bacteria;p__Bacillota;c__Clostridia;o__Lachnospirales;f__Lachnospiraceae;g__Lachnospiraceae_FCS020_group	0.8450460528029954
a3b7846cd28d3b013e5d7499cd4b8ef9	d__Bacteria;p__Bacteroidota;c__Bacteroidia;o__Bacteroidales;f__Bacteroidaceae;g__Bacteroides	0.9999999945175091
b8ef0c69d7c1f69c474699f74b8bd3a6	d__Bacteria;p__Bacteroidota;c__Bacteroidia;o__Bacteroidales;f__Bacteroidaceae;g__Bacteroides	0.9999995957370196
850e0d58c1aa35238538564a8010e0ff	d__Bacteria;p__Bacteroidota;c__Bacteroidia;o__Bacteroidales;f__Muribaculaceae;g__Incertae_Sedis	0.9999999987019521
517cbf8e1f5f6ff54e212fc3aa1265c4	d__Bacteria;p__Bacillota;c__Clostridia;o__Lachnospirales;f__Lachnospiraceae;g__Lachnospiraceae_NK4A136_group	0.9952432666398899
2cc88ff27a24edc4aae8d4e6c15bf1b1	d__Bacteria;p__Bacillota;c__Clostridia;o__Lachnospirales;f__Lachnospiraceae;g__Lachnospiraceae_NK4A136_group	0.9341900938569656
a90ffe2ec7300a8bf5cff202f3ca0831	d__Bacteria;p__Bacteroidota;c__Bacteroidia;o__Bacteroidales;f__Rikenellaceae;g__Alistipes	0.9999999999553211
4ff4ec0f1fac551e1f4f4c91871b117a	d__Bacteria;p__Bacteroidota;c__Bacteroidia;o__Bacteroidales;f__Muribaculaceae;g__Incertae_Sedis	0.9999999977114555
4304a9ecdd0ff3df4dd95e62f9c721c0	d__Bacteria;p__Bacteroidota;c__Bacteroidia;o__Bacteroidales;f__Rikenellaceae;g__Alistipes	0.9999999984497379
5c15bc9548ee01eba6eafeab9d3515c6	d__Bacteria;p__Bacillota;c__Clostridia;o__Lachnospirales;f__Lachnospiraceae	0.9999991360155575
6359fddde8ab87f5908eff2c3717ab8c	d__Bacteria;p__Bacteroidota;c__Bacteroidia;o__Bacteroidales;f__Muribaculaceae;g__Incertae_Sedis	0.9999838681774567
11ba994aeed5130a85192885224e3842	d__Bacteria;p__Bacillota;c__Bacilli;o__Erysipelotrichales;f__Erysipelotrichaceae;g__Dubosiella	0.9999979924273789
cfd8eedcf22f2ac5fe5111f2052c0af8	d__Bacteria;p__Bacillota;c__Clostridia;o__Lachnospirales;f__Lachnospiraceae;g__Lachnospiraceae_NK4A136_group	0.9316069642848946
da8ea65b4a31e313e3bbac6e32eb3838	d__Bacteria;p__Bacteroidota;c__Bacteroidia;o__Bacteroidales;f__Muribaculaceae;g__Incertae_Sedis	0.9999855058561253
53df7425720628307e72fcd892ff75bc	d__Bacteria;p__Bacillota;c__Clostridia;o__Lachnospirales;f__Lachnospiraceae	0.9999985712461097
d6a28017089b94b4cc982d7865c881ac	d__Bacteria;p__Bacillota;c__Clostridia;o__Lachnospirales;f__Lachnospiraceae;g__[Ruminococcus]_gnavus_group	0.9912795644928994
9571c42a739b1eb7ba9d9ce85475e7a9	d__Bacteria;p__Bacillota;c__Bacilli;o__Erysipelotrichales;f__Erysipelotrichaceae;g__Dubosiella	0.9999999999448903
52f97d2d221f1a20416bfe6dd18289dc	d__Bacteria;p__Actinomycetota;c__Actinobacteria;o__Bifidobacteriales;f__Bifidobacteriaceae;g__Bifidobacterium	0.9999999615811256
debcf83ac6ed22c8281c109935fafbe6	d__Bacteria;p__Pseudomonadota;c__Gammaproteobacteria;o__Burkholderiales;f__Sutterellaceae;g__Turicimonas	0.999999999999261
65b01e9449917baf90f5e2097e92d120	d__Bacteria;p__Bacillota;c__Clostridia;o__Lachnospirales;f__Lachnospiraceae;g__Tyzzerella	0.999455859041457
11a55448880143a8469f4ad5ad8451b2	d__Bacteria;p__Bacillota;c__Bacilli;o__Lactobacillales;f__Lactobacillaceae	0.99999999999999
c5b7bd06d48769d3924e4a3299ed05e9	d__Bacteria;p__Bacillota;c__Clostridia;o__Lachnospirales;f__Lachnospiraceae;g__[Eubacterium]_xylanophilum_group	0.9997627178293995
d3518baa236dd3dacc9efa89b3ebe692	d__Bacteria;p__Bacteroidota;c__Bacteroidia;o__Bacteroidales;f__Muribaculaceae;g__Incertae_Sedis	0.9999999303203733
d11f25d088bb20ebf40986ed498ecb04	d__Bacteria;p__Bacillota;c__Negativicutes;o__Veillonellales-Selenomonadales;f__Veillonellaceae;g__Veillonella	0.9999999305323708
84689815132c3c8ccb894106d10d1c56	d__Bacteria;p__Bacillota;c__Clostridia;o__Lachnospirales;f__Lachnospiraceae;g__Lachnospiraceae_NK4A136_group	0.9735046746393908
ee73ab5866b8e20ecfda662d7add5db8	d__Bacteria;p__Bacillota;c__Clostridia;o__Lachnospirales;f__Lachnospiraceae	0.9999996636849255
4563f4a734f8d677e7202f279d145053	d__Bacteria;p__Bacteroidota;c__Bacteroidia;o__Bacteroidales;f__Marinifilaceae;g__Odoribacter	0.999999999549658
2b3066b7a30395317d0bbe878e0c4c54	d__Bacteria;p__Bacillota;c__Clostridia;o__Lachnospirales;f__Lachnospiraceae;g__ASF356	0.9999999859215764
7fb81e7844bb8cbc7c67705fa55fd8d3	d__Bacteria;p__Bacillota;c__Clostridia;o__Oscillospirales;f__Oscillospiraceae;g__Oscillibacter	0.7887191324602153
29864a238bc6a97f2eb74295a3bdec7d	d__Bacteria;p__Bacillota;c__Clostridia;o__Lachnospirales;f__Lachnospiraceae;g__Lachnospiraceae_NK4A136_group	0.9416761826440736
336dd57acbc921d20971d794e80564c3	d__Bacteria;p__Bacillota;c__Clostridia;o__Oscillospirales;f__Ruminococcaceae;g__Acutalibacter	0.9670932163668672
a54bc676712f41c685aaf728bca9d52c	d__Bacteria;p__Bacillota;c__Bacilli;o__Erysipelotrichales;f__Erysipelotrichaceae;g__Dubosiella	0.9999999977347898
e45566a39ce805bea47890196dc03500	d__Bacteria;p__Pseudomonadota;c__Gammaproteobacteria;o__Burkholderiales;f__Sutterellaceae;g__Turicimonas	0.9999999999950546
a018eb1d8afceb2751d3b92b22f4d35f	d__Bacteria;p__Bacillota;c__Bacilli;o__Erysipelotrichales;f__Erysipelatoclostridiaceae;g__Thomasclavelia	0.9999998870689019
339ebfcae83d824540942abcc8ee5c1a	d__Bacteria;p__Bacillota;c__Clostridia;o__Lachnospirales;f__Lachnospiraceae;g__Lachnospiraceae_NK4A136_group	0.9708532304410532
04581eba9e6fd12787fb5948fcef030f	d__Bacteria;p__Bacteroidota;c__Bacteroidia;o__Bacteroidales;f__Muribaculaceae;g__Incertae_Sedis	0.999078506516453
d55d0dc80eea719acac5a09da6872b5a	d__Bacteria;p__Bacillota;c__Clostridia;o__Lachnospirales;f__Lachnospiraceae	0.999998312356562
ef28529abb11ece288323b4fbbfe2ba5	d__Bacteria;p__Bacillota;c__Clostridia;o__Lachnospirales;f__Lachnospiraceae;g__Lachnospiraceae_NK4A136_group	0.9978725555219207
708429261b4b877bf7c23b6dde8e950a	d__Bacteria;p__Bacteroidota;c__Bacteroidia;o__Bacteroidales;f__Prevotellaceae;g__Prevotellaceae_UCG-003	0.9999999826998761
6e70bb31120deabf7eafb83996f9bf57	d__Bacteria;p__Bacillota;c__Clostridia;o__Lachnospirales;f__Lachnospiraceae;g__Lachnospiraceae_NK4A136_group	0.9705044978018773
b4781a2cc58a4a1aab10b87a6a85c70e	d__Bacteria;p__Bacteroidota;c__Bacteroidia;o__Bacteroidales;f__Rikenellaceae;g__Alistipes	0.9999999996354347
0700bbc2ad6e688d96fe3f8ddd7988a9	d__Bacteria;p__Bacillota;c__Bacilli;o__Erysipelotrichales;f__Erysipelotrichaceae;g__Dubosiella	0.9999999999552642
b3e17ca56ecbd13abdf870ccdf030dbd	d__Bacteria;p__Bacillota;c__Clostridia;o__Lachnospirales;f__Lachnospiraceae;g__Lachnospiraceae_NK4A136_group	0.9952939717156691
05abe7876faa5ace9793a04b335f7a8b	d__Bacteria;p__Bacillota;c__Bacilli;o__Erysipelotrichales;f__Erysipelotrichaceae;g__Allobaculum	0.9999999997505427
5c039a70952fcdfd87cfac505a32ff7a	d__Bacteria;p__Bacillota;c__Clostridia;o__Clostridiales;f__Clostridiaceae;g__Candidatus_Arthromitus	0.9999999999999716
06b5ab0e22e68d4a958fc320502c36e6	d__Bacteria;p__Bacillota;c__Bacilli;o__Mycoplasmatales;f__Mycoplasmataceae;g__Metamycoplasma	0.9999999999999716
ad078a29a9c032752d790050c9816969	d__Bacteria;p__Bacteroidota;c__Bacteroidia;o__Bacteroidales;f__Muribaculaceae;g__Incertae_Sedis	0.9999999735706527
2fc0418cf4d6b66be4b2785db805b4b5	d__Bacteria;p__Pseudomonadota;c__Gammaproteobacteria;o__Burkholderiales;f__Sutterellaceae;g__Turicimonas	0.9999999999984936
73b7ab7c5897e9644f99e46ea88d7feb	d__Bacteria;p__Bacillota;c__Bacilli;o__Erysipelotrichales;f__Erysipelatoclostridiaceae;g__Massiliomicrobiota	0.9999992365652092
00c9572f53f1fd22def466ca5827aa23	d__Bacteria;p__Bacteroidota;c__Bacteroidia;o__Bacteroidales;f__Muribaculaceae;g__Incertae_Sedis	0.9999999988059187
c2503c233b7a2a378fa4fdc5063452fe	d__Bacteria;p__Bacteroidota;c__Bacteroidia;o__Bacteroidales;f__Rikenellaceae;g__Alistipes	0.9999999992354276
081427754435b8ed8237ef16fc7a3a1c	d__Bacteria;p__Bacillota;c__Clostridia;o__Oscillospirales;f__Ruminococcaceae;g__[Clostridium]_methylpentosum_group	0.8436041172649859
f1a04ee6e95efc48a24a4211b8bc9528	d__Bacteria;p__Bacteroidota;c__Bacteroidia;o__Bacteroidales;f__Tannerellaceae;g__Parabacteroides	0.9999999993715107
0ad7c61dfd4b060a5d32bf4025d623ea	d__Bacteria;p__Bacteroidota;c__Bacteroidia;o__Bacteroidales;f__Muribaculaceae;g__Incertae_Sedis	0.951272769605816
51f7c5ec5ad7c340ccba24515ce37376	d__Bacteria;p__Bacteroidota;c__Bacteroidia;o__Bacteroidales;f__Muribaculaceae;g__Incertae_Sedis	0.999999999514074
829a09bbb1a3e5197f0427cd65a01786	d__Bacteria;p__Bacteroidota;c__Bacteroidia;o__Bacteroidales;f__Muribaculaceae;g__Incertae_Sedis	0.9999989462146043
49051e3156aca0f509eda10f3b2e1447	d__Bacteria;p__Bacillota;c__Bacilli;o__Erysipelotrichales;f__Erysipelotrichaceae;g__Incertae_Sedis	0.9995580312895841
1ef429f86f361ab3fbe127ca7a0f09b7	d__Bacteria;p__Bacillota;c__Clostridia;o__Lachnospirales;f__Lachnospiraceae	0.9999994690280335
afbf6f6eff54447b5211cccda05c0b02	d__Bacteria;p__Bacillota;c__Clostridia;o__Lachnospirales;f__Lachnospiraceae;g__Incertae_Sedis	0.7600323862518784
071ec48eeb2d99e0065972d11c944a8d	d__Bacteria;p__Actinomycetota;c__Coriobacteriia;o__Coriobacteriales;f__Atopobiaceae;g__Coriobacteriaceae_UCG-002	0.8354175898939633
4de59fb1d6c6d35e23d31ea6d7cbfae3	d__Bacteria;p__Actinomycetota;c__Coriobacteriia;o__Coriobacteriales;f__Eggerthellaceae;g__Asaccharobacter	0.7035137505495122
cb47119e2ba987ef282039d804dae443	d__Bacteria;p__Bacteroidota;c__Bacteroidia;o__Bacteroidales;f__Muribaculaceae;g__Muribaculum	0.9999999019627287
c7907d8e3678553813e0ab3d61a32f81	d__Bacteria;p__Bacillota;c__Bacilli;o__Erysipelotrichales;f__Erysipelotrichaceae;g__Dubosiella	0.9999998250667528
1f0127e2fdddc4f0a3af6c2bdd707ad2	d__Bacteria;p__Bacteroidota;c__Bacteroidia;o__Bacteroidales;f__Muribaculaceae;g__Incertae_Sedis	0.9999985638438683
75c197461ed32f07f883215684da0d78	d__Bacteria;p__Bacillota;c__Clostridia;o__Lachnospirales;f__Lachnospiraceae;g__Lachnospiraceae_NK4A136_group	0.9846135796540324
a95bd2f1ac0065e39a28d3930a3cd651	d__Bacteria;p__Bacillota;c__Clostridia;o__Lachnospirales;f__Lachnospiraceae;g__Lachnospiraceae_NK4A136_group	0.9711902341247295
bec25498cce82f6ae4fca4e2aaba314e	d__Bacteria;p__Bacillota;c__Clostridia;o__Lachnospirales;f__Lachnospiraceae;g__Roseburia	0.9050697305482666
3628bf56da1fdc6cf1d38c6512bdd86b	d__Bacteria;p__Patescibacteria;c__Saccharimonadia;o__Saccharimonadales;f__Saccharimonadaceae;g__Candidatus_Saccharimonas	0.9999999998843521
6351c11f98932d0914f826c0c44a6497	d__Bacteria;p__Bacillota;c__Bacilli;o__Erysipelotrichales;f__Erysipelotrichaceae;g__Allobaculum	0.9999999998846363
0f95e643d3e4aa2cb6a0dfa276440347	d__Bacteria;p__Bacteroidota;c__Bacteroidia;o__Bacteroidales;f__Muribaculaceae;g__Incertae_Sedis	0.9999924114472967
6f63a0c21f44bd4f6eba7e52483df63f	d__Bacteria;p__Bacillota;c__Clostridia;o__Lachnospirales;f__Lachnospiraceae;g__Lachnospiraceae_NK4A136_group	0.9055887602263138
f3ee18295ba3f34edb1d7af1b8425613	d__Bacteria;p__Bacillota;c__Clostridia;o__Lachnospirales;f__Lachnospiraceae	0.9999993380179297
61800932d9f9921de81595f4e24218f2	d__Bacteria;p__Bacillota;c__Clostridia;o__Peptococcales;f__Peptococcaceae;g__Incertae_Sedis	0.9999990520599854
5e22eaaed20660293123cfc9f09219dd	d__Bacteria;p__Bacillota;c__Bacilli;o__Erysipelotrichales;f__Erysipelotrichaceae;g__Incertae_Sedis	0.9860633678970216
9be65cfb4f40f06a654c5d10ca9112fe	d__Bacteria;p__Actinomycetota;c__Actinobacteria;o__Bifidobacteriales;f__Bifidobacteriaceae;g__Bifidobacterium	0.9999999427239475
a0063296ee6b20b62fe905363de95f6f	d__Bacteria;p__Bacteroidota;c__Bacteroidia;o__Bacteroidales;f__Muribaculaceae;g__Incertae_Sedis	0.9999876723901056
d5554da581b79d8af67bbcbed2d54a63	d__Bacteria;p__Bacillota;c__Clostridia;o__Lachnospirales;f__Lachnospiraceae;g__Lachnospiraceae_NK4A136_group	0.9236232524035438
6a4709dad56c6bf6b305ee1a3d98d604	d__Bacteria;p__Bacillota;c__Clostridia;o__Lachnospirales;f__Lachnospiraceae	0.9999880941896944
b1385c7d9feca02c3100cb1467b1d1ac	d__Bacteria;p__Bacillota;c__Negativicutes;o__Veillonellales-Selenomonadales;f__Veillonellaceae;g__Veillonella	0.9999999486445303
d73da99b560a1841bbb2422b0cc5fb34	d__Bacteria;p__Patescibacteria;c__Saccharimonadia;o__Saccharimonadales;f__Saccharimonadaceae;g__Candidatus_Saccharimonas	0.9999999995904147
d55454227f2069ff4291d8f9cd649854	d__Bacteria;p__Bacillota;c__Clostridia;o__Lachnospirales;f__Lachnospiraceae;g__Lachnospiraceae_UCG-006	0.9940390009444048
2e91161d245728082d0856a97a05789a	d__Bacteria;p__Bacteroidota;c__Bacteroidia;o__Bacteroidales;f__Muribaculaceae;g__Incertae_Sedis	0.9999997526262825
7aa2d39afe184300cb1b8028e2467e4e	d__Bacteria;p__Bacillota;c__Bacilli;o__Erysipelotrichales;f__Erysipelotrichaceae;g__Dubosiella	0.9999999999634781
70e69ed4693ad14737da741d6a75f20f	d__Bacteria;p__Bacteroidota;c__Bacteroidia;o__Bacteroidales;f__Bacteroidaceae;g__Bacteroides	0.9999999958180013
8054734801d8987c0f5d737fbfc6637d	d__Bacteria;p__Bacillota;c__Clostridia;o__Lachnospirales;f__Lachnospiraceae;g__Incertae_Sedis	0.8019031701878601
fd7c24080506e0ab4fde4ec4fc558819	d__Bacteria;p__Bacteroidota;c__Bacteroidia;o__Bacteroidales;f__F082;g__Incertae_Sedis	0.999563027125362
a5ea0cd537599d64e387b7d536203e53	d__Bacteria;p__Bacteroidota;c__Bacteroidia;o__Bacteroidales;f__Rikenellaceae;g__Alistipes	0.9999999999808438
5aebf98614f2d5d856e43fcec76ff3e2	d__Bacteria;p__Bacillota;c__Negativicutes;o__Veillonellales-Selenomonadales;f__Veillonellaceae;g__Veillonella	0.9999997849953051
6bbadaa3bb3c4a17a160365ffb2745ab	d__Bacteria;p__Bacillota;c__Clostridia;o__Lachnospirales;f__Lachnospiraceae	0.9999991917050681
786f6df6cc5e0ace1c2d93344fecfb10	d__Bacteria;p__Bacillota;c__Clostridia;o__Lachnospirales;f__Lachnospiraceae	0.9999921318024201
1d5c370b25327061523a1ee0b05823ce	d__Bacteria;p__Bacillota;c__Negativicutes;o__Veillonellales-Selenomonadales;f__Veillonellaceae;g__Veillonella	0.999999752231107
7abd35bcc9c019b868db4c0388f8897a	d__Bacteria;p__Bacillota;c__Clostridia;o__Oscillospirales;f__Ruminococcaceae;g__Acutalibacter	0.9999983009103853
2854209e1408616a3bdfff41f32c5bfd	d__Bacteria;p__Bacteroidota;c__Bacteroidia;o__Bacteroidales;f__Muribaculaceae;g__Incertae_Sedis	0.9999999884638272
b883ad02520ff842ef90d85435c15b7d	d__Bacteria;p__Bacteroidota;c__Bacteroidia;o__Bacteroidales;f__Muribaculaceae;g__Incertae_Sedis	0.9999999085611122
2dc16e2e45d9433b606d8a2582c41e1d	d__Bacteria;p__Pseudomonadota;c__Gammaproteobacteria;o__Burkholderiales;f__Sutterellaceae;g__Parasutterella	0.9999958548520815
4c945b8736fa46cf759976158eb90cdc	d__Bacteria;p__Actinomycetota;c__Actinobacteria;o__Bifidobacteriales;f__Bifidobacteriaceae;g__Bifidobacterium	0.9999999462016277
33e9e4b0bdc49ff2fc85facd4efb668c	d__Bacteria;p__Bacteroidota;c__Bacteroidia;o__Bacteroidales;f__Bacteroidaceae;g__Bacteroides	0.9999999921704159
31f232781685558bf9d62e35e8f237f9	d__Bacteria;p__Verrucomicrobiota;c__Verrucomicrobiia;o__Verrucomicrobiales;f__Akkermansiaceae;g__Akkermansia	1.0
17510abb1d51e8e11d5e95a26f98249f	d__Bacteria;p__Bacillota;c__Negativicutes;o__Veillonellales-Selenomonadales;f__Veillonellaceae;g__Veillonella	0.9999999266241586
e5e370e61d91a7cb80dd9083c0a48d09	d__Bacteria;p__Bacillota;c__Clostridia;o__Lachnospirales;f__Lachnospiraceae;g__Lachnospiraceae_NK4A136_group	0.9236569812549195
fa8bc575a28ec2f4806bb34ce4922f71	d__Bacteria;p__Bacillota;c__Clostridia;o__Lachnospirales;f__Lachnospiraceae;g__Butyribacter	0.9999653479421389
d90215bb27b19a947b4fd913a424af86	d__Bacteria;p__Bacillota;c__Clostridia;o__Lachnospirales;f__Lachnospiraceae	0.9999974256474907
b39ba59cc0b6da7bb80976fa850ad32f	d__Bacteria;p__Bacillota;c__Clostridia;o__Lachnospirales;f__Lachnospiraceae;g__Lachnospiraceae_NK4A136_group	0.967519093879579
9ac8f959cd3800997a868d4c052139e2	d__Bacteria;p__Bacillota;c__Clostridia;o__Lachnospirales;f__Lachnospiraceae	0.9999945130319601
8669714e91c489576b7d7f2740c547bf	d__Bacteria;p__Bacillota;c__Clostridia;o__Lachnospirales;f__Lachnospiraceae	0.999997967922051
4ab527b2a5d37392159900a6ccde85a5	d__Bacteria;p__Bacillota;c__Bacilli;o__RF39;f__Incertae_Sedis;g__Incertae_Sedis	0.9999999999109548
fb842ad0f7ecf586893900d5456c696b	d__Bacteria;p__Bacteroidota;c__Bacteroidia;o__Bacteroidales;f__Muribaculaceae;g__Incertae_Sedis	0.9999999990752997
e9ea98683f263cfdea79c52d44cf3e1a	d__Bacteria;p__Bacillota;c__Clostridia;o__Oscillospirales;f__Oscillospiraceae;g__Intestinimonas	0.9342614913767312
799bac851535f4736d101c056392fe82	d__Bacteria;p__Bacteroidota;c__Bacteroidia;o__Bacteroidales;f__Muribaculaceae;g__Incertae_Sedis	0.9999999963126527
8174609834679d8f8bfb45a6ab60a144	d__Bacteria;p__Bacteroidota;c__Bacteroidia;o__Bacteroidales;f__Muribaculaceae;g__Incertae_Sedis	0.999985222223241
b45ef225c01fece4d16e1b8a60f908b1	d__Bacteria;p__Bacillota;c__Bacilli;o__Erysipelotrichales;f__Erysipelotrichaceae;g__Dubosiella	0.999998800200823
78bc2ab380b6de3482f015215e75e649	d__Bacteria;p__Pseudomonadota;c__Alphaproteobacteria;o__Rickettsiales;f__Mitochondria;g__Incertae_Sedis	0.976016651865255
1cdaa6df87b63636e1cf87b0e8e434a1	d__Bacteria;p__Bacillota;c__Clostridia;o__Lachnospirales;f__Lachnospiraceae;g__A2	0.9999995559673485
ca888e75fbf84deaf9c9f84aa87021a0	d__Bacteria;p__Bacillota;c__Clostridia;o__Lachnospirales;f__Lachnospiraceae;g__Incertae_Sedis	0.7007321708323768
c7b8c54e3563f09af23b3ffaa69f9ccd	d__Bacteria;p__Campylobacterota;c__Campylobacteria;o__Campylobacterales;f__Helicobacteraceae;g__Helicobacter	0.9999999997180566
f407ffa729827bf7332879f0ac5c7423	d__Bacteria;p__Bacteroidota;c__Bacteroidia;o__Bacteroidales;f__Muribaculaceae;g__Incertae_Sedis	0.9999999830970695
734ebcd34b26e55d07772945edea1c59	d__Bacteria;p__Bacillota;c__Bacilli;o__Erysipelotrichales;f__Erysipelatoclostridiaceae;g__Massiliomicrobiota	0.9999999648873945
7fc178db573fd8c41393d1480b00ede0	d__Bacteria;p__Bacteroidota;c__Bacteroidia;o__Bacteroidales;f__Muribaculaceae;g__Incertae_Sedis	0.9999999998178737
41f5055745395dcbe26f4a5a2a8bf04d	d__Bacteria;p__Bacteroidota;c__Bacteroidia;o__Bacteroidales;f__Muribaculaceae;g__Incertae_Sedis	0.9999999952349583
b4189dffc755fb7edd4da5fde3ea44a5	d__Bacteria;p__Bacillota;c__Clostridia;o__Lachnospirales;f__Lachnospiraceae;g__Extibacter	0.9932405602892063
26cfc93699ea2930a69062043742217f	d__Bacteria;p__Bacillota;c__Clostridia;o__Oscillospirales;f__Oscillospiraceae;g__Colidextribacter	0.7899664871513331
a63fbe794101909a881c2ca8845c4824	d__Bacteria;p__Bacteroidota;c__Bacteroidia;o__Bacteroidales;f__Muribaculaceae;g__Incertae_Sedis	0.9999999984087822
56d4262c72c1f8972d4dc3e1e4270256	d__Bacteria;p__Bacillota;c__Bacilli;o__Erysipelotrichales;f__Erysipelotrichaceae;g__Incertae_Sedis	0.9996974512308712
57f2c4c83d3bd1adf72d3a839d6ad9c0	d__Bacteria;p__Actinomycetota;c__Coriobacteriia;o__Coriobacteriales;f__Eggerthellaceae;g__Gordonibacter	0.9901903402904485
5b003bbe48686366a98e06bde6a88500	d__Bacteria;p__Bacillota;c__Clostridia;o__Lachnospirales;f__Lachnospiraceae;g__Lachnospiraceae_NK4A136_group	0.9406615834457159
ec6da8948cfa089132c2ab58fad252e0	d__Bacteria;p__Bacillota;c__Clostridia;o__Lachnospirales;f__Lachnospiraceae;g__Incertae_Sedis	0.7179131814906974
9d4712203b144d00c24a1f91edf14d3c	d__Bacteria;p__Bacillota;c__Clostridia;o__Lachnospirales;f__Lachnospiraceae;g__Lachnospiraceae_NK4A136_group	0.9707749628545396
c10e47cd3fea5aa027d6d7a363723c2e	d__Bacteria;p__Bacteroidota;c__Bacteroidia;o__Bacteroidales;f__Muribaculaceae;g__Incertae_Sedis	0.9877857526844223
1f638358b834a94a1265f22fd0edc06a	d__Bacteria;p__Pseudomonadota;c__Gammaproteobacteria;o__Burkholderiales;f__Sutterellaceae;g__Parasutterella	0.9999965122558194
17aa55831324c8ad4c5e3d4c286d2980	d__Bacteria;p__Actinomycetota;c__Coriobacteriia;o__Coriobacteriales;f__Eggerthellaceae;g__Adlercreutzia	0.9999743420214229
85edb62a81e86f1f73f9fbd50002babc	d__Bacteria;p__Bacteroidota;c__Bacteroidia;o__Bacteroidales;f__Muribaculaceae;g__Incertae_Sedis	0.9526887492697829
2a13437a5e58d851825158b1a354ed95	d__Bacteria;p__Bacillota;c__Clostridia;o__Lachnospirales;f__Lachnospiraceae;g__Lachnospiraceae_NK4A136_group	0.9220537162066689
91fe1244e8235918010baace1ef09c52	d__Bacteria;p__Bacteroidota;c__Bacteroidia;o__Bacteroidales;f__Rikenellaceae;g__Alistipes	0.9999999908413031
16e33177a8e7a1d722cc4e76f1391489	d__Bacteria;p__Bacillota;c__Bacilli;o__Erysipelotrichales;f__Erysipelatoclostridiaceae;g__Longibaculum	0.9996894474228055
07e4650090fa0461877e4feddf200c6b	d__Bacteria;p__Bacillota;c__Clostridia;o__Lachnospirales;f__Lachnospiraceae;g__[Eubacterium]_xylanophilum_group	0.9985837970075115
57662a60dd02e8114c84541b73738d2f	d__Bacteria;p__Bacteroidota;c__Bacteroidia;o__Bacteroidales;f__Rs-E47_termite_group;g__Incertae_Sedis	0.9999999999060663
7ad2ea7004fd88a06cc3559d635c70e9	d__Bacteria;p__Bacteroidota;c__Bacteroidia;o__Bacteroidales;f__Prevotellaceae;g__Prevotellaceae_UCG-001	0.8865783226777996
6d03c8f9b97d61df77357d199dacdb58	d__Bacteria;p__Bacteroidota;c__Bacteroidia;o__Bacteroidales;f__Muribaculaceae;g__Incertae_Sedis	0.9999235734554613
9f6c468b83f48f689dad2425ab20e2f3	d__Bacteria;p__Bacteroidota;c__Bacteroidia;o__Bacteroidales;f__Muribaculaceae;g__Incertae_Sedis	0.9999998069143219
ae7813eddddd6e743133d688ddb6c35b	d__Bacteria;p__Bacillota;c__Clostridia;o__Lachnospirales;f__Lachnospiraceae;g__Lachnoclostridium	0.7402468879394606
c3a9cc0f17fbabef7575115a82f991c6	d__Bacteria;p__Bacillota;c__Clostridia;o__Oscillospirales;f__Oscillospiraceae;g__Colidextribacter	0.9649417576788227
040b4ce958e8840ff7d40712065747ef	d__Bacteria;p__Bacteroidota;c__Bacteroidia;o__Bacteroidales;f__Muribaculaceae;g__Incertae_Sedis	0.9999626970858135
ba033b4be8c762024589b8c3cea0b967	d__Bacteria;p__Bacteroidota;c__Bacteroidia;o__Bacteroidales;f__Bacteroidaceae;g__Bacteroides	0.9999999848184588
4fe87e0f5e7bbbc52bcb05982235a0a0	d__Bacteria;p__Bacillota;c__Clostridia;o__Oscillospirales;f__Ruminococcaceae;g__Incertae_Sedis	0.9278610122358099
32f599bbc8c1dd0ebeced0d2ed4b7bba	d__Bacteria;p__Thermodesulfobacteriota;c__Desulfovibrionia;o__Desulfovibrionales;f__Desulfovibrionaceae;g__Incertae_Sedis	0.9976613733091734
6c61f413cc384c19692dee04ae85ec47	d__Bacteria;p__Bacillota;c__Clostridia;o__Oscillospirales;f__Ruminococcaceae;g__Incertae_Sedis	0.9565600418988603
29506d09f4d320ea1baadab752c2f83e	d__Bacteria;p__Bacillota;c__Clostridia;o__Lachnospirales;f__Lachnospiraceae	0.9999971122235548
b735a145fae6969b0853cf00fba77d9a	d__Bacteria;p__Bacteroidota;c__Bacteroidia;o__Bacteroidales;f__Muribaculaceae;g__Incertae_Sedis	0.9999999874510764
9536f3e9a8dc8cde285e82911a751246	d__Bacteria;p__Bacteroidota;c__Bacteroidia;o__Bacteroidales;f__Prevotellaceae;g__Prevotellaceae_UCG-001	0.9920787206302274
9bffdb95fda948551da0491ab080346d	d__Bacteria;p__Bacillota;c__Bacilli;o__Erysipelotrichales;f__Erysipelotrichaceae;g__Allobaculum	0.9999999999573959
295c5970ad3497ac883f317c3f03bbd8	d__Bacteria;p__Bacteroidota;c__Bacteroidia;o__Bacteroidales;f__Muribaculaceae;g__Incertae_Sedis	0.9999999967834583
55f51c3fce24b1016cc30228aa543ed9	d__Bacteria;p__Campylobacterota;c__Campylobacteria;o__Campylobacterales;f__Helicobacteraceae;g__Helicobacter	0.9999999993954418
34ecc0525285764dab481694325608b3	d__Bacteria;p__Bacillota;c__Bacilli;o__Erysipelotrichales;f__Erysipelotrichaceae;g__Faecalibaculum	0.9999999999479883
ed28c48e4aae9d971046bac9cb54b93c	d__Bacteria;p__Bacillota;c__Bacilli;o__Erysipelotrichales;f__Erysipelotrichaceae;g__Ileibacterium	0.9999999999762679
9245da06584c017e13edf450ef0b2b76	d__Bacteria;p__Bacillota;c__Clostridia;o__Oscillospirales;f__[Eubacterium]_coprostanoligenes_group;g__Incertae_Sedis	0.999999336054252
bc31cab9ad83b541f246e294ba72eeef	d__Bacteria;p__Bacteroidota;c__Bacteroidia;o__Bacteroidales;f__Prevotellaceae;g__Prevotellaceae_Ga6A1_group	0.9398191039504002
7f8d68b3b2fe790d7aebb01cbe915a3c	d__Bacteria;p__Pseudomonadota;c__Gammaproteobacteria;o__Burkholderiales;f__Sutterellaceae;g__Turicimonas	0.999999999999801
8e92804e63c46c1b62a25879882e738f	d__Bacteria;p__Bacteroidota;c__Bacteroidia;o__Bacteroidales;f__Muribaculaceae;g__Incertae_Sedis	0.9999999932923345
338dea5b254da413f08f224dbc86d5cb	d__Bacteria;p__Bacillota;c__Bacilli;o__Erysipelotrichales;f__Erysipelotrichaceae	0.9999992847003436
96659ecb99d460239aa6694828a0e1b1	d__Bacteria;p__Bacteroidota;c__Bacteroidia;o__Bacteroidales;f__Muribaculaceae;g__Incertae_Sedis	0.9999999982767918
abc29db5d5b212079e19064d80357a40	d__Bacteria;p__Bacillota;c__Clostridia;o__Lachnospirales;f__Lachnospiraceae	0.9999997019859207
c8034ebe08fc09a0618699d45af100ee	d__Bacteria;p__Bacteroidota;c__Bacteroidia;o__Bacteroidales;f__Muribaculaceae;g__Incertae_Sedis	0.9999998000118553
2286d7ac9688d5cff423b8660b834719	d__Bacteria;p__Bacillota;c__Bacilli;o__Erysipelotrichales;f__Erysipelatoclostridiaceae;g__Massiliomicrobiota	0.9999998854522468
2410b030ef5511f39e43a3f1b2dcd069	d__Bacteria;p__Bacillota;c__Clostridia;o__Lachnospirales;f__Lachnospiraceae	0.9999999814174471
5325bac0853e05fad698c28e8c01d9ae	d__Bacteria;p__Bacillota;c__Clostridia;o__Lachnospirales;f__Lachnospiraceae;g__Incertae_Sedis	0.8555005592367313
33e362d8537d4e7dcdc09b5e19f809ba	d__Bacteria;p__Bacillota;c__Clostridia;o__Oscillospirales;f__Ruminococcaceae;g__Acutalibacter	0.9999976494047815
ee68694f8923bba250a7b5c20593e15f	d__Bacteria;p__Bacillota;c__Bacilli;o__Lactobacillales;f__Streptococcaceae;g__Streptococcus	0.9999987503025657
563119954aff72320dba3c0fbcf5fab8	d__Bacteria;p__Bacillota;c__Clostridia;o__Peptostreptococcales-Tissierellales;f__Anaerovoracaceae;g__Incertae_Sedis	0.9847862812325647
d6e4ff5bc2be4228ed089c2bcab96105	d__Bacteria;p__Bacillota;c__Clostridia;o__Lachnospirales;f__Lachnospiraceae	0.9999999402228797
263baeee6e0d2e6d8ef4712feba70864	d__Bacteria;p__Spirochaetota;c__Brachyspirae;o__Brachyspirales;f__Brachyspiraceae;g__Brachyspira	1.0
d26fabe6ca2256fe17ff2df51e81515e	d__Bacteria;p__Bacteroidota;c__Bacteroidia;o__Bacteroidales;f__Muribaculaceae;g__Incertae_Sedis	0.9999999702550615
1bc230870e0b66f1b3dfdbcef3cb10bf	d__Bacteria;p__Bacteroidota;c__Bacteroidia;o__Bacteroidales;f__Prevotellaceae;g__Prevotellaceae_Ga6A1_group	0.8901594982635366
848f6dee3f8ea166d4e216baceedb19c	d__Bacteria;p__Bacillota;c__Bacilli;o__Staphylococcales;f__Staphylococcaceae;g__Staphylococcus	0.9847629241019066
97fc22928cf99a28382fc6d79ed09cc7	d__Bacteria;p__Bacteroidota;c__Bacteroidia;o__Bacteroidales;f__Muribaculaceae;g__Incertae_Sedis	0.9999999906592336
6250654affb648792d01643ff5083f63	d__Bacteria;p__Bacillota;c__Clostridia;o__Lachnospirales;f__Lachnospiraceae;g__Incertae_Sedis	0.9691605107310765
b4562cc066959118d9267c2d4750b7ee	d__Bacteria;p__Bacillota;c__Clostridia;o__Lachnospirales;f__Lachnospiraceae;g__Butyribacter	0.9460187009233976
2fd1d255a98e46b626e24f2703d0b06a	d__Bacteria;p__Bacillota;c__Clostridia;o__Clostridia_UCG-014;f__Incertae_Sedis;g__Incertae_Sedis	0.9999999999860165
6d35a735c67478d9cb6ef2087419c17c	d__Bacteria;p__Bacillota;c__Clostridia;o__Lachnospirales;f__Lachnospiraceae;g__Roseburia	0.9762328907286671
58c7170ffe3da16539ef18024bb9482c	d__Bacteria;p__Bacillota;c__Clostridia;o__Oscillospirales;f__Ruminococcaceae;g__Candidatus_Soleaferrea	0.726368756701273
d892c6c9d2cab989baa8fb5e9fca26da	d__Bacteria;p__Bacillota;c__Bacilli;o__Erysipelotrichales;f__Erysipelotrichaceae	0.9999973513669711
239a69e538db13e22ae2ca2600e98011	d__Bacteria;p__Bacillota;c__Clostridia;o__Oscillospirales;f__Oscillospiraceae;g__Colidextribacter	0.8333689447195276
03cb880960e0eac9bded28ca03add761	d__Bacteria;p__Bacillota;c__Clostridia;o__Lachnospirales;f__Lachnospiraceae;g__Lachnospiraceae_NK4A136_group	0.9204547121908897
e81a0cc0f58cbe72c9f32e49326487bf	d__Bacteria;p__Bacillota;c__Bacilli;o__Erysipelotrichales;f__Erysipelotrichaceae;g__Faecalibaculum	0.9999999999686509
86b856668f3646335380ca71fd7de2b7	d__Bacteria;p__Pseudomonadota;c__Gammaproteobacteria;o__Burkholderiales;f__Sutterellaceae;g__Turicimonas	0.9999999999952536
6025bb0f9d89f55ed5c3fc9441db6a97	d__Bacteria;p__Bacillota;c__Clostridia;o__Oscillospirales;f__Oscillospiraceae;g__Colidextribacter	0.7181265441578724
f75aecb069c30b69aae28d9f2a07a868	d__Bacteria;p__Bacteroidota;c__Bacteroidia;o__Bacteroidales;f__Muribaculaceae;g__Incertae_Sedis	0.9999999994913935
f3eef80081447360e814e9dd99855d1c	d__Bacteria;p__Bacillota;c__Clostridia;o__Oscillospirales;f__Oscillospiraceae;g__Colidextribacter	0.9825755407900735
6db7b70ff561acc99bcb46b7f97ca025	d__Bacteria;p__Bacteroidota;c__Bacteroidia;o__Bacteroidales;f__Muribaculaceae;g__Incertae_Sedis	0.9999922574204337
27b4667fa0f37bd76f8bf40c1ff6f868	d__Bacteria;p__Bacillota;c__Clostridia;o__Oscillospirales;f__Oscillospiraceae;g__Oscillibacter	0.890422048509154
ebfaa0991a665b8e54c4c59dc2177526	d__Bacteria;p__Bacillota;c__Clostridia;o__Lachnospirales;f__Lachnospiraceae;g__Lachnospiraceae_NK4A136_group	0.9877645056151072
119c0a4755d2fd78c30fdde8bb206a4e	d__Bacteria;p__Bacillota;c__Clostridia;o__Lachnospirales;f__Lachnospiraceae;g__Roseburia	0.7687574061539059
6f6997cc1dfc72562627af0bbe2f7bd0	d__Bacteria;p__Bacteroidota;c__Bacteroidia;o__Bacteroidales;f__Rikenellaceae;g__Alistipes	0.9999999994638529
668f4c3189ec2ad76c2a41d486784e6f	d__Bacteria;p__Bacillota;c__Bacilli;o__Lactobacillales;f__Lactobacillaceae;g__Lactobacillus	0.7461089292145571
5057a4ac696fb219c8a674271051ee21	d__Bacteria;p__Bacillota;c__Clostridia;o__Oscillospirales;f__Oscillospiraceae;g__Incertae_Sedis	0.8467575042925967
1a3a4156cb9846a6fcebd5023297d95b	d__Bacteria;p__Bacillota;c__Clostridia;o__Oscillospirales;f__Oscillospiraceae;g__Colidextribacter	0.8227783827320131
74e2c3a1e9c80d51c02ad236f5adfb7c	d__Bacteria;p__Bacillota;c__Clostridia;o__Lachnospirales;f__Lachnospiraceae;g__Roseburia	0.9317531399525727
9daaed21d719781ebdcd86cfc2b569ba	d__Bacteria;p__Bacillota;c__Clostridia;o__Lachnospirales;f__Lachnospiraceae;g__ASF356	0.9999999901457386
94d2478a17fb38c0df3701072ec2c4e9	d__Bacteria;p__Bacteroidota;c__Bacteroidia;o__Bacteroidales;f__Bacteroidaceae;g__Bacteroides	0.9999999926997702
b15b8df1c6ea6f57cb5094e3ed13267c	d__Bacteria;p__Bacillota;c__Clostridia;o__Clostridia_UCG-014;f__Incertae_Sedis;g__Incertae_Sedis	0.9999999999995168
42b323d1b6dfd32dd471cdbeba7fb9db	d__Bacteria;p__Bacillota;c__Clostridia;o__Lachnospirales;f__Lachnospiraceae;g__Incertae_Sedis	0.8568188951407499
c471924ab1d3728deeb8a7e9fdde7b54	d__Bacteria;p__Bacillota;c__Clostridia;o__Lachnospirales;f__Lachnospiraceae;g__Lachnospiraceae_NK4A136_group	0.959929125285026
ec7336c851486dc9190f1dea212700ed	d__Bacteria;p__Bacillota;c__Clostridia;o__Lachnospirales;f__Lachnospiraceae;g__Lachnospiraceae_NK4A136_group	0.7763852802895206
2973b8865c701eb1f7909a7473e8a34a	d__Bacteria;p__Bacteroidota;c__Bacteroidia;o__Bacteroidales;f__Muribaculaceae;g__Incertae_Sedis	0.9999999758980781
fd80da2ff628da721c5943d267207ec8	d__Bacteria;p__Bacteroidota;c__Bacteroidia;o__Bacteroidales;f__Rikenellaceae;g__Alistipes	0.9999999995015969
a17785353671560afcec31171a6669ba	d__Bacteria;p__Bacteroidota;c__Bacteroidia;o__Bacteroidales;f__Muribaculaceae;g__Incertae_Sedis	0.9999999628173561
bb3055f753c1dd21f0137f2dd59d49ec	d__Bacteria;p__Campylobacterota;c__Campylobacteria;o__Campylobacterales;f__Helicobacteraceae;g__Helicobacter	0.9999999771843309
c527fe11e2a5faca4cfcc70f97d7465d	d__Bacteria;p__Bacillota;c__Clostridia;o__Oscillospirales;f__[Eubacterium]_coprostanoligenes_group;g__Incertae_Sedis	0.9999994165524125
5f13382c14651ce176e0601a13bd117f	d__Bacteria;p__Bacillota;c__Clostridia;o__Lachnospirales;f__Lachnospiraceae;g__Lachnoclostridium	0.83110631501035
1a2d01c67702f37d64744c0b8afe92e3	d__Bacteria;p__Bacillota;c__Clostridia;o__Lachnospirales;f__Lachnospiraceae	0.9999986223942078
14f2185ab9bc3d5de26e726c591ca9ba	d__Bacteria;p__Bacillota;c__Clostridia;o__Clostridia_UCG-014;f__Incertae_Sedis;g__Incertae_Sedis	0.9999999999992326
272d23d08664275e4c1c58c75ccf006e	d__Bacteria;p__Bacteroidota;c__Bacteroidia;o__Bacteroidales;f__Muribaculaceae;g__Incertae_Sedis	0.9999999987936974
76043356cff11ee30ac82521fd461c6a	d__Bacteria;p__Bacteroidota;c__Bacteroidia;o__Bacteroidales;f__Muribaculaceae;g__Muribaculum	0.9999997326557166
7dfe008f667ff09bae9d9121d523c6c4	d__Bacteria;p__Bacteroidota;c__Bacteroidia;o__Bacteroidales;f__Muribaculaceae;g__Incertae_Sedis	0.9999999557299769
a36e22c1ede4607050cc9284b7cd6496	d__Bacteria;p__Bacteroidota;c__Bacteroidia;o__Bacteroidales;f__Muribaculaceae;g__Incertae_Sedis	0.9999999665109561
1445284546d2346b353d3788bf10344b	d__Bacteria;p__Bacteroidota;c__Bacteroidia;o__Bacteroidales;f__Muribaculaceae;g__Incertae_Sedis	0.999999947979036
7b187172311d399c5f58448f98ef82fc	d__Bacteria;p__Bacillota;c__Clostridia;o__Lachnospirales;f__Lachnospiraceae	0.9999996174579239
01d1bf7508591877d1322bfbc61e6561	d__Bacteria;p__Bacteroidota;c__Bacteroidia;o__Bacteroidales;f__Muribaculaceae;g__Incertae_Sedis	0.9999999841772081
2c35ee2577ce2671ba8ae5fd06bbd5af	d__Bacteria;p__Bacteroidota;c__Bacteroidia;o__Bacteroidales;f__Bacteroidaceae;g__Bacteroides	0.9999999821842495
0908e900daaccda5baed99d2ed943253	d__Bacteria;p__Bacillota;c__Clostridia;o__Lachnospirales;f__Lachnospiraceae;g__ASF356	0.9999999843669799
967be0d83805cb6203d118d21288f303	d__Bacteria;p__Bacteroidota;c__Bacteroidia;o__Bacteroidales;f__Muribaculaceae;g__Incertae_Sedis	0.999999981793991
cdb339705c891cd5379d7520573f8002	d__Bacteria;p__Bacillota;c__Bacilli;o__Erysipelotrichales;f__Erysipelotrichaceae;g__Dubosiella	0.9999999999451603
654b45cec18576d461099d114eb85a74	d__Bacteria;p__Bacillota;c__Clostridia;o__Lachnospirales;f__Lachnospiraceae;g__Mediterraneibacter	0.8184392332148978
91d55482e66b62697025c08369964e72	d__Bacteria;p__Bacillota;c__Clostridia;o__Lachnospirales;f__Lachnospiraceae;g__Incertae_Sedis	0.9801345105056982
530570254536f0dd7e52038788f3cac2	d__Bacteria;p__Bacillota;c__Bacilli;o__Staphylococcales;f__Gemellaceae;g__Gemella	0.9999999984862598
57981e7efdf747b11dc9d2b3b019d1f3	d__Bacteria;p__Bacteroidota;c__Bacteroidia;o__Bacteroidales;f__Muribaculaceae;g__Incertae_Sedis	0.9999999990845367
87c12216e4781897505cda8c9c52f79b	d__Bacteria;p__Bacteroidota;c__Bacteroidia;o__Bacteroidales;f__Muribaculaceae;g__Incertae_Sedis	0.9999867105600222
3eb7127e70f6e6957ecebf2076af2be7	d__Bacteria;p__Bacillota;c__Clostridia;o__Lachnospirales;f__Lachnospiraceae;g__Anaerotignum	0.882394319786152
8ed77a13ee64de70b1e0902821e97b01	d__Bacteria;p__Thermodesulfobacteriota;c__Desulfovibrionia;o__Desulfovibrionales;f__Desulfovibrionaceae;g__Desulfovibrio	0.9987282408484134
c54eceb642cedf9a8798290738b2d334	d__Bacteria;p__Bacillota;c__Clostridia;o__Lachnospirales;f__Lachnospiraceae;g__Lachnospiraceae_NK4A136_group	0.9793821046914359
f30edf16ad3555e62cb3d50b8782c8ab	d__Bacteria;p__Bacillota;c__Clostridia;o__Lachnospirales;f__Lachnospiraceae;g__Incertae_Sedis	0.7485764072294468
5f364195d41ec43d1837f1b4730b7747	d__Bacteria;p__Bacillota;c__Clostridia;o__Lachnospirales;f__Lachnospiraceae;g__Lachnoclostridium	0.7190343156680147
7c50b569fbdaef883020dcbf31140301	d__Bacteria;p__Bacteroidota;c__Bacteroidia;o__Bacteroidales;f__Bacteroidaceae;g__Bacteroides	0.9999999898927854
5228f7e7b26cffa8863ced8477e8e0c5	d__Bacteria;p__Bacillota;c__Clostridia;o__Lachnospirales;f__Lachnospiraceae	0.9999980656431431
330e460d274011b41c1163e01a2b3f72	d__Bacteria;p__Bacteroidota;c__Bacteroidia;o__Bacteroidales;f__Muribaculaceae;g__Incertae_Sedis	0.9999999921229232
bc945f46b0b0e5b2603e483053328ed3	d__Bacteria;p__Bacillota;c__Clostridia;o__Lachnospirales;f__Lachnospiraceae	0.9999981108699783
fbeb050292084cf4d5383438b91f952d	d__Bacteria;p__Bacillota;c__Clostridia;o__Lachnospirales;f__Lachnospiraceae	0.9999999480575581
5fb8f4fb9e594dd7973f36e3562d09ee	d__Bacteria;p__Bacillota;c__Clostridia;o__Lachnospirales;f__Lachnospiraceae	0.9999931678930176
524d35a84dcb0e69eeab77396e9f0b88	d__Bacteria;p__Bacteroidota;c__Bacteroidia;o__Bacteroidales;f__Muribaculaceae;g__Incertae_Sedis	0.9999999997237978
527d1fbdac2f7e11706bfaa1b405efa0	d__Bacteria;p__Bacillota;c__Clostridia;o__Lachnospirales;f__Lachnospiraceae;g__Lachnospiraceae_NK4A136_group	0.9922093377679752
a3cb6c6aca9c3de6c44c437244348dcf	d__Bacteria;p__Bacillota;c__Clostridia;o__Oscillospirales;f__Oscillospiraceae;g__Colidextribacter	0.9767993031756806
ad74db2c00fb7cb51430b8ed483b8d4e	d__Bacteria;p__Bacillota;c__Clostridia;o__Lachnospirales;f__Lachnospiraceae	0.9999986940119857
5a92aca2a2c46f8808546aac910d9150	d__Bacteria;p__Bacillota;c__Clostridia;o__Lachnospirales;f__Lachnospiraceae	0.9999987318726281
896fef2982930be58b9589b43157eb04	d__Bacteria;p__Bacteroidota;c__Bacteroidia;o__Bacteroidales;f__Muribaculaceae;g__Muribaculum	0.9999998430270532
0e02601e0d220e22ea62f402dc7257f4	d__Bacteria;p__Pseudomonadota;c__Alphaproteobacteria;o__Rhodospirillales;f__Incertae_Sedis;g__Incertae_Sedis	0.9999999995135624
edee069bc8c403ff813b65cae85aed68	d__Bacteria;p__Bacillota;c__Clostridia;o__Lachnospirales;f__Lachnospiraceae	0.9999990296161229
c623d98de4e75550f5f8cfd6903db2e6	d__Bacteria;p__Bacillota;c__Clostridia;o__Lachnospirales;f__Lachnospiraceae	0.9999994427087846
5b99ee8c78aeb2834c6059af6386cfdd	d__Bacteria;p__Bacillota;c__Clostridia;o__Oscillospirales;f__Ruminococcaceae;g__Incertae_Sedis	0.9070002591119416
c1fb76ec32849d12c7bdb400c50c8797	d__Bacteria;p__Bacteroidota;c__Bacteroidia;o__Bacteroidales;f__Muribaculaceae;g__Incertae_Sedis	0.9999999776465247
3dd46b29e632b109254878bea4b74864	d__Bacteria;p__Bacillota;c__Bacilli;o__Erysipelotrichales;f__Erysipelotrichaceae;g__Dubosiella	0.9999999999581775
5f24901709a8b76442eadcfb705420fe	d__Bacteria;p__Bacillota;c__Bacilli;o__Erysipelotrichales;f__Erysipelatoclostridiaceae;g__Massiliomicrobiota	0.9999992435547275
415f89faa8faf80d5ba3f745aa9ab53e	d__Bacteria;p__Bacillota;c__Clostridia;o__Lachnospirales;f__Lachnospiraceae;g__Lachnospiraceae_NK4A136_group	0.9944557244685499
d07ab1972ef6ebba6f2f95d9500608ae	d__Bacteria;p__Bacillota;c__Clostridia;o__Lachnospirales;f__Lachnospiraceae;g__Lachnospiraceae_NK4A136_group	0.9964514855265002
3a09ac40e45e048d88e1de846aa0238f	d__Bacteria;p__Bacteroidota;c__Bacteroidia;o__Bacteroidales;f__Muribaculaceae;g__Incertae_Sedis	0.9999999963316952
63719996da32df4407d0a6d01cd20725	d__Bacteria;p__Bacteroidota;c__Bacteroidia;o__Bacteroidales;f__Muribaculaceae;g__Muribaculum	0.9999998405062754
86d9ebe25bd659bae657714b81ae4064	d__Bacteria;p__Bacillota;c__Clostridia;o__Clostridia_UCG-014;f__Incertae_Sedis;g__Incertae_Sedis	0.9999999999981526
4b89a64b30cc256b9a2e49c5fa2d50b1	d__Bacteria;p__Bacillota;c__Bacilli;o__Erysipelotrichales;f__Erysipelotrichaceae;g__Dubosiella	0.9999999999573816
f8607c1ec4358547ac1c25de91e15cc4	d__Bacteria;p__Actinomycetota;c__Coriobacteriia;o__Coriobacteriales;f__Atopobiaceae	0.9999313837417959
84a1843fff842ec3198e1510339e9151	d__Bacteria;p__Bacillota;c__Clostridia;o__Lachnospirales;f__Lachnospiraceae;g__Faecalimonas	0.9760444974225788
ef50363a7c2177ab30abcf789538b007	d__Bacteria;p__Patescibacteria;c__Saccharimonadia;o__Saccharimonadales;f__Saccharimonadaceae;g__Candidatus_Saccharimonas	0.9999999999029967
a75d9b20f47d01586854dec0ac2d4956	d__Bacteria;p__Bacillota;c__Clostridia;o__Oscillospirales;f__Oscillospiraceae;g__Oscillibacter	0.9999883685577536
2e4f0c8475f78fe8fe3c5db0d475181d	d__Bacteria;p__Bacteroidota;c__Bacteroidia;o__Bacteroidales;f__Muribaculaceae;g__Incertae_Sedis	0.9999982478787788
df578dba2ba697a6e36fa458d2103b1b	d__Bacteria;p__Bacillota;c__Clostridia;o__Lachnospirales;f__Lachnospiraceae;g__Blautia	0.9602144758804437
727c6f4f026ee26f7900eceb8572d5c6	d__Bacteria;p__Bacteroidota;c__Bacteroidia;o__Bacteroidales;f__Bacteroidaceae;g__Bacteroides	0.9999999999225793
cba4438f44381b284034d782f0b03651	d__Bacteria;p__Bacteroidota;c__Bacteroidia;o__Bacteroidales;f__Muribaculaceae;g__Incertae_Sedis	0.9999997764548106
030884d44a9d5be82b7144617ac48c46	d__Bacteria;p__Bacillota;c__Clostridia;o__Lachnospirales;f__Lachnospiraceae	0.9999968462764385
5997c670ff8e39f59afb763e02e5cf95	d__Bacteria;p__Actinomycetota;c__Coriobacteriia;o__Coriobacteriales;f__Eggerthellaceae;g__Adlercreutzia	0.9996546318007808
8a0fca605ba393f35ed3b782852cfb94	d__Bacteria;p__Bacteroidota;c__Bacteroidia;o__Bacteroidales;f__Muribaculaceae;g__Incertae_Sedis	0.99999840972184
cecac233b11d9ec838024fc76d152958	d__Bacteria;p__Bacteroidota;c__Bacteroidia;o__Bacteroidales;f__Muribaculaceae;g__Incertae_Sedis	0.9999998417768109
19664b08a3aa2ab655945533c15052f1	d__Bacteria;p__Bacteroidota;c__Bacteroidia;o__Bacteroidales;f__Muribaculaceae;g__Incertae_Sedis	0.9999999769823094
f13549b4c701ed60b3466f2b6f1978a7	d__Bacteria;p__Bacillota;c__Clostridia;o__Lachnospirales;f__Lachnospiraceae	0.9999990890359394
3c431a9b40b99a0947d94b2c6e0ab807	d__Bacteria;p__Bacteroidota;c__Bacteroidia;o__Bacteroidales;f__Muribaculaceae;g__Incertae_Sedis	0.99999999963768
2d450c622b4ddc6ef04d4cc3279a0596	d__Bacteria;p__Bacillota;c__Clostridia;o__Lachnospirales;f__Lachnospiraceae;g__Lachnospiraceae_NK4A136_group	0.9953043173482796
991a079da111715ecad8b88086ce6129	d__Bacteria;p__Bacillota;c__Clostridia;o__Peptococcales;f__Peptococcaceae;g__Incertae_Sedis	0.999998576041397
2c83e6fe5d4cdc66f959097a89bed92a	d__Bacteria;p__Bacillota;c__Clostridia;o__Lachnospirales;f__Lachnospiraceae	0.9999966838340144
2e320467c3f7be544eb79e5a2638013e	d__Bacteria;p__Actinomycetota;c__Coriobacteriia;o__Coriobacteriales;f__Eggerthellaceae;g__Adlercreutzia	0.9996320966953236
b34fee02043ae56905bc4322b9a16ccb	d__Bacteria;p__Bacillota;c__Clostridia;o__Lachnospirales;f__Lachnospiraceae;g__GCA-900066575	0.9858613653524095
d72372c31333c4f6d326fcc802036b91	d__Bacteria;p__Bacillota;c__Clostridia;o__Lachnospirales;f__Lachnospiraceae;g__Lachnospiraceae_NK4A136_group	0.9512759075671982
a5cc7097380a1c6bb31498052f761f06	d__Bacteria;p__Bacteroidota;c__Bacteroidia;o__Bacteroidales;f__Muribaculaceae;g__Incertae_Sedis	0.9999999990234585
275c92644f556d7ade49b8e736206476	d__Bacteria;p__Bacillota;c__Clostridia;o__Lachnospirales;f__Lachnospiraceae;g__Lachnospiraceae_NK4A136_group	0.9948537205519349
238fd1a77e6c619f4dcec6e86cb3d3e2	d__Bacteria;p__Bacteroidota;c__Bacteroidia;o__Bacteroidales;f__Muribaculaceae;g__Incertae_Sedis	0.9999997291736318
6243bc0c7a8497fab3add9661da6340e	d__Bacteria;p__Bacillota;c__Clostridia;o__Lachnospirales;f__Lachnospiraceae;g__Lachnospiraceae_NK4A136_group	0.8814178166852589
ee3a3630dfca9b534f5c8f5480529bfe	d__Bacteria;p__Bacillota;c__Clostridia;o__Clostridia_UCG-014;f__Incertae_Sedis;g__Incertae_Sedis	0.9999999999410534
c21f1779d279a9a548ad4a6633acca94	d__Bacteria;p__Bacillota;c__Clostridia;o__Lachnospirales;f__Lachnospiraceae	0.9999991364670591
890c356b3fa3952ac6117f68f24ee618	d__Bacteria;p__Bacillota;c__Clostridia;o__Lachnospirales;f__Lachnospiraceae;g__Roseburia	0.7966487724483368
440fe1a2213cf3a0e5050808747a4e28	d__Bacteria;p__Bacillota;c__Clostridia;o__Oscillospirales;f__Butyricicoccaceae;g__Agathobaculum	0.9998460326952159
132bc0f40949bf5cbda4ce3189d12093	d__Bacteria;p__Bacillota;c__Bacilli;o__Erysipelotrichales;f__Erysipelatoclostridiaceae;g__Massiliomicrobiota	0.9999997700659813
67897b8d2438a2aa3eae7cb8d76be093	d__Bacteria;p__Patescibacteria;c__Saccharimonadia;o__Saccharimonadales;f__Saccharimonadaceae;g__Candidatus_Saccharimonas	0.9999999998281339
3295a5b2ef49d9a0996028712aae970b	d__Bacteria;p__Bacillota;c__Clostridia;o__Lachnospirales;f__Lachnospiraceae	0.9999999627348731
4f402c2e13a8c78e75aba9ca40582bdd	d__Bacteria;p__Bacillota;c__Clostridia;o__Monoglobales;f__Monoglobaceae;g__Monoglobus	0.999999989258754
769179e88aa3beb960bca62b8ced102f	d__Bacteria;p__Bacillota;c__Clostridia;o__Lachnospirales;f__Lachnospiraceae	0.9999984373639146
eb050e3f88a9a78a691fad3d763f8f30	d__Bacteria;p__Bacillota;c__Clostridia;o__Lachnospirales;f__Lachnospiraceae;g__Lachnospiraceae_NK4A136_group	0.9913967084913197
5378ab62652ccd82884b402d3564f4ba	d__Bacteria;p__Bacillota;c__Clostridia;o__Oscillospirales;f__Ruminococcaceae;g__Incertae_Sedis	0.9083701436460886
ed6bd5657fde60b163e10b8d0de0c49e	d__Bacteria;p__Bacteroidota;c__Bacteroidia;o__Bacteroidales;f__Muribaculaceae;g__Incertae_Sedis	0.9999999994483062
51b0b026c8fa34aefe7ae82d28560484	d__Bacteria;p__Bacillota;c__Bacilli;o__Staphylococcales;f__Staphylococcaceae;g__Mammaliicoccus	0.9950807102205549
9f81dc2f5d7df9535c8180abc06546c4	d__Bacteria;p__Bacillota;c__Clostridia;o__Lachnospirales;f__Lachnospiraceae	0.9999950541223883
99d27a1ddda480d82fd29f00177a9484	d__Bacteria;p__Bacillota;c__Clostridia;o__Lachnospirales;f__Lachnospiraceae	0.9999979660789904
e6cb0b9380198c95102e80bd5f4ca5ff	d__Bacteria;p__Bacillota;c__Clostridia;o__Lachnospirales;f__Lachnospiraceae;g__[Eubacterium]_xylanophilum_group	0.998833126721927
2d8307f6db5a4ea6db1dc65f3a3dfb82	d__Bacteria;p__Bacillota;c__Clostridia;o__Clostridia_UCG-014;f__Incertae_Sedis;g__Incertae_Sedis	0.9999999999996305
81f6f1bd6670b8ee493a405d44acd4f0	d__Bacteria;p__Bacillota;c__Clostridia;o__Lachnospirales;f__Lachnospiraceae;g__Lachnospiraceae_NK4A136_group	0.9358891186206597
56a53d853ff3287b38e86f1ae16a6c7e	d__Bacteria;p__Bacillota;c__Clostridia;o__Oscillospirales;f__Oscillospiraceae;g__Colidextribacter	0.8231879849545909
efb93cefcddbcf4602c35568ba7755a0	d__Bacteria;p__Bacillota;c__Clostridia;o__Oscillospirales;f__Oscillospiraceae;g__Intestinimonas	0.978939362940883
62efd22a5763c2e7f8e24a580f445042	d__Bacteria;p__Bacteroidota;c__Bacteroidia;o__Bacteroidales;f__Muribaculaceae;g__Incertae_Sedis	0.9999999928183172
94b8f1c21490bf4a36aebedd69bc149f	d__Bacteria;p__Bacteroidota;c__Bacteroidia;o__Bacteroidales;f__Muribaculaceae;g__Incertae_Sedis	0.9999999469071682
3b7a95886c03351ddffe2901617763d9	d__Bacteria;p__Bacteroidota;c__Bacteroidia;o__Bacteroidales;f__Muribaculaceae;g__Incertae_Sedis	0.9999998262808996
a1b3697410d34f718895a0d9bd5f8aa3	d__Bacteria;p__Bacillota;c__Clostridia;o__Lachnospirales;f__Lachnospiraceae;g__Roseburia	0.8305506417735661
9604548f20ec30a0ff4d94e80a94d764	d__Bacteria;p__Bacteroidota;c__Bacteroidia;o__Bacteroidales;f__Muribaculaceae;g__Incertae_Sedis	0.9999999976767526
ac758289e53f97b02624c43428faec58	d__Bacteria;p__Bacillota;c__Clostridia;o__Oscillospirales;f__Oscillospiraceae	0.9999996153411579
ed05ac2558b650d28b1a9029cc987044	d__Bacteria;p__Bacillota;c__Clostridia;o__Lachnospirales;f__Lachnospiraceae;g__[Eubacterium]_xylanophilum_group	0.9988551747094423
ea4ebe6ee1d3651d1915a35e3e73d54a	d__Bacteria;p__Pseudomonadota;c__Alphaproteobacteria;o__Rhodospirillales;f__Incertae_Sedis;g__Incertae_Sedis	0.9999998815231449
8e107d174b548edd43e9e95649e29156	d__Bacteria;p__Cyanobacteriota;c__Vampirivibrionia;o__Gastranaerophilales;f__Gastranaerophilaceae;g__Incertae_Sedis	0.9996763581531639
054bc262c4f3a3db142b3e0ba87787a5	d__Bacteria;p__Bacteroidota;c__Bacteroidia;o__Bacteroidales;f__Rikenellaceae;g__Alistipes	0.9999999999858744
648ab7cc7247b26c55f139bc11229c4c	d__Bacteria;p__Bacillota;c__Clostridia;o__Oscillospirales;f__Oscillospiraceae;g__Intestinimonas	0.8508563846868126
3a6d2bb88ce19985e96bdf7be0a7b8ae	d__Bacteria;p__Bacillota;c__Clostridia;o__Oscillospirales;f__Oscillospiraceae;g__NK4A214_group	0.9609473767807484
1050068bc4f9c27cf18e291ce26465e0	d__Bacteria;p__Bacteroidota;c__Bacteroidia;o__Bacteroidales;f__Muribaculaceae;g__Incertae_Sedis	0.9999999963506809
0236adb2e1e60c5cec6fb95e0c073edc	d__Bacteria;p__Bacillota;c__Clostridia;o__Lachnospirales;f__Lachnospiraceae;g__Marvinbryantia	0.993053896115222
219ee3c3b4825ccd8f4e503a746d4590	d__Bacteria;p__Bacillota;c__Clostridia;o__Lachnospirales;f__Lachnospiraceae;g__Lachnospiraceae_NK4A136_group	0.751534534173023
9b30f33e81619ff622d347facd96cf2f	d__Bacteria;p__Bacillota;c__Clostridia;o__Lachnospirales;f__Lachnospiraceae;g__Incertae_Sedis	0.9289643601931269
5acab566181b755b2bbc580ead6cea70	d__Bacteria;p__Bacillota;c__Bacilli;o__Lactobacillales;f__Lactobacillaceae	1.0000000000000002
df0982166045cb0b451e17f23e8a240c	d__Bacteria;p__Bacillota;c__Bacilli;o__RF39;f__Incertae_Sedis;g__Incertae_Sedis	0.9999999999996021
3039674479a75c833d1bb4cabf66f11f	d__Bacteria;p__Bacteroidota;c__Bacteroidia;o__Bacteroidales;f__Muribaculaceae;g__Incertae_Sedis	0.9999962778043918
67eddd37285500dd321d43d150116952	d__Bacteria;p__Bacillota;c__Clostridia;o__Lachnospirales;f__Lachnospiraceae;g__Incertae_Sedis	0.9810172313328804
368b2eb9f62e4e24740639b22e00bad6	d__Bacteria;p__Bacillota;c__Clostridia;o__Oscillospirales;f__Oscillospiraceae;g__Colidextribacter	0.9028024852759495
e4f87b7d3029089679938bd2abf7b806	d__Bacteria;p__Bacteroidota;c__Bacteroidia;o__Bacteroidales;f__Muribaculaceae;g__Incertae_Sedis	0.9999998265554532
c38fc96472c48ce825aa63b6aeecdd16	d__Bacteria;p__Bacteroidota;c__Bacteroidia;o__Bacteroidales;f__Rikenellaceae;g__Alistipes	0.9999999996945235
071723e06f68360925e356da91fe2597	d__Bacteria;p__Bacillota;c__Clostridia;o__Clostridia_UCG-014;f__Incertae_Sedis;g__Incertae_Sedis	0.9999999999292015
339c04779c769c67ab213a8aefaef41a	d__Bacteria;p__Patescibacteria;c__Saccharimonadia;o__Saccharimonadales;f__Saccharimonadaceae;g__Candidatus_Saccharimonas	0.9999999995194457
9ab33b9b9b4d49db53a8fc8f11ce5cfe	d__Bacteria;p__Bacteroidota;c__Bacteroidia;o__Bacteroidales;f__Rikenellaceae;g__Alistipes	0.9999999916238949
9fe59f47b5718b6727f0b43c947da270	d__Bacteria;p__Bacillota;c__Clostridia;o__Lachnospirales;f__Lachnospiraceae	0.9999604789525023
be6a8da2718c65f9dc840ab7c02fd305	d__Bacteria;p__Actinomycetota;c__Coriobacteriia;o__Coriobacteriales;f__Eggerthellaceae;g__Adlercreutzia	0.9998481936565861
55d710f74c455f3b9713b4ed99376c64	d__Bacteria;p__Bacillota;c__Clostridia;o__Oscillospirales;f__Oscillospiraceae;g__Oscillibacter	0.9881590281672816
47e85c73d381f8c94c5483539322aa4a	d__Bacteria;p__Bacillota;c__Bacilli;o__Lactobacillales;f__Lactobacillaceae	0.9999999999999902
c6cdc71a1f7376db5a843ade152ed641	d__Bacteria;p__Bacillota;c__Bacilli;o__Lactobacillales;f__Enterococcaceae;g__Enterococcus	0.9979664492682578
2ee3122545e844efb348a1478928c979	d__Bacteria;p__Bacillota;c__Clostridia;o__Lachnospirales;f__Lachnospiraceae;g__Lachnospiraceae_NK4A136_group	0.9709512266259802
f6b42b87d933a45ec4c381c4cbbbeeab	d__Bacteria;p__Bacteroidota;c__Bacteroidia;o__Bacteroidales;f__Prevotellaceae;g__Xylanibacter	0.7634599372570581
0f6402765b55cfc94e243de4cdb1d51f	d__Bacteria;p__Bacteroidota;c__Bacteroidia;o__Bacteroidales;f__Bacteroidaceae;g__Bacteroides	0.999999984589664
800ae53286f0ddbf992f7e2c7444cc05	d__Bacteria;p__Bacillota;c__Bacilli;o__Erysipelotrichales;f__Erysipelotrichaceae;g__Dubosiella	0.9999999999444924
7b4d4b1abbaa2bedaa8353ef7718a093	d__Bacteria;p__Bacillota;c__Clostridia;o__Clostridia_UCG-014;f__Incertae_Sedis;g__Incertae_Sedis	0.9999999999924967
c2ac0e98cb70529fea0670c323052331	d__Bacteria;p__Bacillota;c__Clostridia;o__Lachnospirales;f__Lachnospiraceae;g__Marvinbryantia	0.9570223700212757
62e933496d8df50c50d208ddabc80f96	d__Bacteria;p__Bacteroidota;c__Bacteroidia;o__Bacteroidales;f__Muribaculaceae;g__Incertae_Sedis	0.9999999922529241
9c712bb63a4cd050387311e0492e393d	d__Bacteria;p__Bacteroidota;c__Bacteroidia;o__Bacteroidales;f__Muribaculaceae;g__Incertae_Sedis	0.9999999957257444
d467366c0208a0fcb14063ff5a7d3223	d__Bacteria;p__Pseudomonadota;c__Alphaproteobacteria;o__Rickettsiales;f__Mitochondria;g__Incertae_Sedis	0.9379858802668942
1999c83513e42b046d2b3b7240ae7bf9	d__Bacteria;p__Patescibacteria;c__Saccharimonadia;o__Saccharimonadales;f__Saccharimonadaceae;g__Candidatus_Saccharimonas	0.999999999419316
c0d1d42242002782096183be23200a9a	d__Bacteria;p__Actinomycetota;c__Coriobacteriia;o__Coriobacteriales;f__Eggerthellaceae;g__Adlercreutzia	0.7210554490707058
b14b18b9024754515857f4b77b4bf892	d__Bacteria;p__Pseudomonadota;c__Gammaproteobacteria;o__Burkholderiales;f__Sutterellaceae;g__Parasutterella	0.9999958302773526
5b77c71e61587a8af917922e97201173	d__Bacteria;p__Pseudomonadota;c__Alphaproteobacteria;o__Rickettsiales;f__Mitochondria;g__Incertae_Sedis	0.9839300850290952
f176b51e110c8999800b4a98b964c514	d__Bacteria;p__Bacteroidota;c__Bacteroidia;o__Bacteroidales;f__Muribaculaceae;g__Incertae_Sedis	0.9999990912871092
ce199258b81091a58ce733aef2e5660f	d__Bacteria;p__Bacillota;c__Clostridia;o__Lachnospirales;f__Lachnospiraceae;g__Lachnospiraceae_NK4A136_group	0.9459092302033778
ca186a9eea5c490388e0c9d374834eeb	d__Bacteria;p__Thermodesulfobacteriota;c__Desulfovibrionia;o__Desulfovibrionales;f__Desulfovibrionaceae;g__Desulfovibrio	0.9999947112165466
49f1010637f77172cf5ec133737c6d8d	d__Bacteria;p__Bacillota;c__Clostridia;o__Oscillospirales;f__Oscillospiraceae;g__Colidextribacter	0.8628437570021961
fec6df727bb9695a454ff3b324e70e79	d__Bacteria;p__Bacillota;c__Bacilli;o__Erysipelotrichales;f__Erysipelotrichaceae;g__Dubosiella	0.9999999999601386
b44a0f1fd2f96c2be3a903b7bce3e9df	d__Bacteria;p__Bacillota;c__Bacilli;o__Erysipelotrichales;f__Erysipelotrichaceae;g__Incertae_Sedis	0.9999239974329862
b8b35f1da7dcb563fedef23b06d165f6	d__Bacteria;p__Bacteroidota;c__Bacteroidia;o__Bacteroidales;f__Muribaculaceae;g__Incertae_Sedis	0.9779830833295488
c2db275955cf67441fba56e0090b6ba2	d__Bacteria;p__Bacillota;c__Clostridia;o__Lachnospirales;f__Lachnospiraceae;g__Blautia	0.9632977343178937
205da725207aa1344fb3cec82f268c16	d__Bacteria;p__Bacillota;c__Clostridia;o__Oscillospirales;f__Ruminococcaceae;g__Incertae_Sedis	0.9802638059918002
3ed1b54d44953394fed8d63a83bb494d	d__Bacteria;p__Campylobacterota;c__Campylobacteria;o__Campylobacterales;f__Helicobacteraceae;g__Helicobacter	0.9999999922064262
e7608a750cdc82bbc9108a119121aa2d	d__Bacteria;p__Bacillota;c__Clostridia;o__Clostridia_vadinBB60_group;f__Incertae_Sedis;g__Incertae_Sedis	0.9999999250913191
39b760a493fe7653d172eaa21bcdc8aa	d__Bacteria;p__Bacillota;c__Clostridia;o__Oscillospirales;f__Ruminococcaceae;g__[Eubacterium]_siraeum_group	0.9867565417562012
b8175c0195dadf92e5bfcc97b3fa57af	d__Bacteria;p__Bacillota;c__Clostridia;o__Lachnospirales;f__Lachnospiraceae;g__Lachnospiraceae_NK4A136_group	0.972797956827705
f6208a02b9a47eb35ad71bfba31b6913	d__Bacteria;p__Bacillota;c__Clostridia;o__Lachnospirales;f__Lachnospiraceae;g__Butyribacter	0.9999971040597738
842e76ab951e22086eb0bff2542606a4	d__Bacteria;p__Bacteroidota;c__Bacteroidia;o__Bacteroidales;f__Muribaculaceae;g__Incertae_Sedis	0.9999999888779884
a76999b0f4bb08936bcd2fe8a522b283	d__Bacteria;p__Bacillota;c__Clostridia;o__Lachnospirales;f__Lachnospiraceae;g__Incertae_Sedis	0.9255696777242537
26fb1d3ebb5837c9cc111c418301cb74	d__Bacteria;p__Bacillota;c__Clostridia;o__Oscillospirales;f__Ruminococcaceae;g__Negativibacillus	0.9583729435757486
2c7216285f93cb4af1f8eb72b9a1c9ee	d__Bacteria;p__Bacillota;c__Clostridia;o__Clostridia_vadinBB60_group;f__Incertae_Sedis;g__Incertae_Sedis	0.999999888333952
5dfaf2fedbf9ad83ff35916a242e42ba	d__Bacteria;p__Actinomycetota;c__Coriobacteriia;o__Coriobacteriales;f__Atopobiaceae	0.9997913656500048
6e18122c7469a9433c97fc34ef52a28d	d__Bacteria;p__Bacillota;c__Clostridia;o__Lachnospirales;f__Lachnospiraceae;g__Roseburia	0.9336559467332067
ecbcfc68405687033a1f5c2d14c3f703	d__Bacteria;p__Bacillota;c__Bacilli;o__Erysipelotrichales;f__Erysipelotrichaceae;g__Allobaculum	0.9999999997251052
2c6975339c10d985f6038ebc0cc9f502	d__Bacteria;p__Bacteroidota;c__Bacteroidia;o__Bacteroidales;f__Muribaculaceae;g__Incertae_Sedis	0.999999984764287
050e19fb55203f35e93fdd022c79f1e1	d__Bacteria;p__Pseudomonadota;c__Gammaproteobacteria;o__Burkholderiales;f__Sutterellaceae;g__Parasutterella	0.9999809680063341
fbb7ce0997c2b5581c5d4541186b7fb1	d__Bacteria;p__Bacillota;c__Clostridia;o__Clostridia_UCG-014;f__Incertae_Sedis;g__Incertae_Sedis	0.9999999999967883
4160af217517a57e1175b5d5f137ec5a	d__Bacteria;p__Actinomycetota;c__Coriobacteriia;o__Coriobacteriales;f__Eggerthellaceae;g__Adlercreutzia	0.7374628554082463
572cc8a31ab017369814e55b96205d04	d__Bacteria;p__Bacillota;c__Clostridia;o__Oscillospirales;f__Ruminococcaceae;g__Anaerotruncus	0.9999996929839102
77da8d8afe07e31d0a9647daf0ee90f7	d__Bacteria;p__Bacillota;c__Clostridia;o__Peptostreptococcales-Tissierellales;f__Peptostreptococcaceae;g__Romboutsia	0.9925594652912143
470a3f6d47e83cc74ca96394b38db6b4	d__Bacteria;p__Bacillota;c__Clostridia;o__Clostridia_UCG-014;f__Incertae_Sedis;g__Incertae_Sedis	0.9999999999212719
d4aadaf3abe6ab8b33c4a67670c472e8	d__Bacteria;p__Bacillota;c__Clostridia;o__Oscillospirales;f__Oscillospiraceae;g__Intestinimonas	0.9014184884261779
0bbf3db0ae6d1f6e59e2222bdfa75afe	d__Bacteria;p__Bacillota;c__Bacilli;o__Erysipelotrichales;f__Erysipelotrichaceae;g__Dubosiella	0.9999999999484714
dd74ed6ea217a8ffad4e53515becc7f4	d__Bacteria;p__Bacillota;c__Clostridia;o__Oscillospirales;f__Ruminococcaceae	0.9929118862394533
ee37f980ac72ccb4f19f12c087e02365	d__Bacteria;p__Bacillota;c__Clostridia;o__Lachnospirales;f__Lachnospiraceae	0.999997205105422
2743f0d82b724250efffe3fa5096a3ff	d__Bacteria;p__Bacteroidota;c__Bacteroidia;o__Bacteroidales;f__Muribaculaceae;g__Incertae_Sedis	0.9999960834356857
74e0e673fdb7d0d082e377d2efb8f077	d__Bacteria;p__Bacteroidota;c__Bacteroidia;o__Bacteroidales;f__Marinifilaceae;g__Odoribacter	0.9999999999857607
e7e430a8b4b5e7f823716babe4288069	d__Bacteria;p__Bacillota;c__Bacilli;o__Erysipelotrichales;f__Erysipelotrichaceae;g__Allobaculum	0.99999999990834
11f48f9bb51eb7f6aa961659181191f2	d__Bacteria;p__Bacillota;c__Clostridia;o__Clostridia_UCG-014;f__Incertae_Sedis;g__Incertae_Sedis	0.999999999999261
5c1e85eefd4297635ef6bb52271aa444	d__Bacteria;p__Bacillota;c__Bacilli;o__Lactobacillales;f__Lactobacillaceae;g__Limosilactobacillus	0.8944633413606563
1c0c019803006fc12e7b7e976e0d4d48	d__Bacteria;p__Bacteroidota;c__Bacteroidia;o__Bacteroidales;f__Muribaculaceae;g__Incertae_Sedis	0.9999993399156228
ca26517fe53c2eef249edf26cd8d6265	d__Bacteria;p__Bacillota;c__Clostridia;o__Lachnospirales;f__Lachnospiraceae;g__Lachnospiraceae_NK4A136_group	0.9768295065990421
4149e7afc413d557b531ca78d17d8fe3	d__Bacteria;p__Bacillota;c__Bacilli;o__Erysipelotrichales;f__Erysipelotrichaceae;g__Turicibacter	0.9999999999995737
68a3356a0b25676fd6e75d898775f190	d__Bacteria;p__Pseudomonadota;c__Alphaproteobacteria;o__Rickettsiales;f__Mitochondria;g__Incertae_Sedis	0.9394397256120696
3f4f4add695856644b006957ae3e0933	d__Bacteria;p__Bacillota;c__Clostridia;o__Lachnospirales;f__Lachnospiraceae;g__ASF356	0.9999998806123145
e007c0d9f6faa7265776794ed0ea702c	d__Bacteria;p__Bacillota;c__Clostridia;o__Clostridia_UCG-014;f__Incertae_Sedis;g__Incertae_Sedis	0.9999999999994884
4478340a0c7d5c05551b4b70bf3dd6ee	d__Bacteria;p__Bacillota;c__Clostridia;o__Oscillospirales;f__Oscillospiraceae;g__Colidextribacter	0.8415128496123416
ff6574de49582ac2abcf7e3b7db61aa9	d__Bacteria;p__Bacteroidota;c__Bacteroidia;o__Bacteroidales;f__Rikenellaceae;g__Alistipes	0.9999999992412825
3809ba4bb865046ef35031dbcdfba852	d__Bacteria;p__Bacillota;c__Clostridia;o__Clostridia_UCG-014;f__Incertae_Sedis;g__Incertae_Sedis	0.9999999999963336
ae0fe02b4f126ea332301c11cab022d0	d__Bacteria;p__Bacteroidota;c__Bacteroidia;o__Bacteroidales;f__Muribaculaceae;g__Incertae_Sedis	0.9999969472407017
227107c66a4aeacf6bc2ec6b6aa2e191	d__Bacteria;p__Cyanobacteriota;c__Cyanobacteriia;o__Chloroplast;f__Incertae_Sedis;g__Incertae_Sedis	0.999999999987665
190a2654a8cbe822a9c5b1183511eab8	d__Bacteria;p__Bacteroidota;c__Bacteroidia;o__Bacteroidales;f__Rikenellaceae;g__Rikenellaceae_RC9_gut_group	0.9998459902617156
d6e5cfd252ce4bba53905fe33160f14c	d__Bacteria;p__Bacillota;c__Clostridia;o__Lachnospirales;f__Lachnospiraceae;g__Lachnospiraceae_NK4A136_group	0.9967399033175413
94a354de287a718e1108961e63e84756	d__Bacteria;p__Pseudomonadota;c__Gammaproteobacteria;o__Enterobacterales;f__Pasteurellaceae;g__Rodentibacter	0.9994496965406248
ae0ff6f4c5f3d88a7dc413411cb946f6	d__Bacteria;p__Bacillota;c__Clostridia;o__Oscillospirales;f__Butyricicoccaceae;g__UCG-009	0.9999999554461577
a99d3398a88c3a8647de27d205057456	d__Bacteria;p__Bacteroidota;c__Bacteroidia;o__Bacteroidales;f__Muribaculaceae;g__Incertae_Sedis	0.999999997710745
06829f5e790e25bc00feb04723401279	d__Bacteria;p__Bacillota;c__Clostridia;o__Oscillospirales;f__Oscillospiraceae	0.9999967023517797
e69ebfe1ab8e1a8d58537cf31249dd4f	d__Bacteria;p__Bacillota;c__Clostridia;o__Lachnospirales;f__Lachnospiraceae;g__Lachnospiraceae_NK4A136_group	0.988253734788837
0e5e08c495149fd9cdaebff714639333	d__Bacteria;p__Bacillota;c__Clostridia;o__Oscillospirales;f__Ruminococcaceae;g__Incertae_Sedis	0.978145179255566
87895d0857bc40328b2fe84d4844bf88	d__Bacteria;p__Bacteroidota;c__Bacteroidia;o__Bacteroidales;f__Rikenellaceae;g__Alistipes	0.9999999694520345
d4de8f4ef7b0334c34b38ad4ddf8be46	d__Bacteria;p__Bacillota;c__Clostridia;o__Clostridia_UCG-014;f__Incertae_Sedis;g__Incertae_Sedis	0.9999999999977831
8250eddb312a2ce9a9eebfe1ce3c5f35	d__Bacteria;p__Bacillota;c__Clostridia;o__Oscillospirales;f__Oscillospiraceae;g__Oscillibacter	0.9999626007944986
1f3de8f9bcedce37e00b4949c993d653	d__Bacteria;p__Bacillota;c__Clostridia;o__Oscillospirales;f__Oscillospiraceae	0.9999981227189781
03dbe598b83ff8ff585dedfdd6c29514	d__Bacteria;p__Bacillota;c__Clostridia;o__Lachnospirales;f__Lachnospiraceae	0.9999995161450435
ecc3a5fac76720ce930ca636ade69c58	d__Bacteria;p__Bacillota;c__Clostridia;o__Lachnospirales;f__Lachnospiraceae;g__Incertae_Sedis	0.9742457319739336
a07d069f974bd6d6a6490382daad19b0	d__Bacteria;p__Bacillota;c__Clostridia;o__Oscillospirales;f__UCG-010;g__Incertae_Sedis	0.9999997679256282
326c1c807819ee8482ca5a7661aad357	d__Bacteria;p__Bacillota;c__Clostridia;o__Peptostreptococcales-Tissierellales;f__Anaerovoracaceae;g__Family_XIII_UCG-001	0.9999998074281863
94882d0fac3c3dbd18c4a6a38217c5b9	d__Bacteria;p__Bacillota;c__Clostridia;o__Lachnospirales;f__Lachnospiraceae	0.9999998487217592
f9362e97368465f51783a8d40458bfdd	d__Bacteria;p__Bacteroidota;c__Bacteroidia;o__Bacteroidales;f__Prevotellaceae;g__Prevotellaceae_UCG-003	0.9999999924260123
e66ae435ecaa039be27c252e4a06e2ca	d__Bacteria;p__Bacillota;c__Clostridia;o__Oscillospirales;f__Oscillospiraceae;g__Intestinimonas	0.8035784349813565
2abf95b0c13433a4d70206d68552544e	d__Bacteria;p__Bacillota;c__Clostridia;o__Oscillospirales;f__Ruminococcaceae;g__Paludicola	0.9607680314461071
7a1948969ec9bc38eccd2e558a46c74d	d__Bacteria;p__Bacillota;c__Bacilli;o__Erysipelotrichales;f__Incertae_Sedis;g__Incertae_Sedis	0.9999999999007798
43b47dc5c989958b2d6b8e5cf8dff88e	d__Bacteria;p__Bacillota;c__Bacilli;o__Erysipelotrichales;f__Erysipelotrichaceae;g__Dubosiella	0.999999999965894
9c356cd6c7a04e4afad8371c24441141	d__Bacteria;p__Bacillota;c__Bacilli;o__RF39;f__Incertae_Sedis;g__Incertae_Sedis	0.9999999993924575
4d0a17d186c04c5eaf121e1f38105719	d__Bacteria;p__Bacillota;c__Bacilli;o__Lactobacillales;f__Lactobacillaceae;g__Lactobacillus	0.9690940042191024
74706f36977b3c865f8c120f40ea90ad	d__Bacteria;p__Bacillota;c__Clostridia;o__Lachnospirales;f__Lachnospiraceae;g__Incertae_Sedis	0.7043253259962666
0797e4d85eafcfe3fb91656646b46588	d__Bacteria;p__Bacteroidota;c__Bacteroidia;o__Bacteroidales;f__Muribaculaceae;g__Incertae_Sedis	0.999999996527805
48e67882683570eb7f6e404ddc799f50	d__Bacteria;p__Thermodesulfobacteriota;c__Desulfovibrionia;o__Desulfovibrionales;f__Desulfovibrionaceae;g__Bilophila	0.9999838435119323
5c69dcc25f9936c10aeee5dea412b38c	d__Bacteria;p__Bacillota;c__Clostridia;o__Lachnospirales;f__Lachnospiraceae;g__A2	0.999999166555603
9363024cded7db23e50421ecfb3ef59a	d__Bacteria;p__Bacillota;c__Clostridia;o__Lachnospirales;f__Lachnospiraceae;g__Lachnospiraceae_NK4A136_group	0.960135645545213
c958a8c17fc76d3bdffbc7f44256f789	d__Bacteria;p__Bacillota;c__Bacilli;o__Erysipelotrichales;f__Erysipelotrichaceae;g__Dubosiella	0.9999999923163898
ebf091665c2293f657e6583e1a6e3480	d__Bacteria;p__Bacillota;c__Clostridia;o__Clostridia_UCG-014;f__Incertae_Sedis;g__Incertae_Sedis	0.9999999999932072
97d3bc8e47de791a1fed92cc6f30e77a	d__Bacteria;p__Bacillota;c__Clostridia;o__Lachnospirales;f__Lachnospiraceae;g__Lachnospiraceae_NK4A136_group	0.995608853039352
e47152a578af445ace5605e80ebcbc65	d__Bacteria;p__Bacteroidota;c__Bacteroidia;o__Bacteroidales;f__Muribaculaceae;g__Incertae_Sedis	0.9990934171177882
e03961123571ef7bb1d0f37736624f89	d__Bacteria;p__Bacillota;c__Clostridia;o__Lachnospirales;f__Lachnospiraceae	0.9999954594799194
39572c04d4077d752a0d3862dffeb91f	d__Bacteria;p__Bacteroidota;c__Bacteroidia;o__Bacteroidales;f__Muribaculaceae;g__Incertae_Sedis	0.9999990343426761
dd45640850f0fc8bb1e871c9b19f47bd	d__Bacteria;p__Bacteroidota;c__Bacteroidia;o__Bacteroidales;f__Muribaculaceae;g__Incertae_Sedis	0.9999999667134892
c53a0c03e594df1cc579131cb6643c8b	d__Bacteria;p__Bacillota;c__Clostridia;o__Clostridia_UCG-014;f__Incertae_Sedis;g__Incertae_Sedis	0.9999999999970441
98ee11eb8418f6056c865480357e2c38	d__Bacteria;p__Actinomycetota;c__Coriobacteriia;o__Coriobacteriales;f__Atopobiaceae;g__Coriobacteriaceae_UCG-002	0.8513144256936976
f4d0a77ac6cd7d07317c5a76c0716bf0	d__Bacteria;p__Bacillota;c__Clostridia;o__Lachnospirales;f__Lachnospiraceae;g__Lachnoclostridium	0.7432418029159654
6f28d2fc2a96d555b7db7fd47f620e94	d__Bacteria;p__Bacillota;c__Clostridia;o__Oscillospirales;f__Oscillospiraceae;g__Intestinimonas	0.8559097148245993
cceca8625e2b77d7a0778d6af2f7b60b	d__Bacteria;p__Bacillota;c__Bacilli;o__RF39;f__Incertae_Sedis;g__Incertae_Sedis	0.9999999999939462
8976e08284672e8994879b185a625240	d__Bacteria;p__Bacillota;c__Bacilli;o__Erysipelotrichales;f__Erysipelotrichaceae;g__Incertae_Sedis	0.9997729290008476
08dba6811492386560788098fd6d2606	d__Bacteria;p__Bacillota;c__Clostridia;o__Oscillospirales;f__Oscillospiraceae;g__Intestinimonas	0.9591914043830746
bc071e7618bf9bbc1c1ee7379d33894d	d__Bacteria;p__Bacillota;c__Clostridia;o__Oscillospirales;f__Ruminococcaceae;g__Incertae_Sedis	0.9342852581517826
02f98f242ead805110a83add0fe29573	d__Bacteria;p__Bacillota;c__Clostridia;o__Clostridia_UCG-014;f__Incertae_Sedis;g__Incertae_Sedis	0.9999999995627888
cd4decf13bc7c0d725a43a30d8cfb217	d__Bacteria;p__Bacteroidota;c__Bacteroidia;o__Bacteroidales;f__Muribaculaceae;g__Incertae_Sedis	0.99999999922494
aa3b7e3d688639aaf9fc5b160252f79f	d__Bacteria;p__Bacillota;c__Clostridia;o__Lachnospirales;f__Lachnospiraceae;g__Lachnospiraceae_NK4A136_group	0.9471076987232698
5c1b34f2447c3abcbb5783209a295c3f	d__Bacteria;p__Bacillota;c__Clostridia;o__Lachnospirales;f__Lachnospiraceae	0.9999986816635789
36d8851acabc2681999238d7b65f3b7d	d__Bacteria;p__Bacillota;c__Clostridia;o__Clostridiales;f__Clostridiaceae;g__Clostridium	0.872841178969405
2cd62b034a0454431799dcedd30e438f	d__Bacteria;p__Bacillota;c__Clostridia;o__Lachnospirales;f__Lachnospiraceae	0.9999985082622503
49452aa370fe97090a336f126b2e8e06	d__Bacteria;p__Bacillota;c__Clostridia;o__Lachnospirales;f__Lachnospiraceae;g__Tyzzerella	0.9892319801940697
a87fbdb270bd15908ccef8b1d70df0ae	d__Bacteria;p__Actinomycetota;c__Actinobacteria;o__Bifidobacteriales;f__Bifidobacteriaceae;g__Bifidobacterium	0.9999998938088538
80e3ca6f7df8cc2b43dfded2f1e64c3d	d__Bacteria;p__Bacillota;c__Clostridia;o__Lachnospirales;f__Lachnospiraceae;g__Lachnospiraceae_NK4A136_group	0.8961668113398864
98e12bd3a81c407c3a9bd2984a6a1bc7	d__Bacteria;p__Actinomycetota;c__Coriobacteriia;o__Coriobacteriales;f__Atopobiaceae	0.999940472741233
5050d2937154cab72face5f74938bfcc	d__Bacteria;p__Bacillota;c__Bacilli;o__Lactobacillales;f__Streptococcaceae;g__Lactococcus	0.9999789530236004
d2a19ba24bc30bd339af557907e50a87	d__Bacteria;p__Bacillota;c__Clostridia;o__Monoglobales;f__Monoglobaceae;g__Monoglobus	0.9999999755199841
e608db9a5b74b9cec1718486c80d041c	d__Bacteria;p__Bacillota;c__Clostridia;o__Oscillospirales;f__Oscillospiraceae;g__Incertae_Sedis	0.8166057308566704
bfd420fe7d2e19ab583857f34259bedb	d__Bacteria;p__Bacillota;c__Clostridia;o__Lachnospirales;f__Lachnospiraceae;g__Lachnospiraceae_NK4A136_group	0.9955509525079302
2cf61675b215073781ec8ed259c1c0ea	d__Bacteria;p__Bacteroidota;c__Bacteroidia;o__Bacteroidales;f__Muribaculaceae;g__Incertae_Sedis	0.9999999770722072
8ab1c4641af853a58d84f51dcee7c537	d__Bacteria;p__Bacillota;c__Clostridia;o__Lachnospirales;f__Lachnospiraceae	0.9999915941517746
476cd97e7740664d9437a51af902b5a5	d__Bacteria;p__Bacillota;c__Clostridia;o__Lachnospirales;f__Lachnospiraceae;g__Lachnoclostridium	0.8914029405252191
0bfda39f36d8263211f41c8a4ccecbf6	d__Bacteria;p__Bacillota;c__Clostridia;o__Oscillospirales;f__Oscillospiraceae	0.9999987882542514
f1177a7af3eac54a8ca75b1234e59e25	d__Bacteria;p__Bacillota;c__Clostridia;o__Oscillospirales;f__Ruminococcaceae;g__Anaerotruncus	0.9999996746269307
27b3d13f2b18635e6db038098e0fa7f9	d__Bacteria;p__Bacillota;c__Clostridia;o__Oscillospirales;f__Oscillospiraceae	0.9997811607644015
3ec9a72eea2934c7e20bf5e3840b3935	d__Bacteria;p__Bacteroidota;c__Bacteroidia;o__Bacteroidales;f__Tannerellaceae;g__Parabacteroides	0.9999629516032753
106e6b17a6a866f059edb6046bdfd2ed	d__Bacteria;p__Bacillota;c__Bacilli;o__Lactobacillales;f__Enterococcaceae;g__Enterococcus	0.9684385490796604
4cc4dd9379f5b4afc4f4397ac0baaed7	d__Bacteria;p__Bacillota;c__Bacilli;o__Erysipelotrichales;f__Erysipelotrichaceae;g__[Clostridium]_innocuum_group	0.9999974688820347
0c138614a84eba9fcc8d7955f7bb82eb	d__Bacteria;p__Bacillota;c__Clostridia;o__Oscillospirales;f__Ruminococcaceae;g__Incertae_Sedis	0.8874897465858675
13803aebd48c0325424b705336ecb793	d__Bacteria;p__Bacillota;c__Bacilli;o__Erysipelotrichales;f__Erysipelatoclostridiaceae;g__Massiliomicrobiota	0.972333805758121
cbf9a10d4a765b507cd37d0ddbdb179a	d__Bacteria;p__Pseudomonadota;c__Gammaproteobacteria;o__Burkholderiales;f__Sutterellaceae;g__Turicimonas	0.9999999718586712
d72afd62cb253e90f0efa422f0d1bff0	d__Bacteria;p__Bacillota;c__Clostridia;o__Lachnospirales;f__Lachnospiraceae;g__A2	0.9999803963765658
a3f3a2084480e3d5779777fc0a9848aa	d__Bacteria;p__Bacillota;c__Clostridia;o__Oscillospirales;f__Oscillospiraceae;g__Incertae_Sedis	0.8395862441168709
1c9b0422e1fdc2a6d3cfeceab3e3653d	d__Bacteria;p__Bacillota;c__Clostridia;o__Oscillospirales;f__Oscillospiraceae;g__Oscillibacter	0.8926031484352293
69d1e000709b57a4ef2d0c93e30c3a28	d__Bacteria;p__Bacillota;c__Clostridia;o__Lachnospirales;f__Lachnospiraceae;g__Tyzzerella	0.9999572088241764
9decc6de7fb28646e8a9d381f83de373	d__Bacteria;p__Bacillota;c__Clostridia;o__Lachnospirales;f__Lachnospiraceae;g__ASF356	0.9999999893436212
d5070fde554d03d4947821fc81641c39	d__Bacteria;p__Bacillota;c__Clostridia;o__Lachnospirales;f__Lachnospiraceae	0.9999982018818798
e487c2dde34ce6139a7cd8e8988be42e	d__Bacteria;p__Bacillota;c__Clostridia;o__Oscillospirales;f__Oscillospiraceae;g__Oscillibacter	0.9999672329457436
16f90d47f60c8487b8b92b22b3803403	d__Bacteria;p__Bacillota;c__Clostridia;o__Lachnospirales;f__Lachnospiraceae;g__Lachnospiraceae_NK4A136_group	0.9458424912182731
0b3702a80cb1cfe0cc7bbd031cb2fe06	d__Bacteria;p__Bacillota;c__Clostridia;o__Lachnospirales;f__Lachnospiraceae;g__Lachnospiraceae_NK4A136_group	0.989055256570128
4fd15b4b5990f1497dde5595566127d5	d__Bacteria;p__Bacteroidota;c__Bacteroidia;o__Bacteroidales;f__Rikenellaceae;g__Alistipes	0.9999999980065297
e01f9b18a1f8a54eb9ebd6bd2cec3815	d__Bacteria;p__Bacillota;c__Clostridia;o__Lachnospirales;f__Lachnospiraceae;g__Roseburia	0.9477131793899195
99f530afc9bb5d1188861c57d1391993	d__Bacteria;p__Bacillota;c__Bacilli;o__Lactobacillales;f__Streptococcaceae;g__Streptococcus	0.9999953474697577
860762aab829985ed0bbcf4d96383359	d__Bacteria;p__Actinomycetota;c__Coriobacteriia;o__Coriobacteriales;f__Eggerthellaceae;g__Adlercreutzia	0.9988084170292739
19c300fde6f1479db10c5c66fd68efd2	d__Bacteria;p__Bacillota;c__Clostridia;o__Oscillospirales;f__Oscillospiraceae	0.9997840989038951
ccdb391da0e2352b9f4ad194b9cfd993	d__Bacteria;p__Bacillota;c__Clostridia;o__Lachnospirales;f__Lachnospiraceae;g__[Eubacterium]_xylanophilum_group	0.9988010669530417
c6961cbe890d7b9ed18d5291d021d5be	d__Bacteria;p__Actinomycetota;c__Coriobacteriia;o__Coriobacteriales;f__Eggerthellaceae	0.9999167184648736
3523f3d8773da7c055091817ed3d5386	d__Bacteria;p__Bacillota;c__Clostridia;o__Oscillospirales;f__Ruminococcaceae	0.999157555011806
3198b13cdc556feec2065af2baa075cc	d__Bacteria;p__Bacillota;c__Clostridia;o__Lachnospirales;f__Lachnospiraceae	0.9999995390101268
d7422c1312fcbd66ef2ce852a8810562	d__Bacteria;p__Pseudomonadota;c__Gammaproteobacteria;o__Burkholderiales;f__Sutterellaceae;g__Turicimonas	0.9999999999979536
4cb8dea7cf2baf65ee65b8d7527fb989	d__Bacteria;p__Bacillota;c__Clostridia;o__Lachnospirales;f__Lachnospiraceae	0.9999991705422452
fc951ae936cace2a5f6669556ea4d247	d__Bacteria;p__Bacillota;c__Clostridia;o__Lachnospirales;f__Lachnospiraceae;g__Incertae_Sedis	0.8883800197256646
5bad07af64e9037e2378e0bfa6ae84f6	d__Bacteria;p__Bacillota;c__Clostridia;o__Peptostreptococcales-Tissierellales;f__Anaerovoracaceae;g__[Eubacterium]_brachy_group	0.9989722236389962
8019e1d4272c76a05727756f79767dde	d__Bacteria;p__Bacteroidota;c__Bacteroidia;o__Bacteroidales;f__Prevotellaceae;g__Xylanibacter	0.7262800585677055
28f097a2566679cf36efb11089424afa	d__Bacteria;p__Bacillota;c__Clostridia;o__Oscillospirales;f__Ruminococcaceae;g__Angelakisella	0.865667691764537
d7e7e7cf6fabf864a99ac6b450138a10	d__Bacteria;p__Bacillota;c__Clostridia;o__Lachnospirales;f__Lachnospiraceae;g__Lachnospiraceae_NK4A136_group	0.9443821929168665
0dea0355cf0f1cf07b93c12fabec4212	d__Bacteria;p__Bacillota;c__Clostridia;o__Clostridia_UCG-014;f__Incertae_Sedis;g__Incertae_Sedis	0.9999999999927525
621791df5bd80d36124d5e010fe01df6	d__Bacteria;p__Bacillota;c__Clostridia;o__Oscillospirales;f__Ruminococcaceae;g__Harryflintia	0.9999911274055057
d7515090a7b1aaf27b77e0280dce2ba2	d__Bacteria;p__Bacillota;c__Bacilli;o__Erysipelotrichales;f__Erysipelotrichaceae;g__Dubosiella	0.9999999997662883
3fffad398d97cb7a0552d8d6dcefd12c	d__Bacteria;p__Bacillota;c__Bacilli;o__Lactobacillales;f__Lactobacillaceae	1.000000000000003
662e8bcdb5fe1cd0b49648a19bf0d826	d__Bacteria;p__Bacillota;c__Clostridia;o__Oscillospirales;f__Oscillospiraceae;g__Intestinimonas	0.9447328252696895
a487c670099b87b1831dd6e4659a25d1	d__Bacteria;p__Deferribacterota;c__Deferribacteres;o__Deferribacterales;f__Deferribacteraceae;g__Mucispirillum	0.9999972900711552
49428b407e4f4125cab4a9b6ca666c1d	d__Bacteria;p__Bacillota;c__Clostridia;o__Lachnospirales;f__Lachnospiraceae	0.9999993977114198
182f499ca489ed3613c496334b0b97a9	d__Bacteria;p__Bacteroidota;c__Bacteroidia;o__Bacteroidales;f__Muribaculaceae;g__Incertae_Sedis	0.9999999988584705
b1e5bcfa68705468aed0deda1bbe7e9d	d__Bacteria;p__Bacillota;c__Clostridia;o__Lachnospirales;f__Lachnospiraceae;g__Lachnoclostridium	0.7051193752914806
a4ce919a0800fda357f4d9e52fe5e101	d__Bacteria;p__Bacillota;c__Clostridia;o__Clostridia_UCG-014;f__Incertae_Sedis;g__Incertae_Sedis	0.9999999997747295
1a6570015dd702b49b9dcfd7e12076a8	d__Bacteria;p__Bacillota;c__Clostridia;o__Lachnospirales;f__Lachnospiraceae;g__Lachnospiraceae_NK4A136_group	0.9960966161669365
4dd4fa3cf3181582ed0ba8b423944bdc	d__Bacteria;p__Bacillota;c__Clostridia;o__Oscillospirales;f__Ruminococcaceae;g__Paludicola	0.9999406622206961
7c435146180390b67a87bb81dcf08cb5	d__Bacteria;p__Bacillota;c__Clostridia;o__Lachnospirales;f__Lachnospiraceae;g__Blautia	0.9307761794108357
a022d46c31c2044a3a4c9f345c6ffce5	d__Bacteria;p__Bacillota;c__Clostridia;o__Clostridia_UCG-014;f__Incertae_Sedis;g__Incertae_Sedis	0.9999999995767723
6595c9cf0967b6b1ef876dba6b70b312	d__Bacteria;p__Bacillota;c__Clostridia;o__Peptostreptococcales-Tissierellales;f__Anaerovoracaceae;g__[Eubacterium]_brachy_group	0.9977262931341109
109e56c1bbf10ed16ac491fb7091a5f5	d__Bacteria;p__Bacillota;c__Clostridia;o__Lachnospirales;f__Lachnospiraceae;g__Tyzzerella	0.9995655650544586
e609decd5f0ee193910b6264669c0e97	d__Bacteria;p__Bacillota;c__Clostridia;o__Lachnospirales;f__Lachnospiraceae;g__Butyribacter	0.9750398241816194
1d0c890ea3b44aeaab9a243da4629fce	d__Bacteria;p__Bacillota;c__Clostridia;o__Oscillospirales;f__Oscillospiraceae;g__Colidextribacter	0.8970424595060378
c9b792891371fbce01d148390ecf0d79	d__Bacteria;p__Bacillota;c__Clostridia;o__Oscillospirales;f__Ruminococcaceae;g__[Eubacterium]_siraeum_group	0.9759947598796265
f592ff3d52aea907375baa84f698899f	d__Bacteria;p__Actinomycetota;c__Coriobacteriia;o__Coriobacteriales;f__Eggerthellaceae;g__Adlercreutzia	0.9998464632946934
bba04fde694d6804e4b0532351384316	d__Bacteria;p__Bacillota;c__Clostridia;o__Lachnospirales;f__Lachnospiraceae;g__Tyzzerella	0.9999463263362849
e9fac2744f2b79cc87f33199fa9a0d24	d__Bacteria;p__Bacillota;c__Clostridia;o__Clostridia_UCG-014;f__Incertae_Sedis;g__Incertae_Sedis	0.7163862743903016
8f9c59852348418f53580b0c91558aa0	d__Bacteria;p__Bacillota;c__Clostridia;o__Oscillospirales;f__Ruminococcaceae;g__Ruminococcus	0.997005717800529
da6a7888c765a1a7dbffbd005686ee5b	d__Bacteria;p__Actinomycetota;c__Coriobacteriia;o__Coriobacteriales;f__Eggerthellaceae;g__Adlercreutzia	0.9995773442824194
861062451b8290bf7b93af440119bd3f	d__Bacteria;p__Bacillota;c__Clostridia;o__Clostridia_UCG-014;f__Incertae_Sedis;g__Incertae_Sedis	0.9999999998935039
5f17d70c7a0030a08b942da10c4674f3	d__Bacteria;p__Pseudomonadota;c__Alphaproteobacteria;o__Rickettsiales;f__Mitochondria;g__Incertae_Sedis	0.9911311210096395
d21464a9a18141cffb2da41df15069d9	d__Bacteria;p__Bacillota;c__Clostridia;o__Lachnospirales;f__Lachnospiraceae;g__Lachnospiraceae_UCG-006	0.9984110090864452
6e63db97bb41199c4f1c578a47b146dc	d__Bacteria;p__Thermodesulfobacteriota;c__Desulfovibrionia;o__Desulfovibrionales;f__Desulfovibrionaceae;g__Desulfovibrio	0.9984465677966116
494c944277517e392a97387dc984da9e	d__Bacteria;p__Bacillota;c__Clostridia;o__Oscillospirales;f__Ruminococcaceae;g__Acutalibacter	0.9999981596426034
b6f5a0d4ab87ccd2f87a8fd23a746c1a	d__Bacteria;p__Bacteroidota;c__Bacteroidia;o__Bacteroidales;f__Muribaculaceae;g__Incertae_Sedis	0.9999999983265297
110507e49a015e61e765d8aa331f2ff5	d__Bacteria;p__Bacillota;c__Clostridia;o__Oscillospirales;f__Oscillospiraceae;g__Colidextribacter	0.8081435644440187
017bf8b3def84b18f983e822f3100543	d__Bacteria;p__Pseudomonadota;c__Gammaproteobacteria;o__Burkholderiales;f__Sutterellaceae;g__Turicimonas	0.9999999826246723
e8a3e0cb8ab335d44e24e8299735bf4f	d__Bacteria;p__Bacteroidota;c__Bacteroidia;o__Bacteroidales;f__Muribaculaceae;g__Incertae_Sedis	0.9999999851595193
b116a6095c47ffbf5ce80c1562d56416	d__Bacteria;p__Bacillota;c__Clostridia;o__Lachnospirales;f__Lachnospiraceae;g__Lachnospiraceae_NK4A136_group	0.9070484846915438
24a3af9bceded787d65c24f7a4c93d74	d__Bacteria;p__Bacillota;c__Clostridia;o__Oscillospirales;f__Ruminococcaceae;g__Acutalibacter	0.9875226310669144
4100bd8cb3a752a602c37a5697bd270c	d__Bacteria;p__Bacillota;c__Clostridia;o__Lachnospirales;f__Lachnospiraceae;g__Lachnospiraceae_NK4A136_group	0.7995521735008847
092ba546ab21a65b4165efa1821046b6	d__Bacteria;p__Bacillota;c__Bacilli;o__Acholeplasmatales;f__Acholeplasmataceae;g__Anaeroplasma	0.9999999948551874
ffa4ce83ccae2a6bd612161d8a758416	d__Bacteria;p__Bacteroidota;c__Bacteroidia;o__Bacteroidales;f__Muribaculaceae;g__Incertae_Sedis	0.9999999992600692
04242b706cc8f8965f908266b797cfdd	d__Bacteria;p__Bacteroidota;c__Bacteroidia;o__Bacteroidales;f__Muribaculaceae;g__Incertae_Sedis	0.9999571811612318
8210c2652432414f73627fb09e19fe9a	d__Bacteria;p__Bacillota;c__Clostridia;o__Lachnospirales;f__Lachnospiraceae	0.9999955964622063
5c158491838fe38909c2c537e3372a4e	d__Bacteria;p__Bacillota;c__Clostridia;o__Lachnospirales;f__Lachnospiraceae;g__Lachnoclostridium	0.8298466686685743
4ef9337a3ca56e717421de9aebfa062e	d__Bacteria;p__Bacillota;c__Clostridia;o__Lachnospirales;f__Lachnospiraceae;g__Marvinbryantia	0.9846410581945504
3736fc99ffa71e0a3d45938b0f9bfd73	d__Bacteria;p__Bacillota;c__Bacilli;o__Lactobacillales;f__Lactobacillaceae	1.0000000000000115
ccc6786e55cb499dc5938984450f7ca4	d__Bacteria;p__Bacillota;c__Clostridia;o__Oscillospirales;f__Ruminococcaceae;g__[Eubacterium]_siraeum_group	0.9993838338515939
67746281220dd757677e200d96b4105c	d__Bacteria;p__Bacillota;c__Bacilli;o__Lactobacillales;f__Lactobacillaceae;g__Ligilactobacillus	0.9999999252451374
40aed7c5890a805447cd1925e95b6781	d__Bacteria;p__Bacillota;c__Clostridia;o__Lachnospirales;f__Lachnospiraceae;g__GCA-900066575	0.9979762548473511
8000cc2a50af8a6e05cc7662c08f8f80	d__Bacteria;p__Bacillota;c__Bacilli;o__Erysipelotrichales;f__Erysipelatoclostridiaceae;g__Massiliomicrobiota	0.9999999741656612
9615cb1ccc7db3c6841d6bf51151c5a2	d__Bacteria;p__Bacillota;c__Clostridia;o__Lachnospirales;f__Lachnospiraceae;g__[Ruminococcus]_gnavus_group	0.9977812205782295
dcb7aefd3bba0f81941b089d2cbd99b7	d__Bacteria;p__Bacillota;c__Clostridia;o__Lachnospirales;f__Lachnospiraceae;g__Lachnospiraceae_NK4A136_group	0.9679607766998848
e0d4b8bdd1b39cfad34dc01ed9890b7f	d__Bacteria;p__Bacillota;c__Clostridia;o__Lachnospirales;f__Lachnospiraceae;g__Lachnospiraceae_NK4A136_group	0.897778302613145
06de9bb1191a4e389eeda0397e0c566d	d__Bacteria;p__Bacteroidota;c__Bacteroidia;o__Bacteroidales;f__Muribaculaceae;g__Incertae_Sedis	0.9999998389292403
c900fae6ae32251e73f35b9d52d4d801	d__Bacteria;p__Bacteroidota;c__Bacteroidia;o__Bacteroidales;f__Muribaculaceae;g__Incertae_Sedis	0.9999999916739455
573a39e166ef4632e81a94b94342c933	d__Bacteria;p__Actinomycetota;c__Coriobacteriia;o__Coriobacteriales;f__Eggerthellaceae;g__Adlercreutzia	0.9817523336518098
3c72324085d7022a73a0bf57beb0b3fc	d__Bacteria;p__Bacillota;c__Clostridia;o__Lachnospirales;f__Lachnospiraceae;g__Lachnospiraceae_NK4A136_group	0.7579380296978303
ab6f1574af4a8fda52dab022279c9c7c	d__Bacteria;p__Actinomycetota;c__Coriobacteriia;o__Coriobacteriales;f__Eggerthellaceae;g__Adlercreutzia	0.9996203561176317
1856efbdd8c776adccf622941b9338df	d__Bacteria;p__Bacillota;c__Clostridia;o__Lachnospirales;f__Lachnospiraceae;g__Roseburia	0.7532229668046109
5ba620797a86d4f28502b7256a6095a4	d__Bacteria;p__Bacillota;c__Clostridia;o__Oscillospirales;f__Ruminococcaceae;g__Incertae_Sedis	0.9903005330136336
a9c994e706e1bcc5ee9839237712f44e	d__Bacteria;p__Bacillota;c__Clostridia;o__Oscillospirales;f__Ruminococcaceae;g__Acutalibacter	0.9999984707242545
9a7269b33b3537bf2aabe9c88fe808ca	d__Bacteria;p__Actinomycetota;c__Coriobacteriia;o__Coriobacteriales;f__Atopobiaceae;g__Coriobacteriaceae_UCG-002	0.9559259691176709
4b9c74b3e60f202cd4cbf8dcd4b2d4f3	d__Bacteria;p__Bacteroidota;c__Bacteroidia;o__Bacteroidales;f__Muribaculaceae;g__Incertae_Sedis	0.9999999992386392
2760f8d57d6c8db18c55821056248e9c	d__Bacteria;p__Bacteroidota;c__Bacteroidia;o__Bacteroidales;f__Muribaculaceae;g__Incertae_Sedis	0.9999999849270865
5e25bb6a2dbb2d0e91f913ac37d17fc8	d__Bacteria;p__Bacteroidota;c__Bacteroidia;o__Bacteroidales;f__Muribaculaceae;g__Incertae_Sedis	0.9997278367709264
1cc2de29d056eb418c3b6e85ab3fe9bb	d__Bacteria;p__Thermodesulfobacteriota;c__Desulfovibrionia;o__Desulfovibrionales;f__Desulfovibrionaceae;g__Desulfovibrio	0.9991500853211286
432695655467dfc8e0fa79c335a8bc68	d__Bacteria;p__Bacteroidota;c__Bacteroidia;o__Bacteroidales;f__Muribaculaceae;g__Incertae_Sedis	0.9999999725055492
352ebbafb52ee17841e411678dfd6a06	d__Bacteria;p__Bacillota;c__Clostridia;o__Oscillospirales;f__Butyricicoccaceae;g__Agathobaculum	0.9967997225905698
60c097bc029d27ea757db0ec6f497a4e	d__Bacteria;p__Bacteroidota;c__Bacteroidia;o__Bacteroidales;f__Muribaculaceae;g__Incertae_Sedis	0.999999987231604
14fc318e8f9922d668a17b12fd61b5c2	d__Bacteria;p__Bacillota;c__Clostridia;o__Lachnospirales;f__Lachnospiraceae;g__GCA-900066575	0.9908902698668715
e46c14711f7ac6efc612f80e4cc34d0d	d__Bacteria;p__Bacteroidota;c__Bacteroidia;o__Bacteroidales;f__Muribaculaceae;g__Incertae_Sedis	0.9999999861125844
e9d92991614afbe68bfbf52009970b6a	d__Bacteria;p__Bacillota;c__Bacilli;o__Erysipelotrichales;f__Erysipelatoclostridiaceae;g__Coprobacillus	0.9999326622459284
42cc563a08902455400e19acacaa1894	d__Bacteria;p__Bacillota;c__Clostridia;o__Lachnospirales;f__Lachnospiraceae	0.9999997653283055
0636ea6d334937b1f00b8a08be0b312c	d__Bacteria;p__Bacillota;c__Clostridia;o__Lachnospirales;f__Lachnospiraceae;g__Lachnospiraceae_NK4A136_group	0.9427256506596144
cf50a3600632d6f3295fbd0ae6cf5d91	d__Bacteria;p__Bacillota;c__Clostridia;o__Lachnospirales;f__Lachnospiraceae	0.9999934144158235
0b98151fa888e12eee6c2a5ccc3797bf	d__Bacteria;p__Bacillota;c__Clostridia;o__Lachnospirales;f__Lachnospiraceae	0.9999294553129912
3603ec8e305fa8d8bf075c1764e9477f	d__Bacteria;p__Bacillota;c__Clostridia;o__Lachnospirales;f__Lachnospiraceae;g__Roseburia	0.9042212160473883
b96de0bd99cbb5bfde8fb7ad01faf68a	d__Bacteria;p__Bacillota;c__Clostridia;o__Lachnospirales;f__Lachnospiraceae;g__Lachnospiraceae_NK4A136_group	0.9232333941889768
5edf23e449b0af8931abdbca7dcdd0ad	d__Bacteria;p__Bacillota;c__Clostridia;o__Oscillospirales;f__Ruminococcaceae;g__[Eubacterium]_siraeum_group	0.999999281680092
9405d6ed6d6f3e80f5a4cf4d7fdfc0d3	d__Bacteria;p__Bacteroidota;c__Bacteroidia;o__Bacteroidales;f__Muribaculaceae;g__Incertae_Sedis	0.9999920118806518
af00ec7db6214fb7799d37b2bbb0759c	d__Bacteria;p__Bacteroidota;c__Bacteroidia;o__Bacteroidales;f__Muribaculaceae;g__Incertae_Sedis	0.9999999564221024
31d7ca8d8dce0fafd9cf1108f0ae40ee	d__Bacteria;p__Bacillota;c__Clostridia;o__Lachnospirales;f__Lachnospiraceae;g__Lachnospiraceae_NK4A136_group	0.9579598809293233
1e543a006e03dbd38faf93f858d5e4ba	d__Bacteria;p__Bacteroidota;c__Bacteroidia;o__Bacteroidales;f__Muribaculaceae;g__Incertae_Sedis	0.9999998817632231
4717ca88ed2733da96b9a3bb38d1cd45	d__Bacteria;p__Cyanobacteriota;c__Vampirivibrionia;o__Gastranaerophilales;f__Gastranaerophilaceae;g__Zag_111	0.9959101012341919
ead4b90af6768dad5d44aa0ae62f7b65	d__Bacteria;p__Bacillota;c__Clostridia;o__Oscillospirales;f__Ruminococcaceae;g__Incertae_Sedis	0.9685990734207338
3cb2b532a234afd237bb3bdc928a2e60	d__Bacteria;p__Bacillota;c__Clostridia;o__Lachnospirales;f__Lachnospiraceae;g__ASF356	0.9999999834268892
3bd41f2191a8ce6f62065585da622219	d__Bacteria;p__Bacillota;c__Clostridia;o__Oscillospirales;f__Oscillospiraceae;g__Oscillibacter	0.9998996842223988
bdffb4ff07a597561f8ba6d4b70b4ec8	d__Bacteria;p__Bacteroidota;c__Bacteroidia;o__Bacteroidales;f__Rikenellaceae;g__Alistipes	0.99999999735644
a0375729bd28d524995f14f7a26b08c4	d__Bacteria;p__Bacteroidota;c__Bacteroidia;o__Bacteroidales;f__Muribaculaceae;g__Incertae_Sedis	0.9999999762474093
257226535a9992783b54605914b8e9ac	d__Bacteria;p__Bacillota;c__Clostridia;o__Lachnospirales;f__Lachnospiraceae	0.9999977274168852
3babeaa8d911a780c70b4ae5f109b68c	d__Bacteria;p__Bacteroidota;c__Bacteroidia;o__Bacteroidales;f__Prevotellaceae;g__Xylanibacter	0.7190517058926278
8955c45bdd145932723fde08f61f9077	d__Bacteria;p__Bacillota;c__Clostridia;o__Clostridia_UCG-014;f__Incertae_Sedis;g__Incertae_Sedis	0.9999999999938609
fda49fb925511adfb4bb37e0bc84db26	d__Bacteria;p__Bacillota;c__Clostridia;o__Oscillospirales;f__Ruminococcaceae;g__Acutalibacter	0.999997811014262
ee35f3056ddb4839868894c42e363129	d__Bacteria;p__Bacillota;c__Bacilli;o__Erysipelotrichales;f__Erysipelotrichaceae;g__Incertae_Sedis	0.9997396641830609
19a799b15b2254645ea35e514ae29709	d__Bacteria;p__Bacillota;c__Clostridia;o__Oscillospirales;f__Oscillospiraceae	0.9999955476950839
79693896fbe43f435645e86a9d7fc84a	d__Bacteria;p__Bacillota;c__Clostridia;o__Lachnospirales;f__Lachnospiraceae;g__Lachnospiraceae_NK4A136_group	0.9136499745865466
66d7bbf3e157d9d940c762d56c27820a	d__Bacteria;p__Bacillota;c__Bacilli;o__Erysipelotrichales;f__Erysipelotrichaceae;g__Dubosiella	0.9999999999471783
c4440589bb9202601397be1c6b999240	d__Bacteria;p__Bacillota;c__Clostridia;o__Lachnospirales;f__Lachnospiraceae;g__Lachnospiraceae_NK4A136_group	0.885423904080478
af8f932de4703a850a86056af4963a3c	d__Bacteria;p__Bacillota;c__Clostridia;o__Clostridia_UCG-014;f__Incertae_Sedis;g__Incertae_Sedis	0.9999999999992895
7bc5585efe68579ce0403b76721cad20	d__Bacteria;p__Bacillota;c__Bacilli;o__Erysipelotrichales;f__Erysipelotrichaceae;g__Holdemania	0.9999999835582686
e2c48455e5af99fd8ae59a031fd0072c	d__Bacteria;p__Bacillota;c__Clostridia;o__Lachnospirales;f__Lachnospiraceae;g__[Eubacterium]_xylanophilum_group	0.9996462194120809
fe7dd9cef1205e36e99e386c05ce6c17	d__Bacteria;p__Bacteroidota;c__Bacteroidia;o__Bacteroidales;f__Muribaculaceae;g__Incertae_Sedis	0.9999999860186791
b0024f4a0b7b38ef28b8d2560f7d2a61	d__Bacteria;p__Bacillota;c__Clostridia;o__Lachnospirales;f__Lachnospiraceae;g__[Eubacterium]_ventriosum_group	0.9999059943810347
fe25e4a5ce39fa24f303238fc5686bef	d__Bacteria;p__Cyanobacteriota;c__Vampirivibrionia;o__Gastranaerophilales;f__Gastranaerophilaceae;g__Incertae_Sedis	0.9999687021242752
0dd9fb99d93d19540a7d3671b81550a8	d__Bacteria;p__Bacillota;c__Clostridia;o__Lachnospirales;f__Lachnospiraceae;g__Lachnospiraceae_NK4A136_group	0.9747789856996808
ae8d8b7eeca41143d325081daa118eee	d__Bacteria;p__Thermodesulfobacteriota;c__Desulfovibrionia;o__Desulfovibrionales;f__Desulfovibrionaceae;g__Desulfovibrio	0.9999858759133672
0009500141a487c26f6ed24edaf092db	d__Bacteria;p__Bacteroidota;c__Bacteroidia;o__Bacteroidales;f__Muribaculaceae;g__Incertae_Sedis	0.9999999934583172
c85241b2d1e01a47a07586a1cc535ffc	d__Bacteria;p__Bacillota;c__Clostridia;o__Oscillospirales;f__Oscillospiraceae	0.9999964100313871
c4cd48e6f417d94f3de39e33ba0ba254	d__Bacteria;p__Bacillota;c__Clostridia;o__Lachnospirales;f__Lachnospiraceae	0.9999983554125454
76e9ab03523b3b40b9601043f6419134	d__Bacteria;p__Bacillota;c__Clostridia;o__Lachnospirales;f__Lachnospiraceae;g__Lachnoclostridium	0.7549022026947245
f9c7229ee30ac9d573817b32d33f0b52	d__Bacteria;p__Bacillota;c__Clostridia;o__Clostridia_UCG-014;f__Incertae_Sedis;g__Incertae_Sedis	0.99999999999946
5df27a60447230f73fbe9f3dbd895c6d	d__Bacteria;p__Bacillota;c__Bacilli;o__Erysipelotrichales;f__Erysipelotrichaceae;g__Faecalibaculum	0.9999999999641034
c590b42b2536be182e3a909cada4163c	d__Bacteria;p__Bacillota;c__Clostridia;o__Clostridia_UCG-014;f__Incertae_Sedis;g__Incertae_Sedis	0.9999999999996874
05824bc19ee508371c45fb7db3d92deb	d__Bacteria;p__Pseudomonadota;c__Gammaproteobacteria;o__Enterobacterales;f__Enterobacteriaceae;g__Escherichia-Shigella	0.999909223990141
7dacf4791a59a4bf1bed66059c3e3a9b	d__Bacteria;p__Bacillota;c__Bacilli;o__RF39;f__Incertae_Sedis;g__Incertae_Sedis	0.9999999999998863
071690b5b617e711f2617b2fff0c1903	d__Bacteria;p__Bacillota;c__Clostridia;o__Lachnospirales;f__Lachnospiraceae;g__Lachnospiraceae_NK4A136_group	0.8651051181324261
595bd54a6895d0faab4112880fb6c578	d__Bacteria;p__Bacteroidota;c__Bacteroidia;o__Bacteroidales;f__Muribaculaceae;g__Incertae_Sedis	0.999998510708935
2372ab517b35e8c2391c5df4584df933	d__Bacteria;p__Bacillota;c__Clostridia;o__Clostridiales;f__Clostridiaceae;g__Candidatus_Arthromitus	0.9999999999998579
9770e47ea6b7817412fc01ce814447bc	d__Bacteria;p__Bacillota;c__Clostridia;o__Lachnospirales;f__Lachnospiraceae;g__Frisingicoccus	0.9999908275845285
c666f9631fd5cc91cac3e849b24d02fd	d__Bacteria;p__Bacteroidota;c__Bacteroidia;o__Bacteroidales;f__Muribaculaceae;g__Incertae_Sedis	0.9999995340267793
c174c7907e65a74be08ea0fc79851e62	d__Bacteria;p__Bacillota;c__Clostridia;o__Lachnospirales;f__Lachnospiraceae;g__Lachnospiraceae_NK4A136_group	0.9851932524168594
5adaa471daca754422cb74087e9280b1	d__Bacteria;p__Bacillota;c__Clostridia;o__Lachnospirales;f__Lachnospiraceae	0.9999920952699752
f7caa9955772ef199a3aa0d1d8ccdfe1	d__Bacteria;p__Patescibacteria;c__Saccharimonadia;o__Saccharimonadales;f__Saccharimonadaceae;g__Candidatus_Saccharimonas	0.9999999999566853
c3b43a7b5f3948e08d9ccdfc40a0de90	d__Bacteria;p__Bacillota;c__Bacilli;o__Mycoplasmatales;f__Mycoplasmataceae;g__Mycoplasma	0.9991954517677423
9c734ccd414e86e517b8609e30d56726	d__Bacteria;p__Actinomycetota;c__Coriobacteriia;o__Coriobacteriales;f__Eggerthellaceae;g__Adlercreutzia	0.9901013044621998
99550069bdf9ffa620d90f94a28d4245	d__Bacteria;p__Bacillota;c__Bacilli;o__Erysipelotrichales;f__Erysipelotrichaceae;g__Faecalibaculum	0.9999999999506599
24016f9c9638af6eec81fd87553383e7	d__Bacteria;p__Bacteroidota;c__Bacteroidia;o__Bacteroidales;f__Tannerellaceae;g__Parabacteroides	0.9999999999025135
39700effeb79e3be373eef0c3c35b07b	d__Bacteria;p__Bacillota;c__Clostridia;o__Oscillospirales;f__Oscillospiraceae;g__Oscillibacter	0.9802954118347061
313eac581827ef44a91cb6a650c53a0e	d__Bacteria;p__Bacillota;c__Clostridia;o__Lachnospirales;f__Lachnospiraceae;g__GCA-900066575	0.9217253016222936
8ed48b9d23ca79657a0a30a5eb68236c	d__Bacteria;p__Bacillota;c__Bacilli;o__Lactobacillales;f__Lactobacillaceae	1.000000000000001
2a76fbe2de54525b8df1d33f3d42da24	d__Bacteria;p__Bacteroidota;c__Bacteroidia;o__Bacteroidales;f__Prevotellaceae;g__Xylanibacter	0.7400033662939709
ba8db1af1a84741e31aa92555f7fa7a9	d__Bacteria;p__Bacillota;c__Clostridia;o__Lachnospirales;f__Lachnospiraceae;g__A2	0.8906739512206895
c5688335056a012c4cda448c6af7859e	d__Bacteria;p__Bacillota;c__Clostridia;o__Peptococcales;f__Peptococcaceae;g__Peptococcus	0.9999989106654787
eac6b4a87a92a9cbda7dc4f274f883a1	d__Bacteria;p__Bacillota;c__Clostridia;o__Lachnospirales;f__Lachnospiraceae	0.9999918174869569
27a5f3030c9dc2d7757087fb46cd6031	d__Bacteria;p__Bacillota;c__Clostridia;o__Lachnospirales;f__Lachnospiraceae;g__Lachnospiraceae_NK4A136_group	0.9909454588225509
6db5f806f5d0bb782ed7d3fec8b84eec	d__Bacteria;p__Bacillota;c__Clostridia;o__Lachnospirales;f__Lachnospiraceae;g__Butyribacter	0.9343083194912641
b4c8f68e53e22f7aec2167e15bead6db	d__Bacteria;p__Bacillota;c__Clostridia;o__Lachnospirales;f__Lachnospiraceae	0.9999860984717077
807d25aa18e38b9c0d51fca92eb177c5	d__Bacteria;p__Bacillota;c__Clostridia;o__Lachnospirales;f__Lachnospiraceae;g__Lachnospiraceae_NK4A136_group	0.9514208691098942
2c94f54a6ed95a30b5ff352b65c5220d	d__Bacteria;p__Bacteroidota;c__Bacteroidia;o__Bacteroidales;f__Rikenellaceae;g__Alistipes	0.9999999999770921
b204f8036e78e6e25fbed3853e3e379e	d__Bacteria;p__Bacillota;c__Clostridia;o__Oscillospirales;f__Oscillospiraceae	0.9999953393753812
251514df45b43673d416e1d6d21287ae	d__Bacteria;p__Bacillota;c__Clostridia;o__Lachnospirales;f__Lachnospiraceae;g__[Eubacterium]_xylanophilum_group	0.9997595766482725
a1f999b881ca7ebe3c6cb6ff7180f262	d__Bacteria;p__Bacillota;c__Bacilli;o__Lactobacillales;f__Streptococcaceae;g__Streptococcus	0.9999988096158157
09b16c92720e283bc0782d40131eb430	d__Bacteria;p__Bacillota;c__Clostridia;o__Oscillospirales;f__Ruminococcaceae;g__Incertae_Sedis	0.9219182749212178
18ca8d9ce3284a25ff17c36389e32e46	d__Bacteria;p__Bacillota;c__Clostridia;o__Lachnospirales;f__Lachnospiraceae	0.9999891054827923
3963d8a4b64313f3c215869e0cbf4e90	d__Bacteria;p__Bacillota;c__Clostridia;o__Oscillospirales;f__Oscillospiraceae;g__UCG-005	0.9986273890418436
68ca2ab2754070987e8834d9962b2ffc	d__Bacteria;p__Bacillota;c__Bacilli;o__RF39;f__Incertae_Sedis;g__Incertae_Sedis	0.9999999999899387
f934f3d41062e98742fe2164db83c266	d__Bacteria;p__Actinomycetota;c__Actinobacteria;o__Bifidobacteriales;f__Bifidobacteriaceae;g__Bifidobacterium	0.9999999758090897
34f4657fe7a221647ba29e5056d71b95	d__Bacteria;p__Bacillota;c__Clostridia;o__Clostridia_UCG-014;f__Incertae_Sedis;g__Incertae_Sedis	0.9999999999995737
43f8c994ae96d026485d9ef65156963c	d__Bacteria;p__Bacteroidota;c__Bacteroidia;o__Bacteroidales;f__Rikenellaceae;g__Alistipes	0.9999999906836194
9f102728f8bb036d573cad7c13e0c89c	d__Bacteria;p__Bacillota;c__Clostridia;o__Oscillospirales;f__Ruminococcaceae;g__Incertae_Sedis	0.9838387773149667
6ecd9871a97ee0f79a8bfe81cfbe3bf7	d__Bacteria;p__Bacillota;c__Clostridia;o__Lachnospirales;f__Lachnospiraceae	0.9999997300936667
83bde30417f480331ebc5de3d95ee737	d__Bacteria;p__Bacillota;c__Clostridia;o__Lachnospirales;f__Lachnospiraceae;g__Lachnospiraceae_NK4A136_group	0.9959357491220947
609c532523bd998b52a91b0fac377b7e	d__Bacteria;p__Bacillota;c__Clostridia;o__Oscillospirales;f__Oscillospiraceae	0.9954147087933108
2c97d96e9c01b52d92d5bb7db0af35f0	d__Bacteria;p__Actinomycetota;c__Coriobacteriia;o__Coriobacteriales;f__Eggerthellaceae;g__Adlercreutzia	0.9152729625536966
2c8d6680b1db51384016a8c8e933aa60	d__Bacteria;p__Bacteroidota;c__Bacteroidia;o__Bacteroidales;f__Rikenellaceae;g__Alistipes	0.9999646414933264
91c2fc561de96b176f795aa66f1b7c65	d__Bacteria;p__Patescibacteria;c__Saccharimonadia;o__Saccharimonadales;f__Saccharimonadaceae;g__Candidatus_Saccharimonas	0.999999999640977
1988c1427f7c38b834624d0a88ed44f2	d__Bacteria;p__Thermodesulfobacteriota;c__Desulfovibrionia;o__Desulfovibrionales;f__Desulfovibrionaceae;g__Incertae_Sedis	0.9999988315182128
dbaee3d67f7d418a1c071e79f2da52a4	d__Bacteria;p__Cyanobacteriota;c__Vampirivibrionia;o__Gastranaerophilales;f__Gastranaerophilaceae;g__Incertae_Sedis	0.9982794788951743
c35178e7b99d1f016ebd55a036d15e2e	d__Bacteria;p__Bacillota;c__Clostridia;o__Clostridia_vadinBB60_group;f__Incertae_Sedis;g__Incertae_Sedis	0.9999999114558061
cbd2c4afb05453daf37f4d05e53b3249	d__Bacteria;p__Actinomycetota;c__Coriobacteriia;o__Coriobacteriales;f__Eggerthellaceae;g__Adlercreutzia	0.9872714367470751
ff15366908dda6c92ddd6852f47270b1	d__Bacteria;p__Actinomycetota;c__Coriobacteriia;o__Coriobacteriales;f__Eggerthellaceae	0.9999999692526339
d179844af437e31cd17edb6d3da56538	d__Bacteria;p__Bacillota;c__Bacilli;o__Erysipelotrichales;f__Erysipelotrichaceae;g__Incertae_Sedis	0.9998565480152289
03a2510b495d1e755de238246da126b7	d__Bacteria;p__Patescibacteria;c__Saccharimonadia;o__Saccharimonadales;f__Saccharimonadaceae;g__Candidatus_Saccharimonas	0.9999999998461817
1a59a19dafbe31d8463e7809aca745db	d__Bacteria;p__Bacillota;c__Bacilli;o__Erysipelotrichales;f__Erysipelotrichaceae;g__Incertae_Sedis	0.9997590126456175
ab0b682bf7b60ba1a5e3dedfc1c335e2	d__Bacteria;p__Bacillota;c__Clostridia;o__Lachnospirales;f__Lachnospiraceae;g__Extibacter	0.7591981694915831
6166278e3f50703b5173c28c4727bb46	d__Bacteria;p__Bacillota;c__Clostridia;o__Oscillospirales;f__Ruminococcaceae;g__Anaerotruncus	0.9998526746058443
53b327c3116da84efe8d28b2f766bddb	d__Bacteria;p__Bacteroidota;c__Bacteroidia;o__Bacteroidales;f__Rikenellaceae;g__Rikenellaceae_RC9_gut_group	0.9999998520601817
7253c7bee9cc3b5b2b18d3f9a81a93e7	d__Bacteria;p__Bacillota;c__Negativicutes;o__Veillonellales-Selenomonadales;f__Veillonellaceae;g__Veillonella	0.9999999235188597
0eaa08690c96722e59c2b92bbe3675f0	d__Bacteria;p__Bacillota;c__Clostridia;o__Lachnospirales;f__Lachnospiraceae;g__Incertae_Sedis	0.8909005207221498
3deb9e7be984d64dbcc0f594887037c7	d__Bacteria;p__Bacillota;c__Clostridia;o__Lachnospirales;f__Lachnospiraceae;g__Incertae_Sedis	0.9992608387087349
2358d6dc4c6d6f433c46f8381b58274c	d__Bacteria;p__Bacillota;c__Clostridia;o__Lachnospirales;f__Lachnospiraceae	0.9999787086316284
c547db08112010b6a46f04b05794f929	d__Bacteria;p__Cyanobacteriota;c__Cyanobacteriia;o__Chloroplast;f__Incertae_Sedis;g__Incertae_Sedis	0.9999999999972715
5ff7dcd94f85db9e353902d43cc5074c	d__Bacteria;p__Bacillota;c__Clostridia;o__Clostridia_vadinBB60_group;f__Incertae_Sedis;g__Incertae_Sedis	0.9999999161242705
8ec2b6451c2f537b5cd2b3c3912f5d9d	d__Bacteria;p__Bacillota;c__Clostridia;o__Monoglobales;f__Monoglobaceae;g__Monoglobus	0.9999999607857725
f0de990b8bf865d973c9716b3aa6650b	d__Bacteria;p__Bacillota;c__Clostridia;o__Lachnospirales;f__Lachnospiraceae	0.9999991275514981
f324f63cd08039204b0a9de6c9ac4c45	d__Bacteria;p__Actinomycetota;c__Coriobacteriia;o__Coriobacteriales;f__Eggerthellaceae;g__Adlercreutzia	0.9999590915473491
90d5228a8b65223db59e3fbebe2f5204	d__Bacteria;p__Bacillota;c__Clostridia;o__Lachnospirales;f__Lachnospiraceae;g__Lachnospiraceae_UCG-006	0.9952466769298078
a4430cb42ba04232cc44b8a8bbb152b3	d__Bacteria;p__Bacteroidota;c__Bacteroidia;o__Bacteroidales;f__Bacteroidaceae;g__Bacteroides	0.9999999801437129
e59c6dcac988dbb5e89cfd171dc10586	d__Bacteria;p__Bacillota;c__Clostridia;o__Lachnospirales;f__Lachnospiraceae;g__Incertae_Sedis	0.7995381666243615
aef31081253763e333f4cccc117bc429	d__Bacteria;p__Actinomycetota;c__Actinobacteria;o__Bifidobacteriales;f__Bifidobacteriaceae;g__Bifidobacterium	0.9999996155331872
9680df5f938a6112b2139f2deac2ce83	d__Bacteria;p__Bacteroidota;c__Bacteroidia;o__Bacteroidales;f__Rikenellaceae;g__Alistipes	0.9999999994581401
76df26fa30de4d0680734823a8607f34	d__Bacteria;p__Bacillota;c__Clostridia;o__Oscillospirales;f__Oscillospiraceae	0.9999921560316394
86e98c8f3c07b2cff1ec6c535fc2e843	d__Bacteria;p__Bacillota;c__Clostridia;o__Lachnospirales;f__Lachnospiraceae;g__Incertae_Sedis	0.9826640948058768
2e264f7a6d67dac25befc004f5abe3e5	d__Bacteria;p__Bacillota;c__Clostridia;o__Clostridia_UCG-014;f__Incertae_Sedis;g__Incertae_Sedis	0.9999999997629629
91d8c66f7f622ae447a2dda3311bcf6f	d__Bacteria;p__Bacillota;c__Clostridia;o__Oscillospirales;f__Oscillospiraceae;g__Oscillibacter	0.9999752221923962
84abd25a2e58cb6cc65e0b0da874ecc0	d__Bacteria;p__Bacillota;c__Clostridia;o__Lachnospirales;f__Lachnospiraceae	0.9999590540731458
e564eb91956119964728297b8712b8cf	d__Bacteria;p__Bacillota;c__Clostridia;o__Clostridia_UCG-014;f__Incertae_Sedis;g__Incertae_Sedis	0.9999999999994884
00a73a419904c7c8b7d699c0ee297bd7	d__Bacteria;p__Bacillota;c__Clostridia;o__Oscillospirales;f__Ruminococcaceae;g__[Eubacterium]_siraeum_group	0.9999988766478282
4200aac6f35ec4f0fdee28d6c2de1d85	d__Bacteria;p__Bacillota;c__Clostridia;o__Oscillospirales;f__Oscillospiraceae	0.9999956863094757
665c89d670eea3a7a933f36ef914c250	d__Bacteria;p__Bacteroidota;c__Bacteroidia;o__Bacteroidales;f__Muribaculaceae;g__Incertae_Sedis	0.9999999659050337
0dad00c93ac5a1463598d2fc16b7674e	d__Bacteria;p__Bacillota;c__Bacilli;o__Lactobacillales;f__Streptococcaceae;g__Streptococcus	0.9999996113439424
b7fee70fe8d2f035cb5d28ef5cb08ee2	d__Bacteria;p__Bacillota;c__Clostridia;o__Oscillospirales;f__Oscillospiraceae	0.9998089644154877
7ef32d1d3f82d8a72358c60b2fa98956	d__Bacteria;p__Bacillota;c__Clostridia;o__Lachnospirales;f__Lachnospiraceae;g__Lachnospiraceae_NK4A136_group	0.7393960701370267
92d1b7af887322594d31f3c71a5dac3f	d__Bacteria;p__Bacillota;c__Clostridia;o__Clostridia_vadinBB60_group;f__Incertae_Sedis;g__Incertae_Sedis	0.999999439631879
14f127e33a1ecbd21d694747fca79e63	d__Bacteria;p__Bacillota;c__Clostridia;o__Lachnospirales;f__Lachnospiraceae	0.9999990640941461
6863ce5d0838158e981de2c3958de5bd	d__Bacteria;p__Bacteroidota;c__Bacteroidia;o__Bacteroidales;f__Muribaculaceae;g__Incertae_Sedis	0.9999998080282253
75c26388a6ff8f96b3db7edd076164d3	d__Bacteria;p__Bacillota;c__Clostridia;o__Lachnospirales;f__Lachnospiraceae	0.9999998075406629
e8707202237b30ae28569d165c85bf19	d__Bacteria;p__Thermodesulfobacteriota;c__Desulfovibrionia;o__Desulfovibrionales;f__Desulfovibrionaceae;g__Incertae_Sedis	0.9987275401019368
3cf5b7584533d4df2925bc332252b330	d__Bacteria;p__Bacillota;c__Clostridia;o__Oscillospirales;f__Butyricicoccaceae;g__Agathobaculum	0.9900859627688268
7b221e01aea4deb296695f321a71cdf0	d__Bacteria;p__Patescibacteria;c__Saccharimonadia;o__Saccharimonadales;f__Saccharimonadaceae;g__Candidatus_Saccharimonas	0.9999999864260191
b2861fed9cad46c8196dd92d7d9da08b	d__Bacteria;p__Bacillota;c__Clostridia;o__Lachnospirales;f__Lachnospiraceae;g__Lachnospiraceae_NK4A136_group	0.9795065181002418
4bb9f8899438769ed42cb4fab29a161c	d__Bacteria;p__Bacillota;c__Bacilli;o__Lactobacillales;f__Enterococcaceae;g__Enterococcus	0.9393488068093159
da7e2e5e6a92724e81f251c4a3ae1fbd	d__Bacteria;p__Bacillota;c__Clostridia;o__Lachnospirales;f__Lachnospiraceae	0.9999992207489852
d4d89961147eee3bdb0da89a57062675	d__Bacteria;p__Bacteroidota;c__Bacteroidia;o__Bacteroidales;f__Bacteroidaceae;g__Bacteroides	0.9999999903858168
be6ab2f3768706e9b21d4a63462594fe	d__Bacteria;p__Bacillota;c__Clostridia;o__Lachnospirales;f__Lachnospiraceae	0.9999989108517012
18888c0bdf6aaf408bfe9da31058b56e	d__Bacteria;p__Bacillota;c__Clostridia;o__Lachnospirales;f__Lachnospiraceae	0.9999992486701563
c3fed3b266f60a4f04c2dae56faa2baa	d__Bacteria;p__Bacteroidota;c__Bacteroidia;o__Bacteroidales;f__Muribaculaceae;g__Incertae_Sedis	0.9999999888869128
bb8fb552dc6bcf9b4857fd1533ff8adb	d__Bacteria;p__Bacillota;c__Clostridia;o__Oscillospirales;f__Ruminococcaceae;g__Incertae_Sedis	0.8954845729065527
1125bee6088effff76d92e8086b4c19f	d__Bacteria;p__Bacillota;c__Clostridia;o__Oscillospirales;f__[Eubacterium]_coprostanoligenes_group;g__Incertae_Sedis	0.9999988168530543
bd3a0859235f552d94d4d14e722785a4	d__Bacteria;p__Bacillota;c__Clostridia;o__Oscillospirales;f__Ruminococcaceae;g__Acutalibacter	0.9999977476337064
9311efd85d18ed0c8d3f4195737b1041	d__Bacteria;p__Bacillota;c__Clostridia;o__Lachnospirales;f__Lachnospiraceae	0.9999991791971349
ac365d3bd8f4654275b35e77e79bd464	d__Bacteria;p__Bacillota;c__Clostridia;o__Lachnospirales;f__Lachnospiraceae;g__Faecalimonas	0.7119207610294839
29b490ce1168d019554f2697ddf0b5d1	d__Bacteria;p__Bacillota;c__Clostridia;o__Lachnospirales;f__Lachnospiraceae;g__GCA-900066575	0.9929930946479051
8d8bdab0d43a10cda11f316ab085bba5	d__Bacteria;p__Cyanobacteriota;c__Vampirivibrionia;o__Gastranaerophilales;f__Gastranaerophilaceae;g__Incertae_Sedis	0.9999990164884314
870772e4e4fce5dfc95cff5369b4fea2	d__Bacteria;p__Bacillota;c__Clostridia;o__Lachnospirales;f__Lachnospiraceae;g__Roseburia	0.9738836500302602
3d5fb21598ee98f5b51ee4bc383f0fee	d__Bacteria;p__Bacillota;c__Clostridia;o__Lachnospirales;f__Lachnospiraceae	0.9999965968182141
2f58f797aeeb21f0cfe1fb9b0975cfe6	d__Bacteria;p__Bacillota;c__Clostridia;o__Lachnospirales;f__Lachnospiraceae;g__Incertae_Sedis	0.8161753246000073
4286949a1cdf5d90d68aa0f592ba4666	d__Bacteria;p__Bacillota;c__Clostridia;o__Clostridia_UCG-014;f__Incertae_Sedis;g__Incertae_Sedis	0.9999999999989768
595413bd37fc3c2efbc412807b16a1d4	d__Bacteria;p__Bacillota;c__Clostridia;o__Lachnospirales;f__Lachnospiraceae	0.999997449847977
9dc23808c5dc376a1681387bdec3b64a	d__Bacteria;p__Bacillota;c__Clostridia;o__Oscillospirales;f__Oscillospiraceae;g__NK4A214_group	0.9953142276908561
69719bd8142996e543fdfa4c60519d07	d__Bacteria;p__Bacillota;c__Clostridia;o__Oscillospirales;f__Oscillospiraceae;g__Colidextribacter	0.859467393282033
2f47a80020fcdefa2bce6db4bbc75340	d__Bacteria;p__Bacteroidota;c__Bacteroidia;o__Bacteroidales;f__Rikenellaceae;g__Alistipes	0.9999999980035454
237dd0e8fdb521d92ed32f0e1facf532	d__Bacteria;p__Actinomycetota;c__Coriobacteriia;o__Coriobacteriales;f__Eggerthellaceae	0.999999964473648
f6019ccc697479d156faa774a5e08f60	d__Bacteria;p__Bacillota;c__Clostridia;o__Lachnospirales;f__Lachnospiraceae	0.9999923854378551
8e877f3421caea8d7e2247806d04af9e	d__Bacteria;p__Bacillota;c__Clostridia;o__Clostridia_UCG-014;f__Incertae_Sedis;g__Incertae_Sedis	0.7060009901782923
4cabe4becbee5e114fcb7b338776da69	d__Bacteria;p__Bacillota;c__Clostridia;o__Clostridia_UCG-014;f__Incertae_Sedis;g__Incertae_Sedis	0.9999999999708962
f0c824784d314fb3f9703d12f0641700	d__Bacteria;p__Bacillota;c__Clostridia;o__Oscillospirales;f__Oscillospiraceae;g__Colidextribacter	0.9867619333569569
46fe23e81e0960b0c6f8372d3e7f7b4e	d__Bacteria;p__Bacillota;c__Clostridia;o__Lachnospirales;f__Lachnospiraceae	0.9999892065668761
3bc6d5fca345597c4090e802531d9fe1	d__Bacteria;p__Bacteroidota;c__Bacteroidia;o__Bacteroidales;f__Muribaculaceae;g__Incertae_Sedis	0.9999999852092573
788265e3b2621dafc93a7016374d0864	d__Bacteria;p__Bacillota;c__Clostridia;o__Oscillospirales;f__Oscillospiraceae	0.9998511990851271
4e22a8d16822b39f821da8413d3331c7	d__Bacteria;p__Bacillota;c__Clostridia;o__Clostridia_UCG-014;f__Incertae_Sedis;g__Incertae_Sedis	0.9999999999985789
9ed7c475e8483f5c1f3a4243d5264188	d__Bacteria;p__Bacteroidota;c__Bacteroidia;o__Bacteroidales;f__Marinifilaceae;g__Odoribacter	0.999999999989825
5ddc0c383a9aba30fe00e34f81ded777	d__Bacteria;p__Bacillota;c__Clostridia;o__Lachnospirales;f__Lachnospiraceae;g__Incertae_Sedis	0.9810514764177501
4512cff28cda5f646871c6d6a2f363a1	d__Bacteria;p__Bacillota;c__Clostridia;o__Lachnospirales;f__Lachnospiraceae	0.9999900920228006
52e1cc2d9eb901a83d803d07968d1201	d__Bacteria;p__Bacillota;c__Clostridia;o__Clostridia_UCG-014;f__Incertae_Sedis;g__Incertae_Sedis	0.9999999999941451
edbc2a0df693cdf878de51cf6b98e5b5	d__Bacteria;p__Pseudomonadota;c__Gammaproteobacteria;o__Enterobacterales;f__Morganellaceae;g__Proteus	0.999947852040038
5941d38da765015c39f0f3f415d98c00	d__Bacteria;p__Bacillota;c__Clostridia;o__Lachnospirales;f__Lachnospiraceae;g__Lachnospiraceae_NK4A136_group	0.9945069108897878
1964b4ceef0e0a1b8f1911d18b04922b	d__Bacteria;p__Bacillota;c__Clostridia;o__Lachnospirales;f__Lachnospiraceae;g__Incertae_Sedis	0.9101698496807293
1fb01ca041b46f88522ecd62e5ad0360	d__Bacteria;p__Actinomycetota;c__Coriobacteriia;o__Coriobacteriales;f__Eggerthellaceae	0.9999999414038024
44babcdd7f6e19b5e92c06bcb409f661	d__Bacteria;p__Bacteroidota;c__Bacteroidia;o__Bacteroidales;f__Tannerellaceae;g__Parabacteroides	0.9999757526014791
f7bec0eca633182a213d31d532411dc9	d__Bacteria;p__Bacillota;c__Clostridia;o__Lachnospirales;f__Lachnospiraceae	0.9999997933668741
da625f4fc7053d42b7967fb50abe9f7f	d__Bacteria;p__Bacillota;c__Clostridia;o__Lachnospirales;f__Lachnospiraceae	0.9999596809532879
5f723dd35cfe70672df4ed9b2a7769f6	d__Bacteria;p__Bacillota;c__Clostridia;o__Lachnospirales;f__Lachnospiraceae	0.9999998834329333
a8e1535f09ca0fdb32c7179c34ee7cd7	d__Bacteria;p__Bacillota;c__Clostridia;o__Lachnospirales;f__Lachnospiraceae;g__Lachnospiraceae_NK4A136_group	0.9266330975415458
5a71b650f6da88d043f8db8bbcb8296d	d__Bacteria;p__Bacillota;c__Clostridia;o__Peptococcales;f__Peptococcaceae;g__Incertae_Sedis	0.9999991908606353
ff2a6a9bba59ed1b3d3eecb7cfab1b9c	d__Bacteria;p__Bacillota;c__Clostridia;o__Lachnospirales;f__Lachnospiraceae	0.999999859396457
3e0717db82dad2a272074a347404d625	d__Bacteria;p__Bacillota;c__Clostridia;o__Lachnospirales;f__Lachnospiraceae	0.9999998171559444
f1cb0447c5ebae1fb7bf0fd2fa8b2839	d__Bacteria;p__Bacillota;c__Clostridia;o__Clostridia_UCG-014;f__Incertae_Sedis;g__Incertae_Sedis	0.9999999999897966
a57844aa1690769fd8046213a530b078	d__Bacteria;p__Bacillota;c__Clostridia;o__Lachnospirales;f__Lachnospiraceae	0.9999878472713174
a9a650e7f26206384894ec522355981d	d__Bacteria;p__Bacillota;c__Clostridia;o__Lachnospirales;f__Lachnospiraceae;g__Butyribacter	0.9999611727912402
8e76de966e8beef65595ef24ee9adf3f	d__Bacteria;p__Patescibacteria;c__Saccharimonadia;o__Saccharimonadales;f__Saccharimonadaceae;g__Candidatus_Saccharimonas	0.9999999999550653
088094a72b4762f745204e69388eef7c	d__Bacteria;p__Bacteroidota;c__Bacteroidia;o__Bacteroidales;f__Muribaculaceae;g__Incertae_Sedis	0.9999992812892937
1eb1ed88030eb7a5d7b584b27a188141	d__Bacteria;p__Bacillota;c__Clostridia;o__Lachnospirales;f__Lachnospiraceae;g__Lachnospiraceae_FCS020_group	0.9942478082539716
efe6a9c3dab78099d23bb229faf9e7e2	d__Bacteria;p__Bacillota;c__Clostridia;o__Oscillospirales;f__Ruminococcaceae	0.9999754364111134
2550f96ac6638cc9fc9d232baede4805	d__Bacteria;p__Bacillota;c__Clostridia;o__Lachnospirales;f__Lachnospiraceae;g__Incertae_Sedis	0.8732861112917846
d1894a773f6d71d0b9e8ddbde9d98159	d__Bacteria;p__Bacillota;c__Clostridia;o__Oscillospirales;f__Oscillospiraceae;g__Intestinimonas	0.7225553222189469
e62bced7092d85df1a73dd463d092b36	d__Bacteria;p__Bacillota;c__Clostridia;o__Oscillospirales;f__Oscillospiraceae	0.9999971340713695
d444cbdc5060b38f3fb1cd022c5035a5	d__Bacteria;p__Bacillota;c__Clostridia;o__Lachnospirales;f__Lachnospiraceae;g__Frisingicoccus	0.9999845461995537
8dec9790704ab88983ca6bf259594b04	d__Bacteria;p__Bacillota;c__Bacilli;o__Acholeplasmatales;f__Acholeplasmataceae;g__Anaeroplasma	0.9999999997525606
892a67f3b08373f591e623cf4aa9ffcd	d__Bacteria;p__Bacillota;c__Clostridia;o__Lachnospirales;f__Lachnospiraceae;g__A2	0.999997644811702
f6b76e30725c451ca460420f8a42367b	d__Bacteria;p__Pseudomonadota;c__Gammaproteobacteria;o__Enterobacterales;f__Pasteurellaceae;g__Muribacter	0.9999776317695297
f42b46a477d019edfb5e9252a4cdbb03	d__Bacteria;p__Bacillota;c__Clostridia;o__Lachnospirales;f__Lachnospiraceae	0.9999974087190026
5c243e1a067ac1bb1bc40557991276dc	d__Bacteria;p__Bacteroidota;c__Bacteroidia;o__Bacteroidales;f__Muribaculaceae;g__Incertae_Sedis	0.9999999879973417
85fb30f92e50420929a5247f1ae731c4	d__Bacteria;p__Bacillota;c__Clostridia;o__Lachnospirales;f__Lachnospiraceae;g__ASF356	0.9999999826474096
3c3c27f5c0525a180de0a92e527ae33a	d__Bacteria;p__Bacillota;c__Bacilli;o__Erysipelotrichales;f__Erysipelatoclostridiaceae;g__Massiliomicrobiota	0.9999986515385327
9ae8a0c721a40db64b5b973da53de202	d__Bacteria;p__Actinomycetota;c__Coriobacteriia;o__Coriobacteriales;f__Eggerthellaceae;g__Adlercreutzia	0.9991135020666909
a6c412936f27cff7d8ed04206fedb9a6	d__Bacteria;p__Bacillota;c__Clostridia;o__Clostridia_UCG-014;f__Incertae_Sedis;g__Incertae_Sedis	0.9999999999997158
78c42c3d86385c62e421d83cd708a815	d__Bacteria;p__Bacillota;c__Clostridia;o__Lachnospirales;f__Lachnospiraceae;g__Extibacter	0.9858780564033278
87490c8aa0dae272e84d0ec6b656d3c1	d__Bacteria;p__Bacillota;c__Clostridia;o__Oscillospirales;f__Ruminococcaceae;g__Ruminococcus	0.9980444509548196
92db4b549a8c1995b1ce4d0599060d3b	d__Bacteria;p__Bacillota;c__Clostridia;o__Lachnospirales;f__Lachnospiraceae	0.9999999122063382
ad1a0197cc46fbf72624e742677b7cb3	d__Bacteria;p__Bacillota;c__Clostridia;o__Oscillospirales;f__Ruminococcaceae;g__Incertae_Sedis	0.9004261445647221
743788eb4db2074c633c19020290c2cc	d__Bacteria;p__Bacillota;c__Clostridia;o__Lachnospirales;f__Lachnospiraceae	0.9999996116805517
a97e208e4736e5a99205da5437a75044	d__Bacteria;p__Bacillota;c__Clostridia;o__Lachnospirales;f__Lachnospiraceae;g__Incertae_Sedis	0.9644924420010351
08c39a0f4d3481c690623f78c340781d	d__Bacteria;p__Bacillota;c__Clostridia;o__Oscillospirales;f__Oscillospiraceae;g__Colidextribacter	0.851754833966138
097db9ef9805f9d20ad1d66fbe154218	d__Bacteria;p__Thermodesulfobacteriota;c__Desulfovibrionia;o__Desulfovibrionales;f__Desulfovibrionaceae;g__Desulfovibrio	0.9999827454744145
cd81f2d29cc14a8a5afbc69e6493d5aa	d__Bacteria;p__Bacillota;c__Clostridia;o__Lachnospirales;f__Lachnospiraceae;g__Lachnospiraceae_NK4A136_group	0.9963729319261452
980a75ffc161ad8439740da5895aa8bd	d__Bacteria;p__Bacillota;c__Clostridia;o__Lachnospirales;f__Lachnospiraceae;g__Faecalimonas	0.9094183838479057
1602efd05ff8c0b7d9bfc9390c379f4b	d__Bacteria;p__Bacillota;c__Clostridia;o__Clostridia_UCG-014;f__Incertae_Sedis;g__Incertae_Sedis	0.9999999999276383
0d5753d32a8479352c7c2411db05e419	d__Bacteria;p__Bacteroidota;c__Bacteroidia;o__Bacteroidales;f__Muribaculaceae;g__Incertae_Sedis	0.9999999802111008
2adaf57efb3b400b95cfd9dcee6ecc18	d__Bacteria;p__Bacillota;c__Clostridia;o__Clostridia_UCG-014;f__Incertae_Sedis;g__Incertae_Sedis	0.9999999999977263
9c73b1937d53c8f164d7e6d9e098c3ab	d__Bacteria;p__Bacillota;c__Clostridia;o__Lachnospirales;f__Lachnospiraceae;g__Butyribacter	0.9999403771234292
f154f9bfa52ddb448a1f91f251a44984	d__Bacteria;p__Bacillota;c__Clostridia;o__Clostridia_UCG-014;f__Incertae_Sedis;g__Incertae_Sedis	0.9999999999962768
d3d27fe1473df45f8a82d64d38e7c70b	d__Bacteria;p__Bacteroidota;c__Bacteroidia;o__Bacteroidales;f__Muribaculaceae;g__Incertae_Sedis	0.9999999872445927
0a8e2e8a850d88ff946a471bc0ea6b79	d__Bacteria;p__Bacillota;c__Clostridia;o__Clostridia_UCG-014;f__Incertae_Sedis;g__Incertae_Sedis	0.9999999999993179
63fe95bfa9d97f6b51b161dff90bef92	d__Bacteria;p__Bacillota;c__Clostridia;o__Lachnospirales;f__Lachnospiraceae;g__Roseburia	0.7167207299030112
49574dbce1fa2c10f9aa4353b8db1b0e	d__Bacteria;p__Pseudomonadota;c__Alphaproteobacteria;o__Paracaedibacterales;f__Paracaedibacteraceae;g__Incertae_Sedis	0.9996751337153611
85c9fe04615bada15da523fdfd6a7d3c	d__Bacteria;p__Bacillota;c__Clostridia;o__Lachnospirales;f__Lachnospiraceae;g__Marvinbryantia	0.9918697757305697
3c5ddbfcf2143ff8249f87405d29a352	d__Bacteria;p__Bacillota;c__Bacilli;o__RF39;f__Incertae_Sedis;g__Incertae_Sedis	0.9999999999974705
b6acd70b94edb0510b27fcd769012c27	d__Bacteria;p__Bacillota;c__Clostridia;o__Lachnospirales;f__Lachnospiraceae	0.9999995241517934
41a89ba14506eb5279518b8ee0a3a86f	d__Bacteria;p__Bacillota;c__Clostridia;o__Lachnospirales;f__Lachnospiraceae;g__Roseburia	0.9150246840005613
416c4cd234369647df088655de0e2777	d__Bacteria;p__Bacillota;c__Clostridia;o__Peptococcales;f__Peptococcaceae;g__Peptococcus	0.9710757178925556
f8723b3f4652e18371b6cb67cfca86a1	d__Bacteria;p__Bacillota;c__Clostridia;o__Lachnospirales;f__Lachnospiraceae;g__Lachnospiraceae_NK4A136_group	0.9648606217395548
b3b667599b34ad893c5e9091702b703c	d__Bacteria;p__Bacteroidota;c__Bacteroidia;o__Bacteroidales;f__Muribaculaceae;g__Incertae_Sedis	0.9999997566187074
cf1f5a5a7b3201fa119acff6541adba6	d__Bacteria;p__Bacillota;c__Clostridia;o__Oscillospirales;f__Ruminococcaceae;g__Incertae_Sedis	0.9899698984443127
da4acf421451daa7a4f5b47e595fc22c	d__Bacteria;p__Bacillota;c__Clostridia;o__Lachnospirales;f__Lachnospiraceae;g__Lachnospiraceae_NK4A136_group	0.9084784968664928
54200c0bd0fb1faaeca7a16aee0fd121	d__Bacteria;p__Bacteroidota;c__Bacteroidia;o__Bacteroidales;f__Tannerellaceae;g__Parabacteroides	0.9999999999053273
566a629d7c13f7859abd9c36e2fded48	d__Bacteria;p__Bacillota;c__Clostridia;o__Lachnospirales;f__Lachnospiraceae;g__A2	0.837047722240462
1793b584d1380ba66eadd24da5f80b19	d__Bacteria;p__Bacillota;c__Clostridia;o__Lachnospirales;f__Lachnospiraceae	0.9999993434096939
d179fc6b443dba8f03dcee444e7297ca	d__Bacteria;p__Bacillota;c__Clostridia;o__Oscillospirales;f__Oscillospiraceae;g__Colidextribacter	0.8643095703011523
e4f8f191f6482fb5de78c49e37a251e0	d__Bacteria;p__Bacillota;c__Clostridia;o__Clostridia_UCG-014;f__Incertae_Sedis;g__Incertae_Sedis	0.9999999999995453
500c4679b126860f9c1d12be8c10be8d	d__Bacteria;p__Cyanobacteriota;c__Vampirivibrionia;o__Gastranaerophilales;f__Gastranaerophilaceae;g__Incertae_Sedis	0.9854647002230962
7574f916d530d9129325fa929457fa6d	d__Bacteria;p__Bacillota;c__Clostridia;o__Lachnospirales;f__Lachnospiraceae;g__Lachnospiraceae_NK4A136_group	0.9280187307927631
eebced4ba03ac49b2b463884d7f60240	d__Bacteria;p__Bacillota;c__Clostridia;o__Lachnospirales;f__Lachnospiraceae;g__Faecalimonas	0.8969247798888542
c25b64558cfc913a8e3ab0e6991a2a5a	d__Bacteria;p__Bacillota;c__Clostridia;o__Oscillospirales;f__Ruminococcaceae;g__Incertae_Sedis	0.8936311862620934
0a9c3df3a678abb5b25700bb9d26ed42	d__Bacteria;p__Bacillota;c__Clostridia;o__Lachnospirales;f__Lachnospiraceae;g__Lachnoclostridium	0.7743408793785418
2fcf1488297d7e452ca44f2eccbc4ece	d__Bacteria;p__Bacteroidota;c__Bacteroidia;o__Bacteroidales;f__Marinifilaceae;g__Odoribacter	0.999999993211901
e0f19159152148d3c86d9f5ce0b46524	d__Bacteria;p__Bacteroidota;c__Bacteroidia;o__Bacteroidales;f__Muribaculaceae;g__Incertae_Sedis	0.9999999970003159
fe9906031d02506e69371522270b8ea2	d__Bacteria;p__Bacillota;c__Bacilli;o__Erysipelotrichales;f__Erysipelotrichaceae;g__Dubosiella	0.9999999829397269
f2f5b7ea0609028b6a4ffb63e4e30def	d__Bacteria;p__Bacillota;c__Clostridia;o__Clostridia_UCG-014;f__Incertae_Sedis;g__Incertae_Sedis	0.9999999978203675
28c7511e3aaceabdc7da80893db9b518	d__Bacteria;p__Bacillota;c__Bacilli;o__Lactobacillales;f__Lactobacillaceae;g__Limosilactobacillus	0.9984878770739641
964826143903304c20c90e75fc2b71f3	d__Bacteria;p__Bacillota;c__Bacilli;o__Erysipelotrichales;f__Erysipelotrichaceae;g__Dubosiella	0.9999999939405768
79961199ce71bf8ac3c11b826508d495	d__Bacteria;p__Bacillota;c__Clostridia;o__Oscillospirales;f__Oscillospiraceae;g__Colidextribacter	0.8015342155255817
e38e2fe75e1d6fc18581cf3a53d5ef20	d__Bacteria;p__Bacillota;c__Clostridia;o__Oscillospirales;f__Oscillospiraceae;g__Intestinimonas	0.9715936516666807
20555fa2abbea0ce3901ff2f28aa6b41	d__Bacteria;p__Bacillota;c__Clostridia;o__Clostridia_UCG-014;f__Incertae_Sedis;g__Incertae_Sedis	0.999999999783654
8235527f2890d016a6a83e272035c597	d__Bacteria;p__Bacillota;c__Clostridia;o__Clostridia_UCG-014;f__Incertae_Sedis;g__Incertae_Sedis	0.9999999999940314
4162981f08da67fd6efec1cc537dbd05	d__Bacteria;p__Bacillota;c__Bacilli;o__Mycoplasmatales;f__Mycoplasmataceae;g__Mycoplasma	0.999314173414676
cf49c282b16daec0b2989cc309931612	d__Bacteria;p__Bacillota;c__Clostridia;o__Lachnospirales;f__Lachnospiraceae	0.999988718451355
e069676c270cf45e9d2000a97a0b9601	d__Bacteria;p__Bacillota;c__Bacilli;o__Erysipelotrichales;f__Erysipelotrichaceae;g__Incertae_Sedis	0.9995482440218074
55ff71861fdee81b14c6d875dff37fc9	d__Bacteria;p__Bacillota;c__Clostridia;o__Lachnospirales;f__Lachnospiraceae;g__Roseburia	0.8334515932962506
5291006ef2427233f10df0b5ca786a79	d__Bacteria;p__Bacillota;c__Clostridia;o__Oscillospirales;f__Ruminococcaceae;g__Ruthenibacterium	0.999998602038641
d730d946c1b2d1d77dc0c4240a4c4ba5	d__Bacteria;p__Bacillota;c__Bacilli;o__Erysipelotrichales;f__Erysipelotrichaceae;g__Allobaculum	0.9999999999245688
b164d734c95acfc9fdf6defdce79f5c4	d__Bacteria;p__Patescibacteria;c__Saccharimonadia;o__Saccharimonadales;f__Saccharimonadaceae;g__Candidatus_Saccharimonas	0.9999999988838795
b1d88ceb39f002a537e87844b490e4f6	d__Bacteria;p__Bacillota;c__Clostridia;o__Lachnospirales;f__Lachnospiraceae	0.999935212819647
98828df4121ad0ce591f8bf956537eb7	d__Bacteria;p__Bacillota;c__Bacilli;o__Lactobacillales;f__Lactobacillaceae;g__HT002	0.710498189267439
9e6dac3bb52c40b8f33bc7eb17ea675d	d__Bacteria;p__Bacillota;c__Clostridia;o__Oscillospirales;f__Oscillospiraceae	0.9999970144120021
a964705a24aa74e1bdd229b641e6cb2a	d__Bacteria;p__Bacillota;c__Clostridia;o__Lachnospirales;f__Lachnospiraceae	0.9999980058427644
e18ebc11c35549dff2cad3d3b8d3a5b0	d__Bacteria;p__Bacillota;c__Clostridia;o__Oscillospirales;f__Oscillospiraceae;g__Incertae_Sedis	0.77020222375488
9714d7da62feee94672106a0b695a8cf	d__Bacteria;p__Bacillota;c__Clostridia;o__Clostridia_UCG-014;f__Incertae_Sedis;g__Incertae_Sedis	0.9999999999804459
493a6057d68f6da62366f830d91ae8bd	d__Bacteria;p__Bacillota;c__Clostridia;o__Lachnospirales;f__Lachnospiraceae;g__Incertae_Sedis	0.9561604147845076
ebe397a69ab5feb2644230e832a1259b	d__Bacteria;p__Pseudomonadota;c__Gammaproteobacteria;o__Burkholderiales;f__Sutterellaceae;g__Turicimonas	0.9999999766847625
3622517222b116d54177d88297d76d2e	d__Bacteria;p__Bacillota;c__Clostridia;o__Clostridia_UCG-014;f__Incertae_Sedis;g__Incertae_Sedis	0.9999999999978968
7c7fc96a68fa6815a65f12fcf4fab041	d__Bacteria;p__Bacillota;c__Clostridia;o__Oscillospirales;f__Ruminococcaceae;g__[Clostridium]_methylpentosum_group	0.9999773081115887
219060466a50000afc2f9da00cfcc05e	d__Bacteria;p__Bacillota;c__Clostridia;o__Lachnospirales;f__Lachnospiraceae;g__Lachnospiraceae_NK4A136_group	0.9832440340225757
fc09c29159e6e4a4e8e2df0c34355f91	d__Bacteria;p__Bacillota;c__Clostridia;o__Peptostreptococcales-Tissierellales;f__Anaerovoracaceae;g__Family_XIII_AD3011_group	0.9845691476327126
c1b896a5fdf894ce07f7fae2c857cd0f	d__Bacteria;p__Bacillota;c__Bacilli;o__Erysipelotrichales;f__Erysipelotrichaceae;g__Allobaculum	0.9999999992179482
b41b2aa6713bdd832c21913c81b1b787	d__Bacteria;p__Bacillota;c__Clostridia;o__Clostridia_vadinBB60_group;f__Incertae_Sedis;g__Incertae_Sedis	0.9999995470087018
3bad56ee9c4b1ebfdba8eba5f4ecd601	d__Bacteria;p__Bacillota;c__Clostridia;o__Clostridia_UCG-014;f__Incertae_Sedis;g__Incertae_Sedis	0.9999999981135659
dd5ce8d0b040693d540cb5aaf1b9fb3b	d__Bacteria;p__Bacillota;c__Clostridia;o__Peptostreptococcales-Tissierellales;f__Peptostreptococcaceae;g__Romboutsia	0.9934181791249127
f33f3467ac55dc638d055160e876c5a0	d__Bacteria;p__Bacillota;c__Clostridia;o__Lachnospirales;f__Lachnospiraceae	0.9999977237219426
776e18069b3083d5b3890bb1ec6106e3	d__Bacteria;p__Bacillota;c__Clostridia;o__Clostridia_UCG-014;f__Incertae_Sedis;g__Incertae_Sedis	0.9999999999952252
217509c91b44bdcf06e127f5800d8ec3	d__Bacteria;p__Bacillota;c__Clostridia;o__Lachnospirales;f__Lachnospiraceae;g__Incertae_Sedis	0.9256892760458997
0eae5509dfdd7ff9b99fba4c62f5c9c9	d__Bacteria;p__Bacillota;c__Clostridia;o__Oscillospirales;f__Oscillospiraceae	0.9999909791055829
e1a3098ef2b930c0a7296829b4fd0ad6	d__Bacteria;p__Bacillota;c__Clostridia;o__Oscillospirales;f__Ruminococcaceae;g__Incertae_Sedis	0.9928928483822335
8e528a9e5d371b34dbbcb7e8cc134ad1	d__Bacteria;p__Bacillota;c__Clostridia;o__Lachnospirales;f__Lachnospiraceae;g__Lachnoclostridium	0.8101136292238637
b25a559fd84544e1d5da6787e8389b0c	d__Bacteria;p__Bacillota;c__Clostridia;o__Clostridia_UCG-014;f__Incertae_Sedis;g__Incertae_Sedis	0.9999999999977263
e35621274a979ca141eedcc8e9afd0da	d__Bacteria;p__Bacillota;c__Clostridia;o__Clostridiales;f__Clostridiaceae;g__Clostridium	0.9994889337559536
20d4ecd56f68f21218683d6e4c13383c	d__Bacteria;p__Bacillota;c__Clostridia;o__Clostridia_UCG-014;f__Incertae_Sedis;g__Incertae_Sedis	0.9954194471607571
c6461ce5f5de97fea69b08b9041364dd	d__Bacteria;p__Pseudomonadota;c__Gammaproteobacteria;o__Burkholderiales;f__Sutterellaceae;g__Turicimonas	0.9999999999978968
e56e4ed7f5112e6c96889e9e41250956	d__Bacteria;p__Bacillota;c__Bacilli;o__Lactobacillales;f__Lactobacillaceae;g__HT002	0.7047291339382733
17fd92fa40c9982df5b94ca602077fb6	d__Bacteria;p__Bacillota;c__Clostridia;o__Oscillospirales;f__Oscillospiraceae;g__Colidextribacter	0.9385650726791007
b50e506f41931501d33650e764d31796	d__Bacteria;p__Bacillota;c__Clostridia;o__Lachnospirales;f__Lachnospiraceae	0.9999087892659674
3bb287ce1a81f64c706a2b2851278f31	d__Bacteria;p__Bacillota;c__Clostridia;o__Oscillospirales;f__Ruminococcaceae;g__Acutalibacter	0.9999971818589221
83b880fa5f6510a659cf0910bb1ae68f	d__Bacteria;p__Patescibacteria;c__Saccharimonadia;o__Saccharimonadales;f__Saccharimonadaceae;g__Candidatus_Saccharimonas	0.9999999995202984
380232b5f6d2f84042bf8dfafd5b4c2a	d__Bacteria;p__Bacillota;c__Clostridia;o__Lachnospirales;f__Lachnospiraceae	0.999994125533481
44817ffa5c98d7947eca3f6b05c68ac5	d__Bacteria;p__Bacteroidota;c__Bacteroidia;o__Bacteroidales;f__Muribaculaceae;g__Incertae_Sedis	0.9999994644810797
deebefd2c7e3a57a1b3eed55fd5fc995	d__Bacteria;p__Bacillota;c__Clostridia;o__Lachnospirales;f__Lachnospiraceae	0.9999989860695297
dd5e9b5ee9ef5842e68006434947eff3	d__Bacteria;p__Bacillota;c__Clostridia;o__Lachnospirales;f__Lachnospiraceae;g__ASF356	0.9999999860891081
9c17e6b3ea5931dfa42207cfd22357a4	d__Bacteria;p__Bacillota;c__Clostridia;o__Clostridia_vadinBB60_group;f__Incertae_Sedis;g__Incertae_Sedis	0.9999999843402919
5726cc253811ee27cd5e180ce90401cc	d__Bacteria;p__Bacillota;c__Clostridia;o__Clostridia_UCG-014;f__Incertae_Sedis;g__Incertae_Sedis	0.9999999999049862
696499afebcf16e093d9beeef447903c	d__Bacteria;p__Bacillota;c__Clostridia;o__Oscillospirales;f__Oscillospiraceae	0.9894787048853052
068ecebdb251d9283e9589dfbf2b37c2	d__Bacteria;p__Cyanobacteriota;c__Vampirivibrionia;o__Gastranaerophilales;f__Gastranaerophilaceae;g__CAG-196	0.9997940076152458
e34064254be2642a0a93ffc846ada5f0	d__Bacteria;p__Bacillota;c__Clostridia;o__Lachnospirales;f__Lachnospiraceae	0.9972860762656757
8b2a680664ba9e3eaf8e328d44a17353	d__Bacteria;p__Bacillota;c__Clostridia;o__Clostridia_vadinBB60_group;f__Incertae_Sedis;g__Incertae_Sedis	0.9999989903815257
01ba3a1200470b677fdaadbd16bb6e2c	d__Bacteria;p__Bacillota;c__Clostridia;o__Oscillospirales;f__Ruminococcaceae;g__Incertae_Sedis	0.7609670247361373
24c5d14d9da7ec17482cddb1818dbc7c	d__Bacteria;p__Bacillota;c__Clostridia;o__Lachnospirales;f__Lachnospiraceae	0.9999572108212547
8af2bbc82b677ca26ff0f507f4c8f70a	d__Bacteria;p__Bacillota;c__Clostridia;o__Lachnospirales;f__Lachnospiraceae;g__A2	0.9999987439824097
3fe4d3ff136ef2f1330317aef15ff55a	d__Bacteria;p__Bacteroidota;c__Bacteroidia;o__Bacteroidales;f__Bacteroidaceae;g__Bacteroides	0.9999999201349145
5dcfa6f460287fa4727f69ffd95700f5	d__Bacteria;p__Bacillota;c__Clostridia;o__Lachnospirales;f__Lachnospiraceae	0.9999943224582205
f75d0a0a2d06c9b435a90f6fbab0f4e6	d__Bacteria;p__Bacillota;c__Clostridia;o__Lachnospirales;f__Lachnospiraceae;g__Mediterraneibacter	0.9386161890695169
f2e479b637619739487ad114a223d6c2	d__Bacteria;p__Bacillota;c__Clostridia;o__Lachnospirales;f__Lachnospiraceae;g__Lachnospiraceae_NK4A136_group	0.732638530613483
7ffebf38a31ccf531a8090fcad607dd8	d__Bacteria;p__Bacillota;c__Clostridia;o__Lachnospirales;f__Lachnospiraceae	0.9999996486506879
6bfa2d32bfd0a440a0041ebfbeee9141	d__Bacteria;p__Actinomycetota;c__Coriobacteriia;o__Coriobacteriales;f__Eggerthellaceae;g__Incertae_Sedis	0.8557904741641347
9a764c5e0bb126c1e14f4ddd50a42028	d__Bacteria;p__Bacteroidota;c__Bacteroidia;o__Bacteroidales;f__Muribaculaceae;g__Incertae_Sedis	0.999999998550436
7d3823005680b297505d56cb2530e578	d__Bacteria;p__Pseudomonadota;c__Gammaproteobacteria;o__Enterobacterales;f__Pasteurellaceae;g__Rodentibacter	0.9990258639260386
b568afdeadf401702e4cdc9a4fa32dd1	d__Bacteria;p__Bacteroidota;c__Bacteroidia;o__Bacteroidales;f__Marinifilaceae;g__Odoribacter	0.9999999994149391
4d1b0f67a9bb3bda7278a4120b2b3277	d__Bacteria;p__Bacillota;c__Clostridia;o__Oscillospirales;f__Oscillospiraceae	0.9999886994052966
daee731ea5c14d105740fd2bb174b53f	d__Bacteria;p__Bacillota;c__Clostridia;o__Oscillospirales;f__Ruminococcaceae;g__Harryflintia	0.9999567411049602
6249e388b1a154f0064d3a1acddfc37e	d__Bacteria;p__Bacillota;c__Clostridia;o__Lachnospirales;f__Lachnospiraceae;g__Incertae_Sedis	0.9971172327222407
2d9e1c39f248ca2e80605a9fc8c3693e	d__Bacteria;p__Actinomycetota;c__Coriobacteriia;o__Coriobacteriales;f__Atopobiaceae;g__Incertae_Sedis	0.9999631700333522
4b7ae6b924d93cd7e32d296b70c37d73	d__Bacteria;p__Bacillota;c__Clostridia;o__Lachnospirales;f__Lachnospiraceae	0.9999988196904488
a6a906cebf0f8190580162a110ba4166	d__Bacteria;p__Bacillota;c__Clostridia;o__Clostridia_UCG-014;f__Incertae_Sedis;g__Incertae_Sedis	0.9999999999997158
4ce47a9a2ada81cc2dc98076e6cf7a22	d__Bacteria;p__Bacillota;c__Bacilli;o__Erysipelotrichales;f__Erysipelotrichaceae;g__Dubosiella	0.9999999999899813
3980268df7ed751a6b95b5294772ffaf	d__Bacteria;p__Bacillota;c__Clostridia;o__Lachnospirales;f__Lachnospiraceae;g__Incertae_Sedis	0.904895638075792
b9749eb530cb9909ef903045c4d0979d	d__Bacteria;p__Bacillota;c__Clostridia;o__Clostridia_UCG-014;f__Incertae_Sedis;g__Incertae_Sedis	0.9999999999996589
ffc05b4c65bcba8a41f598b03532cb72	d__Bacteria;p__Bacillota;c__Clostridia;o__Oscillospirales;f__Ruminococcaceae;g__Incertae_Sedis	0.9431242614066712
42dc5f243fb8bf04eb60693b2bc11c20	d__Bacteria;p__Bacillota;c__Clostridia;o__Oscillospirales;f__Oscillospiraceae	0.9999904251251062
f83d06d51bd1068ce1b3d97e744ded0e	d__Bacteria;p__Bacillota;c__Clostridia;o__Clostridia_UCG-014;f__Incertae_Sedis;g__Incertae_Sedis	0.9999999999887734
53a4cb59e86d22a937766e7908c7d1a2	d__Bacteria;p__Cyanobacteriota;c__Vampirivibrionia;o__Gastranaerophilales;f__Gastranaerophilaceae;g__CAG-196	0.9998533774261188
ae170fefd95aed91788242ced6c48938	d__Bacteria;p__Bacteroidota;c__Bacteroidia;o__Bacteroidales;f__Muribaculaceae;g__Incertae_Sedis	0.9999999945719367
8889f23870b2373f9c69ed242fea77f2	d__Bacteria;p__Bacillota;c__Clostridia;o__Oscillospirales;f__Oscillospiraceae	0.9993646658716677
b17e256122046b47455614d5835ec127	d__Bacteria;p__Bacillota;c__Clostridia;o__Oscillospirales;f__Oscillospiraceae;g__Colidextribacter	0.7772652235648886
8ab1ca887b5c1aa8a2bd38bb2ccec266	d__Bacteria;p__Bacillota;c__Clostridia;o__Oscillospirales;f__Ruminococcaceae;g__Incertae_Sedis	0.904207431736048
32851aa938236c7f5bd60966a9791e24	d__Bacteria;p__Bacillota;c__Clostridia;o__Oscillospirales;f__Ruminococcaceae	0.9949846788479841
b364c0ca14e5cf21ca5679fb0f429a24	d__Bacteria;p__Bacteroidota;c__Bacteroidia;o__Bacteroidales;f__Muribaculaceae;g__Incertae_Sedis	0.9999999937485029
98c8ad8a66c5eff60f915bead56f131e	d__Bacteria;p__Bacillota;c__Clostridia;o__Oscillospirales;f__Ruminococcaceae;g__Acutalibacter	0.999998581797666
3c4aaab77b9d983138aaff0f9609b76c	d__Bacteria;p__Bacillota;c__Clostridia;o__Clostridia_UCG-014;f__Incertae_Sedis;g__Incertae_Sedis	0.9999999999876934
17bc34d66dc2876145f46ee3fdc90b6e	d__Bacteria;p__Bacteroidota;c__Bacteroidia;o__Bacteroidales;f__Muribaculaceae;g__Incertae_Sedis	0.9979986922210323
c880def10111310b9e88fb3e8dc7a616	d__Bacteria;p__Bacteroidota;c__Bacteroidia;o__Bacteroidales;f__Muribaculaceae;g__Incertae_Sedis	0.9999997814490439
371fc55d0c9f3b9c3551f57257f7bcea	d__Bacteria;p__Bacillota;c__Clostridia;o__Lachnospirales;f__Lachnospiraceae;g__Roseburia	0.9846706888730045
bdd7d73de4dd79c4bd50205e3a2a4fc1	d__Bacteria;p__Bacillota;c__Clostridia;o__Oscillospirales;f__Oscillospiraceae;g__Intestinimonas	0.9626791040334234
52cb5980266f60b0e5f067627af45f76	d__Bacteria;p__Bacillota;c__Clostridia;o__Lachnospirales;f__Lachnospiraceae	0.9999796141209438
c97d39ffec4f7f83d87ce10adbf1324e	d__Bacteria;p__Bacillota;c__Clostridia;o__Lachnospirales;f__Lachnospiraceae;g__Anaerostipes	0.9932175841613962
556ae28d4d89ef3c70dd2ed6d64c7641	d__Bacteria;p__Bacillota;c__Bacilli;o__Lactobacillales;f__Lactobacillaceae;g__Ligilactobacillus	0.9999980333075781
82a47b776a5c314c1257e5c32f6e43bf	d__Bacteria;p__Bacillota;c__Clostridia;o__Lachnospirales;f__Lachnospiraceae;g__Blautia	0.9586703963564703
9e3f547bf3d3a1b94f9f309f611942a0	d__Bacteria;p__Thermodesulfobacteriota;c__Desulfovibrionia;o__Desulfovibrionales;f__Desulfovibrionaceae;g__Bilophila	0.999784857243579
631364beb874da6981c12fa5db482f50	d__Bacteria;p__Bacillota;c__Clostridia;o__Oscillospirales;f__Oscillospiraceae;g__Colidextribacter	0.7476424018266478
a14e6e81bd767a15425b8c2bef7d1ec4	d__Bacteria;p__Bacillota;c__Bacilli;o__Erysipelotrichales;f__Erysipelotrichaceae;g__Faecalibaculum	0.9999999999605222
60a3a5193f8bc0eb25ea63fed1f4243d	d__Bacteria;p__Bacillota;c__Clostridia;o__Lachnospirales;f__Lachnospiraceae;g__Butyribacter	0.8531020552429303
ad8402e1fb15c6bd8f5d95e35ad0e42e	d__Bacteria;p__Bacillota;c__Clostridia;o__Lachnospirales;f__Lachnospiraceae	0.9999869458383569
cb7fd0859e9a3a617d3eba703e1fd668	d__Bacteria;p__Bacillota;c__Clostridia;o__Clostridia_UCG-014;f__Incertae_Sedis;g__Incertae_Sedis	0.9999999999960494
75ea5480cf1481bd9729c467d8e5bde2	d__Bacteria;p__Bacillota;c__Clostridia;o__Lachnospirales;f__Lachnospiraceae;g__Lachnospiraceae_UCG-006	0.9974444174889954
da6660a005fefa1804458411f738cedb	d__Bacteria;p__Bacillota;c__Clostridia;o__Clostridia_UCG-014;f__Incertae_Sedis;g__Incertae_Sedis	0.9999999999982094
7bf49db7d2b50987705ea41285811340	d__Bacteria;p__Bacillota;c__Clostridia;o__Lachnospirales;f__Lachnospiraceae	0.9999977445880884
43de4c9b743b1acd332b670b931ed780	d__Bacteria;p__Bacillota;c__Clostridia;o__Oscillospirales;f__Ruminococcaceae;g__Acutalibacter	0.9999989278029836
24db9971730fbad06facde28ade8fd1c	d__Bacteria;p__Bacillota;c__Clostridia;o__Lachnospirales;f__Lachnospiraceae;g__Incertae_Sedis	0.9417233573893703
60c9e832fd5eda289f2cd4127cce40d0	d__Bacteria;p__Actinomycetota;c__Coriobacteriia;o__Coriobacteriales;f__Eggerthellaceae;g__Adlercreutzia	0.9991284802580307
5db6ce6c10aa0e22c033eeab28468040	d__Bacteria;p__Bacillota;c__Clostridia;o__Clostridia_UCG-014;f__Incertae_Sedis;g__Incertae_Sedis	0.9999999999990905
92abf1f6d9cabe9b59fff9728814210a	d__Bacteria;p__Bacillota;c__Bacilli;o__Erysipelotrichales;f__Erysipelotrichaceae;g__Incertae_Sedis	0.9991238046958119
3aaf56860f75be5b23e960d32275c9cf	d__Bacteria;p__Bacillota;c__Clostridia;o__Lachnospirales;f__Lachnospiraceae;g__Lachnospiraceae_NK4A136_group	0.9397862039879812
30dabadb05ebcbf6b07f170a48a81e7c	d__Bacteria;p__Bacteroidota;c__Bacteroidia;o__Bacteroidales;f__Rikenellaceae;g__Alistipes	0.9999999452794569
bc51e83972258e32884e232269b133e9	d__Bacteria;p__Bacillota;c__Clostridia;o__Clostridia_vadinBB60_group;f__Incertae_Sedis;g__Incertae_Sedis	0.9999999416335771
8b3e0c50c0d990685256b1748f60ea84	d__Bacteria;p__Bacillota;c__Clostridia;o__Clostridia_UCG-014;f__Incertae_Sedis;g__Incertae_Sedis	0.9628120982535332
4ed481a8b50c13d0f2f325e2226626aa	d__Bacteria;p__Bacteroidota;c__Bacteroidia;o__Bacteroidales;f__Muribaculaceae;g__Incertae_Sedis	0.9999999945870286
d07812509aa907b0010620e9c7b4b14f	d__Bacteria;p__Bacillota;c__Clostridia;o__Lachnospirales;f__Lachnospiraceae	0.9999949546780398
a2ea02b20032c12fb32f71cd83f490b2	d__Bacteria;p__Bacillota;c__Bacilli;o__RF39;f__Incertae_Sedis;g__Incertae_Sedis	0.9999999999968452
7f5aa8bad7eba987286ed82d45d60e53	d__Bacteria;p__Bacteroidota;c__Bacteroidia;o__Bacteroidales;f__Muribaculaceae;g__Incertae_Sedis	0.9999999346038088
667c7a9ba435be56714ebcd4557f2a30	d__Bacteria;p__Bacillota;c__Clostridia;o__Clostridiales;f__Clostridiaceae;g__Clostridium	0.9996806976420076
bf7331404104e5036de8ec589bfbe05a	d__Bacteria;p__Bacillota;c__Bacilli;o__Lactobacillales;f__Lactobacillaceae	1.0000000000000062
faf8880a749f2e18df510dd3edbf5bb8	d__Bacteria;p__Bacillota;c__Clostridia;o__Oscillospirales;f__Oscillospiraceae;g__Oscillibacter	0.8749242617864723
2e49e0d98ce9261b95cc5c678a13c8a8	d__Bacteria;p__Bacillota;c__Bacilli;o__Erysipelotrichales;f__Erysipelotrichaceae;g__Incertae_Sedis	0.998705738754797
3cb611537df6754ccc66a64d784c852b	d__Bacteria;p__Bacillota;c__Clostridia;o__Lachnospirales;f__Lachnospiraceae	0.9999992671229941
e5dfc09113d0f7927195878315336931	d__Bacteria;p__Bacillota;c__Clostridia;o__Clostridia_vadinBB60_group;f__Incertae_Sedis;g__Incertae_Sedis	0.9999999949844494
8f598472a1354d3af09a2127650508b7	d__Bacteria;p__Pseudomonadota;c__Gammaproteobacteria;o__Enterobacterales;f__Enterobacteriaceae;g__Escherichia-Shigella	0.9798660352595792
528e2b03738d70f2a8999e13d41b1e8f	d__Bacteria;p__Pseudomonadota;c__Alphaproteobacteria;o__Hyphomicrobiales;f__Rhizobiaceae;g__Incertae_Sedis	0.9450299557554932
2f5949b53c0027eac40a5a2b47db5db7	d__Bacteria;p__Bacillota;c__Clostridia;o__Oscillospirales;f__Ruminococcaceae;g__Ruminococcus	0.9996650384504671
860356f896e2a84e3e15476560338673	d__Bacteria;p__Bacillota;c__Clostridia;o__Clostridia_vadinBB60_group;f__Incertae_Sedis;g__Incertae_Sedis	0.9999999852767304
546d5ab9a8b72b9e7e415634c239a7cd	d__Bacteria;p__Bacillota;c__Clostridia;o__Oscillospirales;f__Oscillospiraceae;g__Colidextribacter	0.831094722681087
466cc5fbc86e172b9e6e8b3c1e0368bb	d__Bacteria;p__Pseudomonadota;c__Alphaproteobacteria;o__Rickettsiales;f__Mitochondria;g__Incertae_Sedis	1.0
1dd4096730a555e30ae05196a9e7cd69	d__Bacteria;p__Bacillota;c__Clostridia;o__Lachnospirales;f__Lachnospiraceae	0.9999990403125366
7157be9d824ebbd3cd377140a999a6ed	d__Bacteria;p__Bacillota;c__Clostridia;o__Lachnospirales;f__Lachnospiraceae;g__ASF356	0.9999999948333027
42df6caf2fe88f94b6c807fb3a3ece5c	d__Bacteria;p__Bacillota;c__Clostridia;o__Peptococcales;f__Peptococcaceae;g__Incertae_Sedis	0.999824216236023
c333daf98c0c46517e3ca189bd381138	d__Bacteria;p__Bacteroidota;c__Bacteroidia;o__Bacteroidales;f__Rikenellaceae;g__Alistipes	0.9999999999882334
3fb4bafbe812da8f9ebcda412959abc6	d__Bacteria;p__Bacillota;c__Clostridia;o__Oscillospirales;f__Ruminococcaceae;g__Paludicola	0.9556445186014794
36baa1ca4bc654416826f914fca637e8	d__Bacteria;p__Bacteroidota;c__Bacteroidia;o__Bacteroidales;f__Muribaculaceae;g__Incertae_Sedis	0.9999993935177393
fd015c488e5214e950cde850dd4dbcea	d__Bacteria;p__Bacillota;c__Clostridia;o__Oscillospirales;f__Ruminococcaceae	0.9999684272608217
525dd5c89fcde4a9b3322837ec77c43b	d__Bacteria;p__Pseudomonadota;c__Gammaproteobacteria;o__Burkholderiales;f__Sutterellaceae;g__Turicimonas	0.9999999503623668
34fcdecbb652ec055de1e40be846cff3	d__Bacteria;p__Bacillota;c__Bacilli;o__RF39;f__Incertae_Sedis;g__Incertae_Sedis	0.9999999999997726
742a7aeb9edacfb870468cdaf80fdafa	d__Bacteria;p__Actinomycetota;c__Coriobacteriia;o__Coriobacteriales;f__Eggerthellaceae;g__Adlercreutzia	0.9999691226165612
58af4e90331175efacc3d4ab4544e5e7	d__Bacteria;p__Bacillota;c__Clostridia;o__Lachnospirales;f__Lachnospiraceae;g__Tyzzerella	0.9990107367727962
cd2c4534b1c1b241b3cf916127549347	d__Bacteria;p__Bacillota;c__Clostridia;o__Lachnospirales;f__Lachnospiraceae;g__Incertae_Sedis	0.9767351676592253
ed95f8dd72e7fb35f7623fd9787b37b9	d__Bacteria;p__Bacillota;c__Clostridia;o__Lachnospirales;f__Lachnospiraceae	0.9999949876870937
3733927dd9aae9abaac08d74c0d7bb23	d__Bacteria;p__Bacillota;c__Clostridia;o__Lachnospirales;f__Lachnospiraceae;g__GCA-900066575	0.9879437366647535
f7ffd929db139df99f2f214646883dc1	d__Bacteria;p__Bacillota;c__Clostridia;o__Lachnospirales;f__Lachnospiraceae;g__Lachnoclostridium	0.7798250860141019
e0201abade58a9b33db7758d3f0e7f31	d__Bacteria;p__Bacillota;c__Clostridia;o__Oscillospirales;f__UCG-010;g__Incertae_Sedis	0.9999999254367565
606f75c60f1252008aec19a1e12a5548	d__Bacteria;p__Pseudomonadota;c__Gammaproteobacteria;o__Enterobacterales;f__Morganellaceae;g__Proteus	0.9984167249418386
840f7e5fa22092d0be2d4692478ad40a	d__Bacteria;p__Bacillota;c__Clostridia;o__Lachnospirales;f__Lachnospiraceae;g__Sellimonas	0.992498983155955
51443e632dba0bb4b9a5b9bfd2950530	d__Bacteria;p__Bacillota;c__Clostridia;o__Clostridia_UCG-014;f__Incertae_Sedis;g__Incertae_Sedis	0.9999999999740226
576f9faffa357597879239d5112ef3ad	d__Bacteria;p__Bacteroidota;c__Bacteroidia;o__Bacteroidales;f__Rikenellaceae;g__Rikenella	0.9999999986165165
b428902dca378222b4fa03e90dffc380	d__Bacteria;p__Bacillota;c__Clostridia;o__Oscillospirales;f__Ruminococcaceae	0.9998186311611784
8aa72fa62e2e84fdf5eb8f6ce4a05fe3	d__Bacteria;p__Bacillota;c__Clostridia;o__Lachnospirales;f__Lachnospiraceae;g__Lachnospiraceae_NK4A136_group	0.952253714060286
d45854852e7583b31ca616a5cd348f61	d__Bacteria;p__Bacillota;c__Clostridia;o__Oscillospirales;f__Oscillospiraceae	0.9998301713922558
3a5b90a21ea6e0fa36580bb99d655327	d__Bacteria;p__Thermodesulfobacteriota;c__Desulfovibrionia;o__Desulfovibrionales;f__Desulfovibrionaceae;g__Desulfovibrio	0.9988458549584973
8e3014cd474e2848f07f474e9901ebfc	d__Bacteria;p__Bacillota;c__Clostridia;o__Oscillospirales;f__Butyricicoccaceae;g__Agathobaculum	0.9960114459002324
964b4e1d99a1441b5dac125d1452b97a	d__Bacteria;p__Bacteroidota;c__Bacteroidia;o__Bacteroidales;f__Tannerellaceae;g__Incertae_Sedis	0.9846244087120313
e521006b552f5381f05530d2c480be85	d__Bacteria;p__Bacillota;c__Clostridia;o__Oscillospirales;f__Butyricicoccaceae;g__Agathobaculum	0.9978877813384438
d6bdcc93d073951d8f51f56370275552	d__Bacteria;p__Bacillota;c__Clostridia;o__Clostridia_UCG-014;f__Incertae_Sedis;g__Incertae_Sedis	0.9999999999876934
d9a2f3602b698691e9edab8bf32ba732	d__Bacteria;p__Bacillota;c__Bacilli;o__RF39;f__Incertae_Sedis;g__Incertae_Sedis	0.9999999999825206
33d75e75193d7eb6ea1e1cc5b36cb604	d__Bacteria;p__Bacillota;c__Clostridia;o__Clostridia_vadinBB60_group;f__Incertae_Sedis;g__Incertae_Sedis	0.9999999574423848
9603ff64d0e99d39465a482e4f32fd8c	d__Bacteria;p__Bacillota;c__Clostridia;o__Lachnospirales;f__Lachnospiraceae;g__Lachnospiraceae_UCG-004	0.999462791474819
cfdd766079e77573c59f1598cb32d492	d__Bacteria;p__Bacillota;c__Clostridia;o__Oscillospirales;f__Oscillospiraceae	0.9999997140069162
ebfd1ea8dc31bf07290e9947febe1951	d__Bacteria;p__Bacteroidota;c__Bacteroidia;o__Bacteroidales;f__Bacteroidaceae;g__Bacteroides	0.9999999920712526
f69416a5a3228fc61ecd4117a03dacd7	d__Bacteria;p__Bacillota;c__Clostridia;o__Lachnospirales;f__Lachnospiraceae;g__Butyribacter	0.9999647572758443
d5d946d76fd600120b00b3be166fc25a	d__Bacteria;p__Actinomycetota;c__Actinobacteria;o__Mycobacteriales;f__Corynebacteriaceae;g__Corynebacterium	0.9999998414097161
7cec5ca3a6ad4a8240a913ac1e5907de	d__Bacteria;p__Bacillota;c__Clostridia;o__Lachnospirales;f__Lachnospiraceae;g__ASF356	0.886439314598621
d39a66d8bc70c37a60f9df3a5626e5f1	d__Bacteria;p__Thermodesulfobacteriota;c__Desulfovibrionia;o__Desulfovibrionales;f__Desulfovibrionaceae;g__Desulfovibrio	0.9152529431384894
beedd09d2a4f32b37b2d386c3373b5cf	d__Bacteria;p__Bacillota;c__Clostridia;o__Clostridia_UCG-014;f__Incertae_Sedis;g__Incertae_Sedis	0.9999999999991473
e4343191a969dae7ed8ae2a21fb16818	d__Bacteria;p__Bacillota;c__Clostridia;o__Lachnospirales;f__Lachnospiraceae;g__Lachnospiraceae_UCG-006	0.9803113995337569
861ac32e3e4003bf2d7e90dd4cd0d323	d__Bacteria;p__Bacillota;c__Clostridia;o__Oscillospirales;f__Oscillospiraceae;g__Colidextribacter	0.7264569499211788
192b387c994346a0b4f60c3a7fcb9b45	d__Bacteria;p__Bacillota;c__Clostridia;o__Oscillospirales;f__Oscillospiraceae	0.9998430746349393
060607199b8b79ab09af35b3e7ca6d5e	d__Bacteria;p__Bacillota;c__Clostridia;o__Lachnospirales;f__Lachnospiraceae	0.9999723554741061
e4692288825d26f238281079db39b4df	d__Bacteria;p__Actinomycetota;c__Coriobacteriia;o__Coriobacteriales;f__Eggerthellaceae;g__Berryella	0.9992908124951098
38a63a7f15ef608b1d3eed845f558cdd	d__Bacteria;p__Bacillota;c__Clostridia;o__Lachnospirales;f__Lachnospiraceae;g__Lachnospiraceae_NK4A136_group	0.952563949295345
eef9461950e46f93a5850f66fa370a78	d__Bacteria;p__Bacillota;c__Clostridia;o__Lachnospirales;f__Lachnospiraceae;g__Incertae_Sedis	0.9995104732565215
6bb60a9e51d089ef62f60b35a13ce5f4	d__Bacteria;p__Bacillota;c__Clostridia;o__Lachnospirales;f__Lachnospiraceae;g__Lachnoclostridium	0.8502824678911035
e94eb07a6eca7c682776c859bdcf6baa	d__Bacteria;p__Bacillota;c__Clostridia;o__Oscillospirales;f__Oscillospiraceae;g__Colidextribacter	0.9794987871551176
6ea929f11503fa14d630abc79c9699f3	d__Bacteria;p__Deferribacterota;c__Deferribacteres;o__Deferribacterales;f__Deferribacteraceae;g__Mucispirillum	1.0
b45279ce0cf75ea194256fa42f7086d2	d__Bacteria;p__Bacillota;c__Bacilli;o__Erysipelotrichales;f__Erysipelotrichaceae;g__Incertae_Sedis	0.9996460793926107
116c35387c46a1ca25f83119c72d20e7	d__Bacteria;p__Bacillota;c__Clostridia;o__Lachnospirales;f__Lachnospiraceae;g__Incertae_Sedis	0.9718419233737079
6c9bb941025baf2388259a59fd9e8b17	d__Bacteria;p__Bacillota;c__Clostridia;o__Lachnospirales;f__Lachnospiraceae;g__Lachnoclostridium	0.7481867792192662
9ab059f87fd444f432e02e570ddd073e	d__Bacteria;p__Bacillota;c__Clostridia;o__Clostridia_UCG-014;f__Incertae_Sedis;g__Incertae_Sedis	0.9999999999807301
a140ed231e94fdb10f1a8b638011d6c5	d__Bacteria;p__Bacillota;c__Clostridia;o__Oscillospirales;f__Oscillospiraceae	0.9998603735827308
8404d8bde265ee3dd22ed1daff5212f4	d__Bacteria;p__Bacillota;c__Clostridia;o__Lachnospirales;f__Lachnospiraceae;g__ASF356	0.9999999898547003
c93fe97e244a0714964df5fab7e2ec29	d__Bacteria;p__Bacillota;c__Clostridia;o__Lachnospirales;f__Lachnospiraceae;g__Roseburia	0.8969036411306709
eddbc941ea15d3ca92dc3e4f8cbd00af	d__Bacteria;p__Bacillota;c__Clostridia;o__Clostridia_UCG-014;f__Incertae_Sedis;g__Incertae_Sedis	0.9999999999919567
3126511f267f64bec7056368156a4984	d__Bacteria;p__Bacillota;c__Clostridia;o__Lachnospirales;f__Lachnospiraceae;g__Incertae_Sedis	0.706842166877465
d3fb7dce647f3a2523085d69730012b5	d__Bacteria;p__Bacillota;c__Clostridia;o__Lachnospirales;f__Lachnospiraceae;g__Blautia	0.9428242303879959
e153f4fb20a67d95067a3831b1a4291c	d__Bacteria;p__Bacillota;c__Clostridia;o__Lachnospirales;f__Lachnospiraceae;g__Extibacter	0.9671533984409437
bbdb4878f1131f55dc12de67ad8bc74e	d__Bacteria;p__Bacillota;c__Clostridia;o__Clostridia_UCG-014;f__Incertae_Sedis;g__Incertae_Sedis	0.9999999999963336
84e7510b56cd39bfddd1df731f28bdc3	d__Bacteria;p__Bacillota;c__Clostridia;o__Lachnospirales;f__Lachnospiraceae;g__Lachnospiraceae_NK4A136_group	0.9628340814910014
c063e3049f1b067b2ab8dc6b80fae7af	d__Bacteria;p__Bacillota;c__Clostridia;o__Oscillospirales;f__Ruminococcaceae;g__Acutalibacter	0.9999970490380063
5d3505ee82d33dec4beb2c906314a8b9	d__Bacteria;p__Bacillota;c__Clostridia;o__Clostridia_UCG-014;f__Incertae_Sedis;g__Incertae_Sedis	0.99999999999892
33bf67014e4cd1efb3693ad96323c6f9	d__Bacteria;p__Bacillota;c__Clostridia;o__Lachnospirales;f__Lachnospiraceae;g__Lachnospiraceae_NK4A136_group	0.9457028207475825
bc7d1e97885e4d5a302440fe93a68300	d__Bacteria;p__Bacillota;c__Clostridia;o__Lachnospirales;f__Lachnospiraceae;g__Incertae_Sedis	0.841591485735343
1aeff5ef1e16c60c5343a037294161dc	d__Bacteria;p__Bacillota;c__Clostridia;o__Lachnospirales;f__Lachnospiraceae	0.9999939454733993
058390a5ba870199ea72b285290155b5	d__Bacteria;p__Bacillota;c__Clostridia;o__Lachnospirales;f__Lachnospiraceae	0.9999969211890225
b0ef8df8fbaad8b6d5db508028261c25	d__Bacteria;p__Actinomycetota;c__Coriobacteriia;o__Coriobacteriales;f__Eggerthellaceae;g__Adlercreutzia	0.9998748732375496
dfdbfaf4f9a763fc06cda52e49d58b04	d__Bacteria;p__Cyanobacteriota;c__Vampirivibrionia;o__Gastranaerophilales;f__Gastranaerophilaceae;g__CAG-196	0.9973165158720797
411d22ed1e8a19c4ee6e258a7fe8729c	d__Bacteria;p__Bacillota;c__Clostridia;o__Peptococcales;f__Peptococcaceae;g__Incertae_Sedis	0.9955306167279138
407079caed57b7bfda4d2c0d1ca1da6e	d__Bacteria;p__Bacteroidota;c__Bacteroidia;o__Bacteroidales;f__Rikenellaceae;g__Rikenellaceae_RC9_gut_group	0.9999998359992183
e8d25e9f1368442bd26419fe4c2ae60c	d__Bacteria;p__Bacillota;c__Clostridia;o__Lachnospirales;f__Lachnospiraceae;g__A2	0.7576338238029506
efae2a2b15760ad6473b59b58e563131	d__Bacteria;p__Bacillota;c__Bacilli;o__Erysipelotrichales;f__Erysipelotrichaceae;g__Ileibacterium	0.9999999997859277
d5b70dfd3ad55ad7e906965cc9553d83	d__Bacteria;p__Bacillota;c__Clostridia;o__Oscillospirales;f__Ruminococcaceae;g__Paludicola	0.7621337417953221
c47bfbe68e856a8877f164eca22c0789	d__Bacteria;p__Bacillota;c__Clostridia;o__Oscillospirales;f__Ruminococcaceae;g__Acutalibacter	0.9999978364631189
984e31ef01f869bcaaf84e724a1d3a2c	d__Bacteria;p__Bacillota;c__Bacilli;o__RF39;f__Incertae_Sedis;g__Incertae_Sedis	0.999999999966235
eb2ec0f1187ad97428a975c64519f338	d__Bacteria;p__Bacillota;c__Clostridia;o__Clostridiales;f__Clostridiaceae;g__Clostridium	0.8421955255699642
8eb889d14b526a0556670a6a9ba6935d	d__Bacteria;p__Bacillota;c__Bacilli;o__Erysipelotrichales;f__Erysipelatoclostridiaceae	0.9999999978221501
24c7c68810a247f369c580ef34ef9b4e	d__Bacteria;p__Bacillota;c__Clostridia;o__Lachnospirales;f__Lachnospiraceae	0.9999983830858956
6245a268473f5407eff2eef119ceb2d8	d__Bacteria;p__Bacillota;c__Clostridia;o__Oscillospirales;f__Ruminococcaceae	0.9993283676443925
1e27e8c3e367643c1f5d68725c02541e	d__Bacteria;p__Bacteroidota;c__Bacteroidia;o__Bacteroidales;f__Muribaculaceae;g__Incertae_Sedis	0.9999999943492526
7f80f5ddee1b5a861ec12cebe5a5c75a	d__Bacteria;p__Bacillota;c__Bacilli;o__RF39;f__Incertae_Sedis;g__Incertae_Sedis	0.9999999999837428
df73d11444fb1fc83b229951a8144986	d__Bacteria;p__Bacillota;c__Clostridia;o__Oscillospirales;f__Oscillospiraceae	0.9897499260684477
2353c23c7f7d7a94c24831d90afa2c66	d__Bacteria;p__Bacillota;c__Clostridia;o__Oscillospirales;f__Ruminococcaceae;g__Anaerotruncus	0.9997100175050743
6a533037f2f22dc626ae5843b1294ab5	d__Bacteria;p__Bacillota;c__Clostridia;o__Clostridia_UCG-014;f__Incertae_Sedis;g__Incertae_Sedis	0.9999999999993179
8b7f51b3a4b5d90cff1dbacd5a984b0f	d__Bacteria;p__Bacillota;c__Clostridia;o__Lachnospirales;f__Lachnospiraceae;g__Incertae_Sedis	0.7760098138983885
3ab18d2fb0f27ca97553f838c18cd365	d__Bacteria;p__Bacillota;c__Clostridia;o__Peptococcales;f__Peptococcaceae;g__Peptococcus	0.9775859038562686
515c50d13b48a0a0911c9ba76dba6618	d__Bacteria;p__Patescibacteria;c__Saccharimonadia;o__Saccharimonadales;f__Saccharimonadaceae;g__Candidatus_Saccharimonas	0.999999996750546
c90275f3c812025673fbe0e0b3a7d650	d__Bacteria;p__Bacillota;c__Bacilli;o__RF39;f__Incertae_Sedis;g__Incertae_Sedis	0.9999999999963904
d375cd936308d2450b8596042f41b5e6	d__Bacteria;p__Bacillota;c__Bacilli;o__Lactobacillales;f__Lactobacillaceae	1.0
d405b814d09b427392feff601ff4f4e2	d__Bacteria;p__Bacillota;c__Clostridia;o__Lachnospirales;f__Lachnospiraceae;g__Lachnospiraceae_NK4A136_group	0.9294736116445813
33e4b1332d92f6ff2b1a52e6b23d521a	d__Bacteria;p__Bacillota;c__Clostridia;o__Clostridia_UCG-014;f__Incertae_Sedis;g__Incertae_Sedis	0.9661130829103843
971ebb57dc9309aa63096a8824adc5c4	d__Bacteria;p__Bacillota;c__Clostridia;o__Clostridia_UCG-014;f__Incertae_Sedis;g__Incertae_Sedis	0.9999999999928662
b226ba081d515066d65bb8f79a7bb7a6	d__Bacteria;p__Bacteroidota;c__Bacteroidia;o__Bacteroidales;f__Muribaculaceae;g__Incertae_Sedis	0.9999698997585902
8fe11e57e983472c7aaa871556104762	d__Bacteria;p__Bacteroidota;c__Bacteroidia;o__Bacteroidales;f__Muribaculaceae;g__Incertae_Sedis	0.9999997184028585
bcc8ca501c0e4beb21ff3c07c66333f9	d__Bacteria;p__Bacillota;c__Clostridia;o__Lachnospirales;f__Lachnospiraceae;g__Blautia	0.9826556145333338
72e0fc71e70376893f34c69fead6dda8	d__Bacteria;p__Bacillota;c__Clostridia;o__Monoglobales;f__Monoglobaceae;g__Monoglobus	0.9999996431215903
4c2a18214ab51731fc8d195b975974d0	d__Bacteria;p__Bacillota;c__Clostridia;o__Lachnospirales;f__Lachnospiraceae;g__Roseburia	0.9253022068153264
32ea4de5ea88bdb30b1020f8dc930e4c	d__Bacteria;p__Bacillota;c__Clostridia;o__Lachnospirales;f__Lachnospiraceae	0.999999827569759
707d25caf2a6058b85c6677a601a22f0	d__Bacteria;p__Bacillota;c__Clostridia;o__Clostridia_UCG-014;f__Incertae_Sedis;g__Incertae_Sedis	0.9999999999982663
511534ef2be3dd3abcdbd0dfd0ab4c8c	d__Bacteria;p__Bacillota;c__Clostridia;o__Oscillospirales;f__Ruminococcaceae	0.9989550222319383
5b3ef57d90c1bee39443f8aa52987404	d__Bacteria;p__Bacillota;c__Clostridia;o__Lachnospirales;f__Lachnospiraceae;g__Lachnospiraceae_UCG-006	0.9924012897044526
b9a78ba87b2956cffba4a64f17e5a19d	d__Bacteria;p__Bacillota;c__Clostridia;o__Oscillospirales;f__Oscillospiraceae;g__Incertae_Sedis	0.7913234488692128
13ed78439f3ae1a9fd9af2d8c288b7c9	d__Bacteria;p__Bacillota;c__Clostridia;o__Lachnospirales;f__Lachnospiraceae;g__Lachnospiraceae_UCG-006	0.8427285893986706
e842363a303ed8730117f264dafcc1a0	d__Bacteria;p__Bacillota;c__Bacilli;o__RF39;f__Incertae_Sedis;g__Incertae_Sedis	0.9999999999354259
ed2909f79c3e4992453beb10d74e962f	d__Bacteria;p__Bacillota;c__Clostridia;o__Oscillospirales;f__Oscillospiraceae;g__Intestinimonas	0.7590340456372112
00ccf5e33c8e37e34b9c62f0e431f2e4	d__Bacteria;p__Bacillota;c__Bacilli;o__Lactobacillales;f__Lactobacillaceae;g__Limosilactobacillus	0.9904584120791977
ab1f0e7405faada21c8c1f39e1da4de6	d__Bacteria;p__Deferribacterota;c__Deferribacteres;o__Deferribacterales;f__Deferribacteraceae;g__Mucispirillum	1.0
4bac39acda1ee582ae3c43fe8af49783	d__Bacteria;p__Bacillota;c__Bacilli;o__Erysipelotrichales;f__Erysipelatoclostridiaceae;g__Longibaculum	0.9972417500071181
e07f1302a73ae1a74bcb3c68c2694588	d__Bacteria;p__Bacteroidota;c__Bacteroidia;o__Bacteroidales;f__Tannerellaceae;g__Parabacteroides	0.9999773284960858
76089ede4b3ce23319446bd575d077e6	d__Bacteria;p__Bacillota;c__Bacilli;o__RF39;f__Incertae_Sedis;g__Incertae_Sedis	0.9999999999972999
7b4f79dfc45864d692a5449dab129389	d__Bacteria;p__Bacillota;c__Clostridia;o__Lachnospirales;f__Lachnospiraceae	0.999997731955362
2a06eb1a4692ddcb534b45767cca7a8b	d__Bacteria;p__Bacillota;c__Clostridia;o__Oscillospirales;f__Ruminococcaceae;g__Incertae_Sedis	0.9532834821519459
bd9df7a49b4ba0d889f57d9b5de315c0	d__Bacteria;p__Bacteroidota;c__Bacteroidia;o__Bacteroidales;f__Muribaculaceae;g__Incertae_Sedis	0.9999999340735166
0c1184a9c034f4d958416ca44d9385c3	d__Bacteria;p__Bacillota;c__Clostridia;o__Lachnospirales;f__Lachnospiraceae	0.9999999354626854
974c89a0373a2e626a20b4edaae5b280	d__Bacteria;p__Bacillota;c__Clostridia;o__Oscillospirales;f__Butyricicoccaceae;g__Agathobaculum	0.9997645564500729
62a2d7d8c1cf551201b8ed7fe09db77f	d__Bacteria;p__Bacillota;c__Clostridia;o__Lachnospirales;f__Lachnospiraceae;g__Tyzzerella	0.9999897297432371
f998e8273a648b65ccbcac246396d233	d__Bacteria;p__Bacillota;c__Bacilli;o__RF39;f__Incertae_Sedis;g__Incertae_Sedis	0.99999999999838
3caed11e814dc9b12236a90b2afa9759	d__Bacteria;p__Bacillota;c__Clostridia;o__Lachnospirales;f__Lachnospiraceae;g__GCA-900066575	0.9988579264894555
fff30adf9460b97ecbb4e0de01351ac9	d__Bacteria;p__Cyanobacteriota;c__Vampirivibrionia;o__Gastranaerophilales;f__Gastranaerophilaceae	1.0000000000000062
e5487aae926ae858a5f84eb92a90e869	d__Bacteria;p__Bacillota;c__Clostridia;o__Lachnospirales;f__Lachnospiraceae	0.9987274204930603
6ecd7f7add90cc2dfd8b5e09b81f3ef1	d__Bacteria;p__Bacteroidota;c__Bacteroidia;o__Bacteroidales;f__Muribaculaceae;g__Incertae_Sedis	0.9999999650188165
17945b9805982ef642a391911fc4227b	d__Bacteria;p__Bacillota;c__Clostridia;o__Lachnospirales;f__Lachnospiraceae;g__Blautia	0.9794119599120389
81feb2eba3040dc2381a00a57decd259	d__Bacteria;p__Bacillota;c__Clostridia;o__Oscillospirales;f__Ruminococcaceae;g__Acutalibacter	0.9999967165161839
7ca01b0b3a7a6e66187fd594e3ddb9c5	d__Bacteria;p__Bacillota;c__Clostridia;o__Oscillospirales;f__Oscillospiraceae	0.9999997580227086
50c70f5c0751f0bbfd6d9dd9eb7a138f	d__Bacteria;p__Bacillota;c__Clostridia;o__Oscillospirales;f__Oscillospiraceae;g__UCG-005	0.9973126613551124
c6a53aa179e47c2de016cf9544bb2e79	d__Bacteria;p__Bacillota;c__Clostridia;o__Lachnospirales;f__Lachnospiraceae;g__Acetatifactor	0.9999605741379579
5891945f6d0b86b90f295e56cf3d24f0	d__Bacteria;p__Bacillota;c__Clostridia;o__Clostridia_UCG-014;f__Incertae_Sedis;g__Incertae_Sedis	0.9999999999871818
d9b081cfc649295918014d316e3200b1	d__Bacteria;p__Bacillota;c__Clostridia;o__Lachnospirales;f__Lachnospiraceae	0.9999866249037846
da4a2e0c7f127494ba811619e1d09406	d__Bacteria;p__Bacteroidota;c__Bacteroidia;o__Bacteroidales;f__Rikenellaceae;g__Alistipes	0.9999999996143174
dd1c2dbdb3c4697934466f7daa51c735	d__Bacteria;p__Bacillota;c__Clostridia;o__Peptostreptococcales-Tissierellales;f__Anaerovoracaceae;g__Anaerovorax	0.9827807774824806
170f4d5eda9c021cf14b560c2916383c	d__Bacteria;p__Bacillota;c__Clostridia;o__Lachnospirales;f__Lachnospiraceae	0.999997774420575
bf7a225cbadd5539236569965ec8c0a5	d__Bacteria;p__Bacteroidota;c__Bacteroidia;o__Bacteroidales;f__Marinifilaceae;g__Odoribacter	0.9999999984294163
110e3b833e2b81152e6d41fdf20ac360	d__Bacteria;p__Bacillota;c__Clostridia;o__Oscillospirales;f__Butyricicoccaceae;g__Agathobaculum	0.9998868526252503
40d5f2a2261c39a3e173fa42eceae992	d__Bacteria;p__Bacillota;c__Clostridia;o__Lachnospirales;f__Lachnospiraceae;g__Lachnospiraceae_NK4A136_group	0.806122198033317
ec708a013c114406146e82f003a5e3c7	d__Bacteria;p__Bacillota;c__Clostridia;o__Oscillospirales;f__Ruminococcaceae;g__Anaerotruncus	0.9999805620167317
1e61c50d2036920d9fcd057fb99f6899	d__Bacteria;p__Bacillota;c__Bacilli;o__RF39;f__Incertae_Sedis;g__Incertae_Sedis	0.9999999999996589
d5c59c7f7edade39fd9801200896b363	d__Bacteria;p__Bacillota;c__Bacilli;o__Erysipelotrichales;f__Erysipelotrichaceae;g__Faecalibaculum	0.9999999999168381
28870fb4b0083856faa4468a3467a602	d__Bacteria;p__Bacillota;c__Clostridia;o__Lachnospirales;f__Lachnospiraceae	0.999946588369351
3eb04a528f4047ece02a15d4a8c30739	d__Bacteria;p__Bacillota;c__Clostridia;o__Oscillospirales;f__Ruminococcaceae;g__Acutalibacter	0.9999981772115646
be45ba9ceed990f81dc0ba36f671b16e	d__Bacteria;p__Bacillota;c__Bacilli;o__RF39;f__Incertae_Sedis;g__Incertae_Sedis	0.9999999997992575
7e11d2fc5849027b3ce87c189e7e8e97	d__Bacteria;p__Bacillota;c__Clostridia;o__Oscillospirales;f__Ruminococcaceae	0.9631213278666955
7607f0112e1559791955a4f71a92e9b1	d__Bacteria;p__Actinomycetota;c__Coriobacteriia;o__Coriobacteriales;f__Eggerthellaceae;g__Adlercreutzia	0.991497849165616
9ca58d5a4099ac653428ece6d3f9cd5e	d__Bacteria;p__Bacillota;c__Clostridia;o__Clostridia_UCG-014;f__Incertae_Sedis;g__Incertae_Sedis	0.9999999999242846
eadbdfcb4a49156635f697a0aab3011f	d__Bacteria;p__Bacillota;c__Clostridia;o__Lachnospirales;f__Lachnospiraceae;g__Incertae_Sedis	0.846731293789301
bc43727f6f7d21005c58d75f5dd225f0	d__Bacteria;p__Bacillota;c__Clostridia;o__Clostridia_UCG-014;f__Incertae_Sedis;g__Incertae_Sedis	0.9999999999957083
d3bee25a384a7a8383d1af48ad5626f4	d__Bacteria;p__Bacillota;c__Clostridia;o__Lachnospirales;f__Lachnospiraceae	0.9999984680868987
4d405d595a4a0c14a4d2b739791596ca	d__Bacteria;p__Bacillota;c__Clostridia;o__Lachnospirales;f__Lachnospiraceae;g__Incertae_Sedis	0.7927253481101388
5e22b97948197d41a088eacab6d8b264	d__Bacteria;p__Bacillota;c__Bacilli;o__RF39;f__Incertae_Sedis;g__Incertae_Sedis	0.9999999998726139
5b0ebdeb2063a9552ffc645219ef5b7e	d__Bacteria;p__Pseudomonadota;c__Gammaproteobacteria;o__Burkholderiales;f__Sutterellaceae;g__Turicimonas	0.9999999337108272
ce96768ca305b943e7148ddfc847ebf4	d__Bacteria;p__Bacillota;c__Clostridia;o__Clostridia_UCG-014;f__Incertae_Sedis;g__Incertae_Sedis	0.9971407054222536
ddcf876795d5b77a83c352a986610aed	d__Bacteria;p__Bacillota;c__Clostridia;o__Lachnospirales;f__Lachnospiraceae;g__Lachnoclostridium	0.8073499332393281
d2cc4846dc4b79f30e453715a88a4dc7	d__Bacteria;p__Bacillota;c__Clostridia;o__Lachnospirales;f__Lachnospiraceae;g__GCA-900066575	0.9993592623212808
2a5f3b5dd775f49502ca23ecfc2c06af	d__Bacteria;p__Bacillota;c__Clostridia;o__Clostridia_UCG-014;f__Incertae_Sedis;g__Incertae_Sedis	0.9999999999951683
c6a3571dae49f0e0db447ef0d13d5952	d__Bacteria;p__Bacillota;c__Bacilli;o__Erysipelotrichales;f__Erysipelotrichaceae;g__Incertae_Sedis	0.9998459763593884
4658c873c4c42df9564831521553aafd	d__Bacteria;p__Bacillota;c__Clostridia;o__Lachnospirales;f__Lachnospiraceae	0.9999496240579645
7711113b6c8cd53cbfa7a0755ab8ce6d	d__Bacteria;p__Bacillota;c__Clostridia;o__Lachnospirales;f__Lachnospiraceae;g__GCA-900066575	0.9948032101507339
33a4a8a5b8ebbf43f492214af9c4cd48	d__Bacteria;p__Bacillota;c__Bacilli;o__Lactobacillales;f__Lactobacillaceae;g__HT002	0.8904936995734984
306f8fa12dfc8394c17e8a228bac73ef	d__Bacteria;p__Bacillota;c__Clostridia;o__Oscillospirales;f__Oscillospiraceae;g__Oscillibacter	0.7023202461215186
55f6cb80cc4b6605514c03a3aa971ea3	d__Bacteria;p__Bacillota;c__Bacilli;o__RF39;f__Incertae_Sedis;g__Incertae_Sedis	0.9999999999859028
11362a355f17614bb4996a3c69d5047d	d__Bacteria;p__Bacillota;c__Bacilli;o__Lactobacillales;f__Streptococcaceae;g__Lactococcus	0.9999998727797755
41b2a97301262c39e7e62ca362ff4cd0	d__Bacteria;p__Bacillota;c__Clostridia;o__Oscillospirales;f__Oscillospiraceae	0.9999730295318567
68a1beb5c2523c31d4d6b2a721672870	d__Bacteria;p__Bacillota;c__Clostridia;o__Oscillospirales;f__Ruminococcaceae;g__Incertae_Sedis	0.7557014879305272
d3549891f7f115c9099c0d5d34b2ca07	d__Bacteria;p__Bacillota;c__Clostridia;o__Clostridia_UCG-014;f__Incertae_Sedis;g__Incertae_Sedis	0.9999999999855902
fd353644b590a3a0b73fc105dabce99f	d__Bacteria;p__Actinomycetota;c__Coriobacteriia;o__Coriobacteriales;f__Eggerthellaceae;g__Adlercreutzia	0.9995010616863226
232dc59d13062a3c5b86872f30c3f197	d__Bacteria;p__Bacillota;c__Clostridia;o__Lachnospirales;f__Lachnospiraceae;g__Incertae_Sedis	0.9737459599782027
59f65c9f010ae74ad1dca57ddad5fc88	d__Bacteria;p__Bacillota;c__Clostridia;o__Oscillospirales;f__Butyricicoccaceae;g__Agathobaculum	0.9997567881151529
acd829ed1186a7973f230e5283e8d8af	d__Bacteria;p__Bacteroidota;c__Bacteroidia;o__Bacteroidales;f__Muribaculaceae;g__Incertae_Sedis	0.9999997577796771
fe8a6a64d352a957ddbc868b3d5634b7	d__Bacteria;p__Bacillota;c__Clostridia;o__Oscillospirales;f__Ruminococcaceae;g__Anaerotruncus	0.9999973383792345
2f01e6608d43d40a7de46b68049154db	d__Bacteria;p__Bacillota;c__Clostridia;o__Lachnospirales;f__Lachnospiraceae;g__Mediterraneibacter	0.9745182508666024
53da37d010c5c05862b1543bd9cd235f	d__Bacteria;p__Bacillota;c__Clostridia;o__Lachnospirales;f__Lachnospiraceae;g__GCA-900066575	0.9995735577648265
4ec9d1c058be0d95620f23c41bd5fd16	d__Bacteria;p__Bacillota;c__Clostridia;o__Lachnospirales;f__Lachnospiraceae;g__Butyribacter	0.9997353686793966
fb63263553048fd7e9d22fc71a78b1a3	d__Bacteria;p__Bacillota;c__Clostridia;o__Clostridia_UCG-014;f__Incertae_Sedis;g__Incertae_Sedis	0.9999999999967031
fc39bab6967451926c9631d19864dcdd	d__Bacteria;p__Bacillota;c__Clostridia;o__Clostridia_UCG-014;f__Incertae_Sedis;g__Incertae_Sedis	0.9999999999688782
a59c4762fa2d1a4322b850c927b5f70a	d__Bacteria;p__Bacillota;c__Clostridia;o__Clostridia_vadinBB60_group;f__Incertae_Sedis;g__Incertae_Sedis	0.999999023830775
9b64bfad41e78d2b81d3aa6964c87f31	d__Bacteria;p__Bacteroidota;c__Bacteroidia;o__Bacteroidales;f__Muribaculaceae;g__Incertae_Sedis	0.9999999922733309
ace8d8ce08833a188edf0efb47c4f7f7	d__Bacteria;p__Bacteroidota;c__Bacteroidia;o__Bacteroidales;f__Rikenellaceae;g__Alistipes	0.9999999992587902
f7aa6957ee7d257aa23c77a47b2308a1	d__Bacteria;p__Actinomycetota;c__Coriobacteriia;o__Coriobacteriales;f__Eggerthellaceae;g__Adlercreutzia	0.9996841942970953
8a03a2322208d93fb5983a5134d26cf8	d__Bacteria;p__Bacillota;c__Bacilli;o__RF39;f__Incertae_Sedis;g__Incertae_Sedis	0.9999999999996305
b0b42b5f59a340e17c6c4b4ef50baf3e	d__Bacteria;p__Cyanobacteriota;c__Vampirivibrionia;o__Gastranaerophilales;f__Gastranaerophilaceae;g__Incertae_Sedis	0.9997685641301349
f49210e4e9d479ecad1a0d57214f9061	d__Bacteria;p__Bacteroidota;c__Bacteroidia;o__Bacteroidales;f__Muribaculaceae;g__Incertae_Sedis	0.9999999893131531
913472990e3eeb4ea0033f3230d5882b	d__Bacteria;p__Bacillota;c__Clostridia;o__Clostridia_UCG-014;f__Incertae_Sedis;g__Incertae_Sedis	0.9999999999992895
9307e0f10b19533a0bfe0ec15ec63ee4	d__Bacteria;p__Bacillota;c__Clostridia;o__Oscillospirales;f__Ruminococcaceae;g__Incertae_Sedis	0.9013339746331781
de94b3859f24dc3120ec965e5055ad17	d__Bacteria;p__Bacillota;c__Clostridia;o__Clostridia_UCG-014;f__Incertae_Sedis;g__Incertae_Sedis	0.9999999999988347
0996a1c72a0725427fbec7d0444679df	d__Bacteria;p__Actinomycetota;c__Coriobacteriia;o__Coriobacteriales;f__Atopobiaceae;g__Coriobacteriaceae_UCG-002	0.9999984290788977
e3b45767c7155a6f7b5413d67c0b8de2	d__Bacteria;p__Actinomycetota;c__Coriobacteriia;o__Coriobacteriales;f__Eggerthellaceae;g__Adlercreutzia	0.9980106445000905
fc699a9b969b27ec7baa467cbae0e294	d__Bacteria;p__Bacillota;c__Bacilli;o__Lactobacillales;f__Lactobacillaceae	0.7439829158467437
fae02f58870bbd3900cfa5b0eddbf77c	d__Bacteria;p__Bacillota;c__Clostridia;o__Oscillospirales;f__Oscillospiraceae	0.99994879338714
adee869aa96b8cc7499e240d52c383bb	d__Bacteria;p__Bacteroidota;c__Bacteroidia;o__Bacteroidales;f__Rikenellaceae;g__Alistipes	0.9999899723445643
6a5f57c9fc2024a4036628897e319793	d__Bacteria;p__Bacillota;c__Clostridia;o__Oscillospirales;f__Oscillospiraceae;g__Colidextribacter	0.8519839782660401
ad81adb3f05c64e2f00114041ff1d452	d__Bacteria;p__Bacillota;c__Clostridia;o__Lachnospirales;f__Lachnospiraceae;g__Butyribacter	0.9995500246332818
23f877fdd35dd53931f99cd69d2e7b99	d__Bacteria;p__Bacteroidota;c__Bacteroidia;o__Bacteroidales;f__Muribaculaceae;g__Incertae_Sedis	0.9999999987863362
effd72e7fa6580689782081a934a0a24	d__Bacteria;p__Bacillota;c__Clostridia;o__Oscillospirales;f__Ruminococcaceae;g__Incertae_Sedis	0.8102955375285673
02bd3a8e62f503abf369ad45c9cd4ec6	d__Bacteria;p__Bacillota;c__Clostridia;o__Lachnospirales;f__Lachnospiraceae;g__Lachnospiraceae_NK4A136_group	0.895045368973903
af4c07b5cc28acad049fb798cad96c8e	d__Bacteria;p__Bacteroidota;c__Bacteroidia;o__Bacteroidales;f__Bacteroidaceae;g__Bacteroides	0.9999999856721332
099d4f17ab30dfc2494faa1289466788	d__Bacteria;p__Bacillota;c__Clostridia;o__Lachnospirales;f__Lachnospiraceae	0.9999982232380985
906d6d06e548518f00374e70826c46c1	d__Bacteria;p__Bacillota;c__Clostridia;o__Oscillospirales;f__Oscillospiraceae	0.9997631147655912
b4716b0b8dcc321ff63ae6e6f3cd9403	d__Bacteria;p__Bacillota;c__Clostridia;o__Lachnospirales;f__Lachnospiraceae;g__Acetatifactor	0.9022513621146802
d4fc751a85a02f21aeb5162c041b973f	d__Bacteria;p__Bacillota;c__Bacilli;o__Erysipelotrichales;f__Erysipelotrichaceae;g__Dubosiella	0.9999999999891713
557e22e1146ec149774802148794af7f	d__Bacteria;p__Bacillota;c__Clostridia;o__Lachnospirales;f__Lachnospiraceae;g__Lachnospiraceae_NK4A136_group	0.9562172933573112
08ce701e77b50ddc39bcf11adc40c4d9	d__Bacteria;p__Cyanobacteriota;c__Vampirivibrionia;o__Gastranaerophilales;f__Gastranaerophilaceae;g__Zag_111	0.9999555722642385
978f935abb08311d540e0fe35658ad24	d__Bacteria;p__Bacillota;c__Clostridia;o__Lachnospirales;f__Lachnospiraceae	0.9999903246735389
df55c03cede4dd527bf7b9b5a77565e9	d__Bacteria;p__Bacillota;c__Bacilli;o__Erysipelotrichales;f__Erysipelotrichaceae;g__Incertae_Sedis	0.9993912327718704
ac8414eec0b774a2c5ef65cd5ca37091	d__Bacteria;p__Bacillota;c__Clostridia;o__Oscillospirales;f__Butyricicoccaceae;g__Agathobaculum	0.9996935626084849
c1aefa50913e9766c2979ec290cbc659	d__Bacteria;p__Bacillota;c__Clostridia;o__Oscillospirales;f__Butyricicoccaceae;g__Agathobaculum	0.9998426412471557
0ee3bc32ea7c962e4b0cdd7411f5d222	d__Bacteria;p__Bacteroidota;c__Bacteroidia;o__Bacteroidales;f__Rikenellaceae;g__Rikenellaceae_RC9_gut_group	0.9997707717134117
cc7083620a16156358742a5589dc4b06	d__Bacteria;p__Actinomycetota;c__Coriobacteriia;o__Coriobacteriales;f__Eggerthellaceae;g__Adlercreutzia	0.9996666313775749
d1ee94ec5501353deaf5f55901bb43ab	d__Bacteria;p__Bacteroidota;c__Bacteroidia;o__Bacteroidales;f__Muribaculaceae;g__Incertae_Sedis	0.9999999980637426
5849c4a190a191fecf20bfe44dd68606	d__Bacteria;p__Pseudomonadota;c__Alphaproteobacteria;o__Rickettsiales;f__Mitochondria;g__Incertae_Sedis	0.8368424583370178
d8f26908b353195c46f8a779fcbc232c	d__Bacteria;p__Bacteroidota;c__Bacteroidia;o__Bacteroidales;f__Marinifilaceae;g__Odoribacter	0.9999999976045899
facc2cd2dab3f5f8bb6a6ef455bd52c5	d__Bacteria;p__Pseudomonadota;c__Alphaproteobacteria;o__Hyphomicrobiales;f__Rhizobiaceae;g__Incertae_Sedis	0.9506112504932415
2f2a910ab3b6af29cb3bb9ca91aa279f	d__Bacteria;p__Bacillota;c__Clostridia;o__Clostridia_UCG-014;f__Incertae_Sedis;g__Incertae_Sedis	0.9999999999609486
f532ad6d591bf5c23d774231df3224eb	d__Bacteria;p__Bacillota;c__Clostridia;o__Oscillospirales;f__Ruminococcaceae;g__Acutalibacter	0.9729832751614454
b0460dabdc0ed939bedd8dcbfff049f3	d__Bacteria;p__Bacillota;c__Clostridia;o__Lachnospirales;f__Lachnospiraceae;g__Incertae_Sedis	0.9990547386757578
b213be8ce04a9366d2cc832796e0cc04	d__Bacteria;p__Bacillota;c__Bacilli;o__Erysipelotrichales;f__Erysipelotrichaceae;g__Incertae_Sedis	0.9996362759269827
516cbf4d2b1f75910fec8a970f78f859	d__Bacteria;p__Pseudomonadota;c__Gammaproteobacteria;o__Burkholderiales;f__Sutterellaceae;g__Turicimonas	0.9999999937077177
af6847253b8e0bc0d0bdffaa71efbb2f	d__Bacteria;p__Bacillota;c__Clostridia;o__Oscillospirales;f__Oscillospiraceae;g__Colidextribacter	0.9839056693622457
446c925fd6497b3277f7b5127245b072	d__Bacteria;p__Deferribacterota;c__Deferribacteres;o__Deferribacterales;f__Deferribacteraceae;g__Mucispirillum	1.0
71e0e26c9e4a160ec0624e023dd6b81c	d__Bacteria;p__Bacillota;c__Clostridia;o__Lachnospirales;f__Lachnospiraceae;g__Tyzzerella	0.9976557430282293
3af316e2ac74436da7ccd15c1e199e7c	d__Bacteria;p__Bacillota;c__Clostridia;o__Lachnospirales;f__Lachnospiraceae;g__Incertae_Sedis	0.9838998676785651
65b42ef3dd799610e1ceee18e243d64a	d__Bacteria;p__Bacillota;c__Bacilli;o__RF39;f__Incertae_Sedis;g__Incertae_Sedis	0.9999999999979821
bf5811630dcc451f8e044c5e95c5746a	d__Bacteria;p__Bacillota;c__Clostridia;o__Clostridia_UCG-014;f__Incertae_Sedis;g__Incertae_Sedis	0.9999999999985505
2b38eceac80a4c3e93e1af2eecba303a	d__Bacteria;p__Bacillota;c__Clostridia;o__Lachnospirales;f__Lachnospiraceae;g__Frisingicoccus	0.999969815630024
463634206ed746f917509b1dbb1b77fa	d__Bacteria;p__Bacillota;c__Clostridia;o__Lachnospirales;f__Lachnospiraceae;g__Anaerotignum	0.9999162462450684
576f67f3f0e809dc5e709ae1e5e52cef	d__Bacteria;p__Bacillota;c__Bacilli;o__RF39;f__Incertae_Sedis;g__Incertae_Sedis	0.9999999999990052
c1df5616c6d885007274a6ea95e16e63	d__Bacteria;p__Bacillota;c__Clostridia;o__Oscillospirales;f__Ruminococcaceae;g__Incertae_Sedis	0.9153871464012666
028fb9adb9dabd47254700db1ff3983b	d__Bacteria;p__Bacillota;c__Bacilli;o__RF39;f__Incertae_Sedis;g__Incertae_Sedis	0.9999999999836291
9498982d74b094007f0cfcf67d08c4fb	d__Bacteria;p__Bacillota;c__Clostridia;o__Clostridia_UCG-014;f__Incertae_Sedis;g__Incertae_Sedis	0.9999999999978115
fe7917001c4966a6fcb12095f7012d64	d__Bacteria;p__Bacillota;c__Clostridia;o__Oscillospirales;f__Oscillospiraceae;g__Intestinimonas	0.7378895546759248
b5622c29c9c003017947c332331501c0	d__Bacteria;p__Bacillota;c__Clostridia;o__Lachnospirales;f__Lachnospiraceae	0.9999984458463256
8d9162771e304ff01736fe6f08c77c07	d__Bacteria;p__Bacillota;c__Clostridia;o__Lachnospirales;f__Lachnospiraceae	0.9999912138114818
b0868467dc70d25ec0b7297017ef563e	d__Bacteria;p__Bacillota;c__Bacilli;o__RF39;f__Incertae_Sedis;g__Incertae_Sedis	0.9999999998741487
15e4c518989f76a38d0e476f79183beb	d__Bacteria;p__Bacillota;c__Bacilli;o__RF39;f__Incertae_Sedis;g__Incertae_Sedis	0.9999999999998295
2d05c5b4139a882619ad557283b2b199	d__Bacteria;p__Bacillota;c__Clostridia;o__Lachnospirales;f__Lachnospiraceae;g__Incertae_Sedis	0.887234439629273
028bd80ffbbc4254a79d9e320716aebd	d__Bacteria;p__Bacillota;c__Clostridia;o__Oscillospirales;f__Oscillospiraceae	0.9999677113375802
053862edcde4d3cfc373455afbf2f17b	d__Bacteria;p__Bacillota;c__Clostridia;o__Clostridia_vadinBB60_group;f__Incertae_Sedis;g__Incertae_Sedis	0.9999999926734517
beeefbafe29a5f5d78ca6e17d4145a97	d__Bacteria;p__Bacillota;c__Clostridia;o__Lachnospirales;f__Lachnospiraceae;g__Lachnospiraceae_NK4A136_group	0.9673204583324021
d54f9511acee19c1079b29126fae22af	d__Bacteria;p__Bacillota;c__Clostridia;o__Clostridia_vadinBB60_group;f__Incertae_Sedis;g__Incertae_Sedis	0.9999597309962986
9ad638cd7417ce26ac928ce2d9ffb0c0	d__Bacteria;p__Bacteroidota;c__Bacteroidia;o__Bacteroidales;f__Prevotellaceae;g__Prevotellaceae_UCG-001	0.9971342854188538
3116337d58d37e192f7a5a57c274488d	d__Bacteria;p__Bacillota;c__Clostridia;o__Oscillospirales;f__Oscillospiraceae;g__Colidextribacter	0.9590142445940998
6544181e45e2bb49e2e183817c5070cf	d__Bacteria;p__Bacteroidota;c__Bacteroidia;o__Bacteroidales;f__Rikenellaceae;g__Alistipes	0.999999999044519
88c15f7ce555770084a834025af1b2e9	d__Bacteria;p__Bacillota;c__Clostridia;o__Oscillospirales;f__Oscillospiraceae	0.9999972985999348
9a3acd34e5f74a096908f7e64291f471	d__Bacteria;p__Bacillota;c__Clostridia;o__Clostridia_UCG-014;f__Incertae_Sedis;g__Incertae_Sedis	0.999999999999801
7a686d0827d53b464ad4625669877af0	d__Bacteria;p__Bacillota;c__Clostridia;o__Lachnospirales;f__Lachnospiraceae;g__Anaerostipes	0.9843700477314691
b906c325dd10f2ef764a23f9a68497ed	d__Bacteria;p__Bacillota;c__Clostridia;o__Lachnospirales;f__Lachnospiraceae	0.9999968032618234
6a9a6869de8f20f242bf4ca9223927f0	d__Bacteria;p__Bacillota;c__Clostridia;o__Lachnospirales;f__Lachnospiraceae	0.9999987555372027
579ec2a4b7fc8521212cb2a48620ff22	d__Bacteria;p__Bacillota;c__Clostridia;o__Lachnospirales;f__Lachnospiraceae;g__Incertae_Sedis	0.9733378860263626
901f4fa6c87f0cf0645d5903134ca9dc	d__Bacteria;p__Bacillota;c__Clostridia;o__Clostridia_vadinBB60_group;f__Incertae_Sedis;g__Incertae_Sedis	0.9999788586117144
5ced27b98e51d1321434f6c0f83c8528	d__Bacteria;p__Bacillota;c__Clostridia;o__Lachnospirales;f__Lachnospiraceae	0.9999977555779652
e7fd18637f1d243dae0030443f54d4eb	d__Bacteria;p__Bacillota;c__Clostridia;o__Oscillospirales;f__Oscillospiraceae;g__UCG-005	0.9965801946211655
33a40f807e65e4eba0faedabc11f34f7	d__Bacteria;p__Bacillota;c__Clostridia;o__Clostridia_UCG-014;f__Incertae_Sedis;g__Incertae_Sedis	0.9999999999545537
86ee84f8223f12ab3c011376ef15de39	d__Bacteria;p__Bacillota;c__Clostridia;o__Lachnospirales;f__Lachnospiraceae;g__Lachnospiraceae_NK4A136_group	0.9884255547247416
3bb7e7b776984dcea74e78f716148909	d__Bacteria;p__Bacillota;c__Clostridia;o__Lachnospirales;f__Lachnospiraceae	0.9999819384676014
874845611b14babb96623982ed261cda	d__Bacteria;p__Bacillota;c__Bacilli;o__RF39;f__Incertae_Sedis;g__Incertae_Sedis	0.9999999998393889
9b87a60cda1dd28171a97729825cee3b	d__Bacteria;p__Bacillota;c__Clostridia;o__Oscillospirales;f__Butyricicoccaceae;g__Agathobaculum	0.9984081281590819
8a28fcd3494e78a968c7472ef5e985e0	d__Bacteria;p__Bacteroidota;c__Bacteroidia;o__Bacteroidales;f__Muribaculaceae;g__Incertae_Sedis	0.999999993608327
5734ccc8511ab912e0e5eb831f72a3e8	d__Bacteria;p__Bacteroidota;c__Bacteroidia;o__Bacteroidales;f__Muribaculaceae;g__Incertae_Sedis	0.999999999300087
199c55da1033c9430599b5b1ad856b22	d__Bacteria;p__Bacillota;c__Clostridia;o__Lachnospirales;f__Lachnospiraceae;g__Incertae_Sedis	0.7291748540048006
fe3a55d4ca61cfe8c9c37b9517282acd	d__Bacteria;p__Bacillota;c__Clostridia;o__Oscillospirales;f__Ruminococcaceae;g__Anaerotruncus	0.9999924493531858
d94106e1a4e52061aff37fc4e4b85ad2	d__Bacteria;p__Bacillota;c__Clostridia;o__Lachnospirales;f__Lachnospiraceae;g__Lachnoclostridium	0.8442111811619956
d74769ff614a27f8b7bfb9f678324de8	d__Bacteria;p__Bacillota;c__Clostridia;o__Lachnospirales;f__Lachnospiraceae	0.9999994586932994
30ea25e7ee343e3a6eec937bddc0afd9	d__Bacteria;p__Bacillota;c__Bacilli;o__Staphylococcales;f__Staphylococcaceae;g__Jeotgalicoccus	0.9999997395864054
7786e955b14d02f6a5e95df3e4f43cdb	d__Bacteria;p__Bacillota;c__Clostridia;o__Lachnospirales;f__Lachnospiraceae;g__GCA-900066575	0.8782315795853022
80cde262de4595c7691755e61cc8b9a9	d__Bacteria;p__Bacteroidota;c__Bacteroidia;o__Bacteroidales;f__Muribaculaceae;g__Incertae_Sedis	0.9999999945346474
b941c0179263e997e1fc778d70651ef8	d__Bacteria;p__Bacillota;c__Clostridia;o__Lachnospirales;f__Lachnospiraceae;g__Lachnoclostridium	0.9005932599128021
1d1464ed28996594f239319aec69d956	d__Bacteria;p__Bacillota;c__Clostridia;o__Lachnospirales;f__Lachnospiraceae;g__Lachnospiraceae_NK4A136_group	0.820066867654679
447085cccb0ce98557447667335e5098	d__Bacteria;p__Bacillota;c__Clostridia;o__Lachnospirales;f__Lachnospiraceae;g__Incertae_Sedis	0.9949852288941611
2538796d2e9a879c6760a9ec38cf6b24	d__Bacteria;p__Bacillota;c__Clostridia;o__Lachnospirales;f__Lachnospiraceae	0.9999964622576649
c53732187ff2dfd86eb608333669797a	d__Bacteria;p__Bacillota;c__Clostridia;o__Clostridia_vadinBB60_group;f__Incertae_Sedis;g__Incertae_Sedis	0.9999999155423644
e19272471c0b0d0463ebfc302be532a2	d__Bacteria;p__Bacillota;c__Bacilli;o__Erysipelotrichales;f__Erysipelatoclostridiaceae;g__Longibaculum	0.9999703418749695
dad17e3652ce18026ccaf6d619d1d0f3	d__Bacteria;p__Bacillota;c__Bacilli;o__RF39;f__Incertae_Sedis;g__Incertae_Sedis	0.9999999998965166
d821f02c49f379f39a295a9eb19fe1be	d__Bacteria;p__Bacteroidota;c__Bacteroidia;o__Bacteroidales;f__Muribaculaceae;g__Incertae_Sedis	0.9999999819865196
e664cbf5357cc94fa6ceacf9d84855cd	d__Bacteria;p__Bacillota;c__Clostridia;o__Oscillospirales;f__Ruminococcaceae;g__Incertae_Sedis	0.9328061014698431
c50bfc39c4a8b865ceaa201cef321c2a	d__Bacteria;p__Bacillota;c__Clostridia;o__Lachnospirales;f__Lachnospiraceae;g__Incertae_Sedis	0.7455941301074672
36f45e150476ee33c01a42d1ec17861c	Unassigned	0.38066275730529475
4cedce25ba80cdb58028d51e9e17fce2	d__Bacteria;p__Bacillota;c__Bacilli;o__Lactobacillales;f__Lactobacillaceae;g__HT002	0.7360898942746428
baabded7bac78004e727a622d0216f41	d__Bacteria;p__Bacteroidota;c__Bacteroidia;o__Bacteroidales;f__Muribaculaceae;g__Incertae_Sedis	0.9999996473676216
9a71f6b1b98e9d256b2c2fad84d8b332	d__Bacteria;p__Bacillota;c__Clostridia;o__Lachnospirales;f__Lachnospiraceae;g__Lachnospiraceae_UCG-010	0.9492232514903823
5170db94a1000146edad47e4132e1bae	d__Bacteria;p__Bacillota;c__Clostridia;o__Clostridia_UCG-014;f__Incertae_Sedis;g__Incertae_Sedis	0.9999999999967599
bf257075401c0e6384001c99ee96d670	d__Bacteria;p__Bacillota;c__Clostridia;o__Lachnospirales;f__Lachnospiraceae;g__GCA-900066575	0.9986153708948846
ed80811a49afbd2b99025a00a78624fc	d__Bacteria;p__Bacillota;c__Clostridia;o__Lachnospirales;f__Lachnospiraceae;g__A2	0.9829279272010308
89286dd41ee5ac0cb03468e2049721d5	d__Bacteria;p__Bacillota;c__Clostridia;o__Clostridia_vadinBB60_group;f__Incertae_Sedis;g__Incertae_Sedis	0.999999975748921
1780c91bac50405a9e3daaf997164cd8	d__Bacteria;p__Bacillota;c__Clostridia;o__Oscillospirales;f__Oscillospiraceae;g__Colidextribacter	0.8285659742383945
f118f5a542a9732f8a9ba0b079c67450	d__Bacteria;p__Bacillota;c__Clostridia;o__Oscillospirales;f__Ruminococcaceae;g__Acutalibacter	0.9869647340844754
09430ef2dd0c53f37dc13a2f398ec48f	d__Bacteria;p__Bacillota;c__Clostridia;o__Lachnospirales;f__Lachnospiraceae;g__Lachnospiraceae_NK4A136_group	0.7686337665240532
c2c77c9fdc1bb4fa1d9c78fe5c02953c	d__Bacteria;p__Bacillota;c__Clostridia;o__Lachnospirales;f__Lachnospiraceae;g__Lachnospiraceae_NK4A136_group	0.9908842788981616
90bd7dade3d9f44638fc17f43927b49b	d__Bacteria;p__Bacillota;c__Clostridia;o__Oscillospirales;f__Ruminococcaceae;g__Incertae_Sedis	0.7439834464178108
59bff0c837516e0c8e910035cf4b0319	d__Bacteria;p__Bacillota;c__Clostridia;o__Lachnospirales;f__Lachnospiraceae;g__Incertae_Sedis	0.9520013220223511
eff048d6f4719b1c26ff557a24d1d47f	d__Bacteria;p__Bacteroidota;c__Bacteroidia;o__Bacteroidales;f__Bacteroidaceae;g__Bacteroides	0.9999999424887863
a043942124fa0affeb06c9d4595b3ab8	d__Bacteria;p__Bacillota;c__Clostridia;o__Lachnospirales;f__Lachnospiraceae	0.9999896268035855
a7f59e7adf6b9bc5ae6ee6fcd7dcd475	d__Bacteria;p__Bacteroidota;c__Bacteroidia;o__Bacteroidales;f__Muribaculaceae;g__Incertae_Sedis	0.9999999827818443
b873386e97344db7e2611890fd069a34	d__Bacteria;p__Bacillota;c__Clostridia;o__Lachnospirales;f__Lachnospiraceae	0.9999935111155625
1bf93a1281ce72adb788d1786f17dae4	d__Bacteria;p__Bacillota;c__Clostridia;o__Lachnospirales;f__Lachnospiraceae	0.9999405463908704
ab165098345db5c927fc8626a7c9dc99	d__Bacteria;p__Bacillota;c__Clostridia;o__Lachnospirales;f__Lachnospiraceae;g__Extibacter	0.9692062767327478
b37fb7d183c286d01c0951030c5df634	d__Bacteria;p__Bacteroidota;c__Bacteroidia;o__Bacteroidales;f__Muribaculaceae;g__Incertae_Sedis	0.9999998955703743
f6a94cd341539d0869cfbe9e00aee38d	d__Bacteria;p__Bacillota;c__Clostridia;o__Lachnospirales;f__Lachnospiraceae	0.999994585400017
f1fdf96ec9180beddbcb9925b6ade1f1	d__Bacteria;p__Bacillota;c__Clostridia;o__Lachnospirales;f__Lachnospiraceae;g__GCA-900066575	0.9970871276612279
9313a4372a0011c657dd4c5d2d4c7b56	d__Bacteria;p__Bacillota;c__Clostridia;o__Lachnospirales;f__Lachnospiraceae;g__Butyribacter	0.8585026309636392
ca9c6684a5f5e33ac6d7339d73fdecec	d__Bacteria;p__Actinomycetota;c__Coriobacteriia;o__Coriobacteriales;f__Coriobacteriales_Incertae_Sedis;g__Incertae_Sedis	0.9999996828811325
d2f3ae1d2551b9e87e9036580c186ea7	d__Bacteria;p__Pseudomonadota;c__Gammaproteobacteria;o__Enterobacterales;f__Enterobacteriaceae;g__Escherichia-Shigella	0.9871925782660689
3b328aefab869af841da6c47bc9edaa5	d__Bacteria;p__Bacteroidota;c__Bacteroidia;o__Bacteroidales;f__Muribaculaceae;g__Incertae_Sedis	0.9999983720197356
a71167050282829e20d2de6091017cd5	d__Bacteria;p__Bacillota;c__Clostridia;o__Lachnospirales;f__Lachnospiraceae	0.9999992241552357
16eb79f96855af07ad6be5a67a8319a6	d__Bacteria;p__Bacillota;c__Clostridia;o__Lachnospirales;f__Lachnospiraceae;g__Incertae_Sedis	0.9910701433611175
86b041e4af1ef0424eaecba0f70d7e4c	d__Bacteria;p__Bacillota;c__Bacilli;o__Erysipelotrichales;f__Erysipelotrichaceae;g__Faecalibaculum	0.9999999999461409
36e9d705cd980d5147dcf5c42a49932a	d__Bacteria;p__Bacillota;c__Clostridia;o__Lachnospirales;f__Lachnospiraceae;g__Lachnoclostridium	0.734201875225011
178da7db78d1f9ccd4a8dd9cd89ccf50	d__Bacteria;p__Bacillota;c__Clostridia;o__Oscillospirales;f__Oscillospiraceae;g__Intestinimonas	0.9479355354095527
1f801545dc471287c8c04e12d821d617	d__Bacteria;p__Bacillota;c__Clostridia;o__Oscillospirales;f__Oscillospiraceae;g__Intestinimonas	0.9382883871050985
cdfe30f6898330d429aa9b155802b2aa	d__Bacteria;p__Bacillota;c__Clostridia;o__Lachnospirales;f__Lachnospiraceae	0.9999990265326818
faeb317f9354235b070586ddf9d5cf09	d__Bacteria;p__Bacillota;c__Clostridia;o__Oscillospirales;f__Oscillospiraceae	0.9999966134650965
5650a4e98e7661af9ee94ad43edbb1cc	d__Bacteria;p__Bacillota;c__Clostridia;o__Oscillospirales;f__Oscillospiraceae;g__Incertae_Sedis	0.835283552734352
592fac0f4a77621368718b7c0bd838bb	d__Bacteria;p__Bacillota;c__Bacilli;o__Lactobacillales;f__Streptococcaceae;g__Streptococcus	0.9999996055261914
911bae2b5ecc9240d6560fd08bc2c5ad	d__Bacteria;p__Bacteroidota;c__Bacteroidia;o__Bacteroidales;f__Muribaculaceae;g__Incertae_Sedis	0.9999999572455076
b0ba06ad52e3ea6cb27e64f2254c6278	d__Bacteria;p__Bacillota;c__Clostridia;o__Oscillospirales;f__Oscillospiraceae;g__Colidextribacter	0.7495901981503599
6a3597a3c721967eba771cea20638168	d__Bacteria;p__Bacteroidota;c__Bacteroidia;o__Bacteroidales;f__Tannerellaceae;g__Parabacteroides	0.9999999989587991
507e3c7dd8cb3252b1c7a78ff71ad3a9	d__Bacteria;p__Bacillota;c__Clostridia;o__Lachnospirales;f__Lachnospiraceae;g__Incertae_Sedis	0.7682723947001188
97750cc582f9c7a7c4538a18b34f594e	d__Bacteria;p__Actinomycetota;c__Coriobacteriia;o__Coriobacteriales;f__Atopobiaceae;g__Coriobacteriaceae_UCG-002	0.8245741393996231
1db331ef1773d7b27b8e386278202b7e	d__Bacteria;p__Bacillota;c__Clostridia;o__Peptostreptococcales-Tissierellales;f__Peptostreptococcaceae;g__Paeniclostridium	0.9941383090571212
44df03add34dc7925528c2fcd705e5f8	d__Bacteria;p__Bacillota;c__Clostridia;o__Lachnospirales;f__Lachnospiraceae;g__Lachnospiraceae_NK4A136_group	0.9433978588439308
9847480308b4823cf520e838d77c1635	d__Bacteria;p__Bacillota;c__Clostridia;o__Oscillospirales;f__Oscillospiraceae	0.9999981498604616
37a7127820878f765f7a07b1bb07ee92	d__Bacteria;p__Bacillota;c__Clostridia;o__Lachnospirales;f__Lachnospiraceae	0.999999229509748
0bfe8480853ec79f6f10ba86f4d90275	d__Bacteria;p__Bacteroidota;c__Bacteroidia;o__Bacteroidales;f__Rikenellaceae;g__Rikenella	0.9999999993851247
a63b25bd46d02510142fa2f27454e60f	d__Bacteria;p__Bacillota;c__Clostridia;o__Oscillospirales;f__Oscillospiraceae;g__Oscillibacter	0.8003027466296064
3a4fe0a98c7d4cc4a453f015d2aa5636	d__Bacteria;p__Bacillota;c__Clostridia;o__Clostridia_vadinBB60_group;f__Incertae_Sedis;g__Incertae_Sedis	0.9999999936823087
3f4302f0b87003376d8360cb2f1863de	d__Bacteria;p__Bacillota;c__Clostridia;o__Lachnospirales;f__Lachnospiraceae;g__Lachnoclostridium	0.8214137063707064
fa43bfc903156eda13e3bd758f475d5f	d__Bacteria;p__Bacillota;c__Clostridia;o__Lachnospirales;f__Lachnospiraceae;g__Lachnospiraceae_NK4A136_group	0.9880538616515081
3a312ff0a5639db386660c876e7b0491	d__Bacteria;p__Bacillota;c__Clostridia;o__Lachnospirales;f__Lachnospiraceae	0.999996628320901
b8c607e73b8278f7f572d7edc0e62065	d__Bacteria;p__Bacillota;c__Clostridia;o__Lachnospirales;f__Lachnospiraceae;g__Incertae_Sedis	0.9767586438378087
0c166bb972af2b4d18703e7d35e58cda	d__Bacteria;p__Bacteroidota;c__Bacteroidia;o__Bacteroidales;f__Muribaculaceae;g__Incertae_Sedis	0.9999999968444513
fe9c922f9bc83520a9bb52e770e61449	d__Bacteria;p__Cyanobacteriota;c__Vampirivibrionia;o__Gastranaerophilales;f__Gastranaerophilaceae;g__Zag_111	0.9895273880076535
0787d41eba58fbadfab68d924f28540e	d__Bacteria;p__Bacillota;c__Clostridia;o__Lachnospirales;f__Lachnospiraceae	0.9999982583105005
5d0f59369cf83b33a3a1993cbd9290bc	d__Bacteria;p__Bacillota;c__Clostridia;o__Clostridia_UCG-014;f__Incertae_Sedis;g__Incertae_Sedis	0.9999999999975842
e1f2b278dcf54f352d46bf870af4c7be	d__Bacteria;p__Bacillota;c__Clostridia;o__Lachnospirales;f__Lachnospiraceae	0.9999972318250214
6b93870eab8dbc35ab0f969e89ec0df4	d__Bacteria;p__Bacteroidota;c__Bacteroidia;o__Bacteroidales;f__Tannerellaceae;g__Parabacteroides	0.9999999999664908
d1b74e6e0862432ab0ee86f133b0434c	d__Bacteria;p__Bacillota;c__Clostridia;o__Oscillospirales;f__Oscillospiraceae;g__Oscillibacter	0.9954338251105738
2010ddc37878c0271411cc379aa87e0e	d__Bacteria;p__Bacillota;c__Clostridia;o__Lachnospirales;f__Lachnospiraceae;g__Lachnospiraceae_NK4A136_group	0.8101260196247984
4f2f802ed6dcfd7bb4c81b93300a59d2	d__Bacteria;p__Bacillota;c__Clostridia;o__Oscillospirales;f__Oscillospiraceae;g__Intestinimonas	0.944756680438123
754d48a19786850a5bea70a8c6aec6da	d__Bacteria;p__Bacillota;c__Clostridia;o__Lachnospirales;f__Lachnospiraceae;g__Lachnospiraceae_NK4A136_group	0.9843109738536807
fbee733db0a1d0fe15fa51e4d4be115e	d__Bacteria;p__Bacillota;c__Clostridia;o__Lachnospirales;f__Lachnospiraceae	0.9999986176184018
3dc580622f8c18a9d499d1c4e475210b	d__Bacteria;p__Bacillota;c__Clostridia;o__Lachnospirales;f__Lachnospiraceae;g__Lachnospiraceae_NK4A136_group	0.9948888457994907
04a1b01e3610b4ae0092a62f88d52837	d__Bacteria;p__Bacillota;c__Clostridia;o__Lachnospirales;f__Lachnospiraceae;g__Incertae_Sedis	0.9752114576950586
fc32e6d7d25d17265d8e2152ef8bb3a7	d__Bacteria;p__Bacillota;c__Bacilli;o__RF39;f__Incertae_Sedis;g__Incertae_Sedis	0.999999999996902
7b172e7b21e209ff7330923f32cb2398	d__Bacteria;p__Pseudomonadota;c__Gammaproteobacteria;o__Enterobacterales;f__Morganellaceae;g__Buchnera	0.9999999883374359
8413544ab5ce0054dcc144736eb5f720	d__Bacteria;p__Bacillota;c__Bacilli;o__Acholeplasmatales;f__Acholeplasmataceae;g__Anaeroplasma	0.9999999999932356
d932b93d18809a06c80c98c7ddd86bb1	d__Bacteria;p__Pseudomonadota;c__Alphaproteobacteria	0.9473967181692776
9fce9d81d05bb435a2a9ca93f40c3658	d__Bacteria;p__Cyanobacteriota;c__Vampirivibrionia;o__Gastranaerophilales;f__Gastranaerophilaceae;g__Incertae_Sedis	0.9999961987846915
b4ebb89adfb0e10a0c787471efe2f9ea	d__Bacteria;p__Bacillota;c__Bacilli;o__Lactobacillales;f__Lactobacillaceae;g__Ligilactobacillus	0.9999997578332236
21a8e814e709116c9687ad6bf37fdf15	d__Bacteria;p__Bacillota;c__Clostridia;o__Lachnospirales;f__Lachnospiraceae;g__Roseburia	0.7786091102960125
f74e8954d094b0bfe74298872f3708f5	d__Bacteria;p__Bacillota;c__Clostridia;o__Oscillospirales;f__Ruminococcaceae;g__[Eubacterium]_siraeum_group	0.9904214636622801
ba31095cc78d0b656eab207714d592ed	d__Bacteria;p__Bacillota;c__Clostridia;o__Oscillospirales;f__Oscillospiraceae;g__Oscillibacter	0.8635439734256392
7f1aa0b087e3cf1ec0e4c61fbc9ae626	d__Bacteria;p__Bacteroidota;c__Bacteroidia;o__Bacteroidales;f__Muribaculaceae;g__Incertae_Sedis	0.9999999694614705
00984c820cf4a1dba1b644052cc7109d	d__Bacteria;p__Bacillota;c__Clostridia;o__Oscillospirales;f__Oscillospiraceae	0.9999438712287224
c22e1c8891116f4469a4aa82e475696a	d__Bacteria;p__Bacillota;c__Clostridia;o__Clostridia_UCG-014;f__Incertae_Sedis;g__Incertae_Sedis	0.999999999998721
2d75efca32405e5789a029d69e2752a2	d__Bacteria;p__Bacillota;c__Clostridia;o__Oscillospirales;f__Ruminococcaceae;g__Acutalibacter	0.9999986884024071
95349509bd32f760ac59aa3128b04a8b	d__Bacteria;p__Cyanobacteriota;c__Vampirivibrionia;o__Gastranaerophilales;f__Gastranaerophilaceae;g__Incertae_Sedis	0.9997120685379991
cb9976d66cdfb18f585c8577d82392f4	d__Bacteria;p__Bacillota;c__Clostridia;o__Clostridia_vadinBB60_group;f__Incertae_Sedis;g__Incertae_Sedis	0.9999998870193344
80e4b094335b143494e94493becc8196	d__Bacteria;p__Bacillota;c__Clostridia;o__Lachnospirales;f__Lachnospiraceae	0.9999840670520055
427cd00a582cea9c926e1e686d5d602a	d__Bacteria;p__Bacillota;c__Clostridia;o__Oscillospirales;f__Ruminococcaceae;g__Incertae_Sedis	0.9799829002963315
2d47fe913bc2d3db73ab126a616635c3	d__Bacteria;p__Actinomycetota;c__Coriobacteriia;o__Coriobacteriales;f__Eggerthellaceae;g__Adlercreutzia	0.9995174135750852
e881bb678fadecd206b91b4b048eb580	d__Bacteria;p__Spirochaetota;c__Spirochaetia;o__Spirochaetales;f__Spirochaetaceae;g__Treponema	0.9999973007418582
2edbf0a90d4f8e4f0d514786bf53ca12	d__Bacteria;p__Bacillota;c__Clostridia;o__Lachnospirales;f__Lachnospiraceae	0.9999960661900236
6d7fd5a39bf4118a7028b04f1483919f	d__Bacteria;p__Bacillota;c__Clostridia;o__Oscillospirales;f__Oscillospiraceae;g__UCG-003	0.8544592776060497
37e60d1aa7758652dbc2fc9f6b24e4d5	d__Bacteria;p__Bacillota;c__Clostridia;o__Lachnospirales;f__Lachnospiraceae;g__Lachnospiraceae_FCS020_group	0.9957193380450714
f4e5b46dfe132b19f74df9c364d9811b	d__Bacteria;p__Cyanobacteriota;c__Vampirivibrionia;o__Gastranaerophilales;f__Gastranaerophilaceae	0.9999999999999871
072f21b378dbf86903d6f8aa8e82264a	d__Bacteria;p__Bacteroidota;c__Bacteroidia;o__Bacteroidales;f__Muribaculaceae;g__Incertae_Sedis	0.999999997983366
454d19277ec3b0c4e9be2b30ee5fdd13	d__Bacteria;p__Bacillota;c__Clostridia;o__Oscillospirales;f__Ruminococcaceae	0.9999069045308804
68230240dc37687700be7436969b26dc	d__Bacteria;p__Bacillota;c__Clostridia;o__Oscillospirales;f__Ruminococcaceae;g__Harryflintia	0.9880429747422549
4fe3f38f9813457ba4805141a06f2cf6	d__Bacteria;p__Bacillota;c__Clostridia;o__Oscillospirales;f__Oscillospiraceae	0.9999994463323401
4f6e574758c38c0d6c482f6a54cd364a	d__Bacteria;p__Bacillota;c__Bacilli;o__Erysipelotrichales;f__Erysipelatoclostridiaceae	1.000000000000004
1f92f97a93fc48420bae60d7c3bb400a	d__Bacteria;p__Bacillota;c__Bacilli;o__RF39;f__Incertae_Sedis;g__Incertae_Sedis	0.999999999972033
509773bfd70c214c853997af22b868db	d__Bacteria;p__Bacillota;c__Clostridia;o__Lachnospirales;f__Lachnospiraceae	0.9999995565688676
0c61e00e495afea7d05a8520b693eb9d	d__Bacteria;p__Bacillota;c__Clostridia;o__Oscillospirales;f__Ruminococcaceae;g__Incertae_Sedis	0.8149489693925188
45a2e750b84e14109740cad5bab887b9	d__Bacteria;p__Bacillota;c__Bacilli;o__RF39;f__Incertae_Sedis;g__Incertae_Sedis	0.9999999999689919
fd03bd3daa23164cf193e0c287520929	d__Bacteria;p__Pseudomonadota;c__Gammaproteobacteria;o__Burkholderiales;f__Burkholderiaceae;g__Polynucleobacter	0.9999993894403917
4e8dd58fcda38ad20f6ed277715d53c6	d__Bacteria;p__Bacteroidota;c__Bacteroidia;o__Bacteroidales;f__Muribaculaceae;g__Incertae_Sedis	0.9999994993760143
6fcec245ab8783489236770e01f2aec5	d__Bacteria;p__Bacillota;c__Clostridia;o__Oscillospirales;f__Ruminococcaceae;g__Incertae_Sedis	0.9141791994820083
181255f3d1694ee0a498a3df738b0535	d__Bacteria;p__Bacillota;c__Clostridia;o__Oscillospirales;f__Oscillospiraceae;g__Oscillibacter	0.960332880857141
5ead32d8386f9ce424d9171b53f516cf	d__Bacteria;p__Bacillota;c__Clostridia;o__Clostridia_vadinBB60_group;f__Incertae_Sedis;g__Incertae_Sedis	0.9998827692539906
bc821a7e4a0deb69031280ea831f42c0	d__Bacteria;p__Bacteroidota;c__Bacteroidia;o__Bacteroidales;f__Prevotellaceae;g__Prevotellaceae_UCG-003	0.9999972409341614
9f2a4870f056ab5e3a823799408f884d	d__Bacteria;p__Bacillota;c__Clostridia;o__Lachnospirales;f__Lachnospiraceae	0.9999944741686966
666f29b5e0168eaf14ab89e3fc4e9484	d__Bacteria;p__Bacillota;c__Clostridia;o__Oscillospirales;f__Oscillospiraceae;g__Incertae_Sedis	0.7295608428684811
3f2d0ed150cfca65bfd7be0a9e48706f	d__Bacteria;p__Bacillota;c__Clostridia;o__Christensenellales;f__Christensenellaceae;g__Christensenellaceae_R-7_group	0.9787741477279531
15f8db2c25cbd8ab00b2de2a44f5e79b	d__Bacteria;p__Bacillota;c__Bacilli;o__Erysipelotrichales;f__Erysipelotrichaceae;g__Incertae_Sedis	0.9954738834994846
732ce1fe75bb48a8a3a8abb3c81af0a0	d__Bacteria;p__Bacillota;c__Clostridia;o__Peptostreptococcales-Tissierellales;f__Anaerovoracaceae;g__[Eubacterium]_brachy_group	0.9999993284121426
1afb9c57e3bcccfac2d6eb574f50958e	d__Bacteria;p__Cyanobacteriota;c__Vampirivibrionia;o__Gastranaerophilales;f__Gastranaerophilaceae;g__Zag_111	0.9999855223498286
e7d0d8d3c111dc6d07d5cc9ced4e831f	d__Bacteria;p__Bacillota;c__Bacilli;o__RF39;f__Incertae_Sedis;g__Incertae_Sedis	0.9999999999937756
44b71d81e087a5b4c1ebdeacff6a73ef	d__Bacteria;p__Bacillota;c__Clostridia;o__Clostridia_UCG-014;f__Incertae_Sedis;g__Incertae_Sedis	0.9999999996869064
910568d871befbc7b81ed08cf4ecf075	d__Bacteria;p__Bacillota;c__Clostridia;o__Clostridia_vadinBB60_group;f__Incertae_Sedis;g__Incertae_Sedis	0.9998324848144877
534128db599bad43b5d0b957333e4b77	d__Bacteria;p__Bacillota;c__Clostridia;o__Oscillospirales;f__Ruminococcaceae	0.9990883402335461
90e4818841515d9facad44404117e873	d__Bacteria;p__Bacteroidota;c__Bacteroidia;o__Bacteroidales;f__Muribaculaceae;g__Incertae_Sedis	0.9999999972086471
c0b3d3778fab3657099ff49f75b2ef5f	d__Bacteria;p__Bacillota;c__Clostridia;o__Lachnospirales;f__Lachnospiraceae;g__Incertae_Sedis	0.97928885570435
b23b063cf3cfc79ae08f0bfd44f46035	d__Bacteria;p__Bacillota;c__Clostridia;o__Lachnospirales;f__Lachnospiraceae;g__Incertae_Sedis	0.980377849100035
b7f5ee1f368aa5ce9903bbd56d207dbf	d__Bacteria;p__Actinomycetota;c__Actinobacteria;o__Micrococcales;f__Microbacteriaceae;g__Aurantimicrobium	0.99320840105299
4f3dec8ad7c32f628c8243a7c1ddc34a	d__Bacteria;p__Bacillota;c__Bacilli;o__Lactobacillales;f__Lactobacillaceae	0.9999999999999953
38f21488e503ed6f27923e9646bfbce2	d__Bacteria;p__Bacillota;c__Clostridia;o__Lachnospirales;f__Lachnospiraceae	0.8386658799958715
f0ab7fa0c3b94f0c1925029c36e08f52	d__Bacteria;p__Bacillota;c__Bacilli;o__RF39;f__Incertae_Sedis;g__Incertae_Sedis	0.9999999999972715
f2933f64334569a46767fc5024e7e1cf	d__Bacteria;p__Bacillota;c__Clostridia;o__Lachnospirales;f__Lachnospiraceae	0.999999406821726
9153b0a52fb09b5ffca40bd43d01a6fc	d__Bacteria;p__Bacillota;c__Clostridia;o__Oscillospirales;f__Ruminococcaceae;g__Incertae_Sedis	0.943982017921292
15d717a299eadf43a613e2d65e3b92a5	d__Bacteria;p__Bacillota;c__Clostridia;o__Lachnospirales;f__Lachnospiraceae	0.9999995990798317
1e21b7581d78be26d299636d0c2b8d46	d__Bacteria;p__Bacillota;c__Clostridia;o__Lachnospirales;f__Lachnospiraceae;g__Butyribacter	0.8153621486145025
7c0afd18504fb94bdec125586bf00a2e	d__Bacteria;p__Bacillota;c__Clostridia;o__Lachnospirales;f__Lachnospiraceae;g__Lachnospiraceae_NK4A136_group	0.9647967599348707
46061b77b98b9b4bb0e110fd86ad373d	d__Bacteria;p__Bacillota;c__Clostridia;o__Clostridia_UCG-014;f__Incertae_Sedis;g__Incertae_Sedis	0.9999999999993179
72074eddd1c9cc96e165086cbeb01a1a	d__Bacteria;p__Bacillota;c__Clostridia;o__Clostridia_vadinBB60_group;f__Incertae_Sedis;g__Incertae_Sedis	0.9999999138879937
e6fe878b5728a6884d7a1ce204f4f74d	d__Bacteria;p__Bacillota;c__Clostridia;o__Oscillospirales;f__Oscillospiraceae;g__Incertae_Sedis	0.9884099974640622
95e455e129840a6461bab4a74604ad18	d__Bacteria;p__Bacillota;c__Clostridia;o__Lachnospirales;f__Lachnospiraceae;g__Faecalimonas	0.7405254258397007
b37903863662dac5ad9253780c2ee551	d__Bacteria;p__Patescibacteria;c__Saccharimonadia;o__Saccharimonadales;f__Saccharimonadaceae;g__Candidatus_Saccharimonas	0.9999999976999447
a7b0342cc9fa3d6df96e448cecf2b870	d__Bacteria;p__Cyanobacteriota;c__Cyanobacteriia;o__Chloroplast;f__Incertae_Sedis;g__Incertae_Sedis	0.9999999999957936
235a41465ed29fef1dd7617b319c30ec	d__Bacteria;p__Bacillota;c__Clostridia;o__Oscillospirales;f__Ruminococcaceae;g__Ruthenibacterium	0.9998513243882293
852b6a03e21e97f1ff611ba807936251	d__Bacteria;p__Bacillota;c__Clostridia;o__Oscillospirales;f__Oscillospiraceae;g__Colidextribacter	0.9877788936138306
596277a15a97faebac72dff90cb0dec4	d__Bacteria;p__Bacillota;c__Clostridia;o__Lachnospirales;f__Lachnospiraceae;g__Incertae_Sedis	0.981952449423257
8ae303c88081485def517c5b428d864d	d__Bacteria;p__Bacillota;c__Clostridia;o__Lachnospirales;f__Lachnospiraceae;g__Butyribacter	0.9998028232103026
f2f10f1f1ff5624540a30c9ed43fa3af	d__Bacteria;p__Actinomycetota;c__Coriobacteriia;o__Coriobacteriales;f__Atopobiaceae;g__Coriobacteriaceae_UCG-002	0.7148364163326336
9364b5cde5ca1bd8ef510f099de88ab0	d__Bacteria;p__Bacillota;c__Clostridia;o__Clostridia_UCG-014;f__Incertae_Sedis;g__Incertae_Sedis	0.9999999999923546
169ee374c09d4dd10a94352ef67c813b	d__Bacteria;p__Bacillota;c__Clostridia;o__Clostridia_vadinBB60_group;f__Incertae_Sedis;g__Incertae_Sedis	0.9999999929297587
13590115dbd79492521c4011cc588ad8	d__Bacteria;p__Cyanobacteriota;c__Vampirivibrionia;o__Gastranaerophilales;f__Gastranaerophilaceae;g__Zag_111	0.9999999288240272
23ea7cd8bea559faab95fb32d032fc51	d__Bacteria;p__Bacillota;c__Bacilli;o__Lactobacillales;f__Streptococcaceae;g__Streptococcus	0.9988316007703029
05ff40ee924671abeec432efb7f9e12b	d__Bacteria;p__Bacillota;c__Clostridia;o__Clostridia_vadinBB60_group;f__Incertae_Sedis;g__Incertae_Sedis	0.9999994056314624
8b444ae5dc3fb4e2732f081e80b4097b	d__Bacteria;p__Bacillota;c__Bacilli;o__Lactobacillales;f__Streptococcaceae;g__Streptococcus	0.995737831979552
676f40d2637bbb01e538c642d5a07a04	d__Bacteria;p__Bacteroidota;c__Bacteroidia;o__Bacteroidales;f__Muribaculaceae;g__Incertae_Sedis	0.9999999808954103
efa67f491b441a8aada26611c6385550	d__Bacteria;p__Bacillota;c__Clostridia;o__Oscillospirales;f__Ruminococcaceae;g__Incertae_Sedis	0.9936437432646709
e5e406a21c4de77781d3fd2335326bc9	d__Bacteria;p__Actinomycetota;c__Actinobacteria;o__Mycobacteriales;f__Corynebacteriaceae;g__Corynebacterium	0.9999997069383401
efd4675b00127857f25dd522c1d381ea	d__Bacteria;p__Actinomycetota;c__Coriobacteriia;o__Coriobacteriales;f__Eggerthellaceae;g__Adlercreutzia	0.9996199724587534
7cd76fa57bcf0b974826b679ef83871f	d__Bacteria;p__Pseudomonadota;c__Gammaproteobacteria	0.9999988262486436
dca8095220bc33d2496c56f42caa6437	d__Bacteria;p__Pseudomonadota;c__Gammaproteobacteria;o__Lysobacterales;f__Rhodanobacteraceae;g__Luteibacter	0.9984995851697488
bf3beb37d0acf31aaef573aedb3818b7	d__Bacteria;p__Bacillota;c__Clostridia;o__Lachnospirales;f__Lachnospiraceae	0.9999979049724692
3ade45e68823907ab44ac43166a6bf07	d__Bacteria;p__Bacteroidota;c__Bacteroidia;o__Bacteroidales;f__Rikenellaceae;g__Alistipes	0.9999999998140083
1f2667c98f3511e11d83300f4db173da	d__Bacteria;p__Bacteroidota;c__Bacteroidia;o__Bacteroidales;f__Muribaculaceae;g__Incertae_Sedis	0.9999957609016727
8f7fa77f67fe8b4eb8475a9596638351	d__Bacteria;p__Bacillota;c__Clostridia;o__Oscillospirales;f__Butyricicoccaceae;g__Agathobaculum	0.9998582430805191
76983676a35528271cdfe4c1d7a0f760	d__Bacteria;p__Bacillota;c__Clostridia;o__Lachnospirales;f__Lachnospiraceae;g__Roseburia	0.813490215864421
2a0ff67dce9e31dbac1767267c13bf04	d__Bacteria;p__Bacillota;c__Clostridia;o__Lachnospirales;f__Lachnospiraceae	0.999998891392492
4c4e0bb16159a03d4ba28223714da9a1	d__Bacteria;p__Bacillota;c__Clostridia;o__Oscillospirales;f__Butyricicoccaceae;g__Agathobaculum	0.9963841129984153
5661163bbc6447e2569a558863f09538	d__Bacteria;p__Bacillota;c__Bacilli;o__RF39;f__Incertae_Sedis;g__Incertae_Sedis	0.9999999999998863
56a615de2eb08af992066dcd0b73de2a	d__Bacteria;p__Bacillota;c__Clostridia;o__Clostridia_vadinBB60_group;f__Incertae_Sedis;g__Incertae_Sedis	0.9999096256559377
aa0beaef12f05f32a937725d4dd0b487	d__Bacteria;p__Bacillota;c__Bacilli;o__RF39;f__Incertae_Sedis;g__Incertae_Sedis	0.999999999994003
06b408b252555cfb7b86f7847feb36a6	d__Bacteria;p__Bacillota;c__Clostridia;o__Lachnospirales;f__Lachnospiraceae	0.9999912507129481
55ac18456370772b233dc0f842fda282	d__Bacteria;p__Bacillota;c__Clostridia;o__Lachnospirales;f__Lachnospiraceae	0.9999983990272309
96de4ccd0f554401b924917b8948d5c2	d__Bacteria;p__Bacteroidota;c__Bacteroidia;o__Bacteroidales;f__Prevotellaceae;g__Prevotellaceae_UCG-001	0.9722826068162848
239545dc6c79066da02ec595b9ad9a52	d__Bacteria;p__Bacillota;c__Clostridia;o__Clostridia_UCG-014;f__Incertae_Sedis;g__Incertae_Sedis	0.9999999999872102
29b78f4c81907de3cd08cd16411a6f0e	d__Bacteria;p__Actinomycetota;c__Actinobacteria;o__Micrococcales;f__Micrococcaceae;g__Yaniella	0.7404692437795468
1b597972261521d81592bb2a4d095124	d__Bacteria;p__Bacillota;c__Clostridia;o__Clostridia_UCG-014;f__Incertae_Sedis;g__Incertae_Sedis	0.9999999999993747
8113ab9fc4928309108a2c3f014ae7c2	d__Bacteria;p__Bacillota;c__Bacilli;o__Lactobacillales;f__Lactobacillaceae;g__Ligilactobacillus	0.999999884873183
31a84c72e438e9df9d00f9d63513451a	d__Bacteria;p__Bacillota;c__Clostridia;o__Clostridia_UCG-014;f__Incertae_Sedis;g__Incertae_Sedis	0.9979604752792403
d72eed1f9c0576b47ec27099739cea4f	d__Bacteria;p__Bacillota;c__Bacilli;o__RF39;f__Incertae_Sedis;g__Incertae_Sedis	0.9999999999781437
221860cfb4818b064071decde9cf89f4	d__Bacteria;p__Bacillota;c__Bacilli;o__RF39;f__Incertae_Sedis;g__Incertae_Sedis	0.9999999999375291
95a58037ff8a41d23a6aa14e059b8fbd	d__Bacteria;p__Bacillota;c__Bacilli;o__Staphylococcales;f__Staphylococcaceae;g__Staphylococcus	0.991409837164562
ce3f23be9d647243f78b725683940cc8	d__Bacteria;p__Bacteroidota;c__Bacteroidia;o__Bacteroidales;f__Muribaculaceae;g__Incertae_Sedis	0.9999999396056314
87774899672a8363c9290a1fff5fac04	d__Bacteria;p__Bacteroidota;c__Bacteroidia;o__Bacteroidales;f__Rikenellaceae;g__Alistipes	0.9999999992732569
f037184e462a6b19297c650b01e1360f	d__Bacteria;p__Spirochaetota;c__Spirochaetia;o__Spirochaetales;f__Spirochaetaceae;g__Treponema	0.99999960921979
8f197296f7d0ba2d23b249d57fd719fd	d__Bacteria;p__Bacillota;c__Clostridia;o__Clostridia_UCG-014;f__Incertae_Sedis;g__Incertae_Sedis	0.9999999999981242
746dc753f986180946a500373d9a1945	d__Bacteria;p__Bacillota;c__Clostridia;o__Clostridia_vadinBB60_group;f__Incertae_Sedis;g__Incertae_Sedis	0.99996180862025
4d2e2b6645ebf5791c156c2255f44c17	d__Bacteria;p__Bacillota;c__Clostridia;o__Clostridia_vadinBB60_group;f__Incertae_Sedis;g__Incertae_Sedis	0.9999999068036275
53bb06ff6c84f2e594135b7b5d03555c	d__Bacteria;p__Bacillota;c__Clostridia;o__Oscillospirales;f__Oscillospiraceae;g__Colidextribacter	0.9560265624688004
70c6e0eae08235124888d0284064f05c	d__Bacteria;p__Bacteroidota;c__Bacteroidia;o__Bacteroidales;f__Muribaculaceae;g__Incertae_Sedis	0.9999999935058099
90a8ccac16ad09ed8f2cd118c72309be	d__Bacteria;p__Bacillota;c__Clostridia;o__Lachnospirales;f__Lachnospiraceae;g__Roseburia	0.8680853032020056
8ddef7880ca8417d913786ab8fcabf58	d__Bacteria;p__Bacillota;c__Clostridia;o__Lachnospirales;f__Lachnospiraceae	0.9999964686153351
cb2a881a464dd3e51085ac756654a84c	d__Bacteria;p__Bacillota;c__Clostridia;o__Christensenellales;f__Christensenellaceae;g__Incertae_Sedis	0.9998484771912969
c6010c9ec7177e2ab31c3e7efd144690	d__Bacteria;p__Bacillota;c__Bacilli;o__Erysipelotrichales;f__Erysipelotrichaceae;g__Turicibacter	0.999999999998721
87cb69285a0917c599317618d4a21c82	d__Bacteria;p__Bacillota;c__Clostridia;o__Oscillospirales;f__Oscillospiraceae	0.9999978639594549
169fffda8c54061d5d29c95e5acb9caa	d__Bacteria;p__Pseudomonadota;c__Gammaproteobacteria;o__Enterobacterales;f__Pasteurellaceae;g__Rodentibacter	0.9992894793472045
20e66bbaf5f16ca21a9fb3bff12ae77e	d__Bacteria;p__Campylobacterota;c__Campylobacteria;o__Campylobacterales;f__Helicobacteraceae;g__Helicobacter	0.9999999735759107
bfd18941021b8586e1d073ecc34be7db	d__Bacteria;p__Bacteroidota;c__Bacteroidia;o__Bacteroidales;f__Muribaculaceae;g__Incertae_Sedis	0.9999999356156216
b4b27cb158584e5f24f0b909e19bd81a	d__Bacteria;p__Bacillota;c__Clostridia;o__Oscillospirales;f__Ruminococcaceae;g__Incertae_Sedis	0.9939716226936461
84718142ce42f28fc42e7246d679a472	d__Bacteria;p__Bacillota;c__Bacilli;o__Lactobacillales;f__Lactobacillaceae;g__Ligilactobacillus	0.9995690522195328
dfe5d44b28f5ed7ab2117352b095b9be	d__Bacteria;p__Actinomycetota;c__Coriobacteriia;o__Coriobacteriales;f__Eggerthellaceae;g__Adlercreutzia	0.7189407352047559
640dd770ba611d301cd012508f53fd0b	d__Bacteria;p__Deferribacterota;c__Deferribacteres;o__Deferribacterales;f__Deferribacteraceae;g__Mucispirillum	0.9999998921194391
62f86002d9cc275c0c883fe47bcecffa	d__Bacteria;p__Actinomycetota;c__Coriobacteriia;o__Coriobacteriales;f__Eggerthellaceae;g__Incertae_Sedis	0.8380780616713039
ce2578065ab40b21a592f2926cd076f3	d__Bacteria;p__Bacillota;c__Clostridia;o__Clostridia_UCG-014;f__Incertae_Sedis;g__Incertae_Sedis	0.9999999999988631
dbe6db3db0eca10012a52a1de37dac45	d__Bacteria;p__Bacillota;c__Negativicutes;o__Acidaminococcales;f__Acidaminococcaceae;g__Phascolarctobacterium	0.9999999986227408
262bd6b240ccc4a096f5620561016218	d__Bacteria;p__Bacillota;c__Clostridia;o__Lachnospirales;f__Lachnospiraceae	0.9999902546856098
fd5148ff73d655119f3494cd1fe85f95	d__Bacteria;p__Bacillota;c__Bacilli;o__RF39;f__Incertae_Sedis;g__Incertae_Sedis	0.9999999999043325
c41bf6c0992ff58985f96b451dc496eb	d__Bacteria;p__Bacillota;c__Negativicutes;o__Veillonellales-Selenomonadales;f__Veillonellaceae;g__Veillonella	0.9999998882289054
bf71b13f64784388ca187d4b2793cd5b	d__Bacteria;p__Bacteroidota;c__Bacteroidia;o__Bacteroidales;f__Prevotellaceae;g__Prevotellaceae_UCG-003	0.9998125382998899
cfa6a086f58caaed24a5687a524030bb	d__Bacteria;p__Bacteroidota;c__Bacteroidia;o__Bacteroidales;f__Muribaculaceae;g__Incertae_Sedis	0.9999999694749424
9a74a62c913d2a40b61af789e0786b24	d__Bacteria;p__Bacillota;c__Bacilli;o__RF39;f__Incertae_Sedis;g__Incertae_Sedis	0.9999999999995453
5f70fd704f08a2283b572919b2ced03c	d__Bacteria;p__Bacillota;c__Clostridia;o__Clostridia_vadinBB60_group;f__Incertae_Sedis;g__Incertae_Sedis	0.9999667655828678
78c68e0dc9d64bebfc9566696f3befd9	d__Bacteria;p__Bacteroidota;c__Bacteroidia;o__Bacteroidales;f__Prevotellaceae;g__Paraprevotella	0.920402055630293
b3da32c8afe7de55a95ab643a81eced9	d__Bacteria;p__Bacillota;c__Clostridia;o__Lachnospirales;f__Lachnospiraceae	0.9999981923646494
e8df6b296089af2e0ea37f6a50c4b1cb	d__Bacteria;p__Bacillota;c__Clostridia;o__Lachnospirales;f__Lachnospiraceae;g__ASF356	0.9999999957601347
d8a8077986743b6d789e0652b52fd074	d__Bacteria;p__Bacillota;c__Clostridia;o__Lachnospirales;f__Lachnospiraceae	0.9999906909190754
0818107bbd8c074c3c1007176eac6e16	d__Bacteria;p__Bacillota;c__Bacilli;o__Erysipelotrichales;f__Erysipelatoclostridiaceae;g__Massiliomicrobiota	0.997499427050635
6a68dee4544c137e4dbd1251e92fb99f	d__Bacteria;p__Bacillota;c__Clostridia;o__Lachnospirales;f__Lachnospiraceae	0.999999618318943
c2579057973e8187704f140064e7aa24	d__Bacteria;p__Bacillota;c__Clostridia;o__Peptostreptococcales-Tissierellales;f__Anaerovoracaceae;g__Family_XIII_AD3011_group	0.9652896964922729
5ce5d7dfc54643a498f1298107d2717d	d__Bacteria;p__Bacillota;c__Bacilli;o__Bacillales;f__Planococcaceae;g__Solibacillus	0.9053887017288894
b77650b9791f11f2629a316301734915	d__Bacteria;p__Bacillota;c__Clostridia;o__Clostridia_UCG-014;f__Incertae_Sedis;g__Incertae_Sedis	0.9999999999564011
2d9534643c15ef2cacc5fd44b3d5a61e	d__Bacteria;p__Bacillota;c__Clostridia;o__Lachnospirales;f__Lachnospiraceae	0.9999715199852066
23e46f817eba3ae5136a6e776f1798b0	d__Bacteria;p__Bacillota;c__Clostridia;o__Oscillospirales;f__Ruminococcaceae;g__Incertae_Sedis	0.7999279989980268
027f13beba96d7c9f4e43e1df39affa4	d__Bacteria;p__Bacteroidota;c__Bacteroidia;o__Bacteroidales;f__Muribaculaceae;g__Incertae_Sedis	0.9999999988373247
2503356657eb7881e2e0665d69157e8f	d__Bacteria;p__Bacillota;c__Clostridia;o__Lachnospirales;f__Lachnospiraceae;g__GCA-900066575	0.9912696238803296
3634bc9f52a82db0d68f82f94ac44702	d__Bacteria;p__Bacteroidota;c__Bacteroidia;o__Bacteroidales;f__Bacteroidaceae;g__Bacteroides	0.9999999711563423
eb84a8347fdade4141840702ac4d1236	d__Bacteria;p__Bacillota;c__Clostridia;o__Lachnospirales;f__Lachnospiraceae;g__Incertae_Sedis	0.9836938116110733
dff13bd3d97e9efc1cafc2149b41f390	d__Bacteria;p__Bacillota;c__Clostridia;o__Clostridia_vadinBB60_group;f__Incertae_Sedis;g__Incertae_Sedis	0.999998466982059
70c80ccdeada45adf7537c6faf0d0442	d__Bacteria;p__Bacillota;c__Clostridia;o__Oscillospirales;f__Ruminococcaceae	0.9826071800888888
cdc1c19490ae0663f501ac00f23eac68	d__Bacteria;p__Bacillota;c__Clostridia;o__Oscillospirales;f__Oscillospiraceae;g__Colidextribacter	0.9678467428541552
670b2713e85692ef49c9e7901c3aa0b6	d__Bacteria;p__Bacillota;c__Clostridia;o__Lachnospirales;f__Lachnospiraceae;g__[Eubacterium]_xylanophilum_group	0.9998722860892376
b07a4039f211c90c63706c6b3dfd8306	d__Bacteria;p__Bacillota;c__Clostridia;o__Clostridia_vadinBB60_group;f__Incertae_Sedis;g__Incertae_Sedis	0.9999811438945309
4d51324b8a92c262f3a176de42125bdc	d__Bacteria;p__Bacillota;c__Bacilli;o__RF39;f__Incertae_Sedis;g__Incertae_Sedis	0.9999999999990052
37cd256adcf660b2ca8c8eaf23942810	d__Bacteria;p__Bacteroidota;c__Bacteroidia;o__Bacteroidales;f__Muribaculaceae;g__Incertae_Sedis	0.999999928769287
74d75333d778d80c1f5d188f4bde2dac	d__Bacteria;p__Bacillota;c__Clostridia;o__Oscillospirales;f__Oscillospiraceae	0.9999576523519978
0095ec89f395cbf297c0fe8f4be36d80	d__Bacteria;p__Bacillota;c__Bacilli;o__RF39;f__Incertae_Sedis;g__Incertae_Sedis	0.9999999999996305
f66e23e15e8aa17f8084bf6644d943b9	d__Bacteria;p__Bacillota;c__Clostridia;o__Clostridia_vadinBB60_group;f__Incertae_Sedis;g__Incertae_Sedis	0.9999953889162909
ad8ef1e6b501a027f9d026954aa8c0b2	d__Bacteria;p__Bacillota;c__Negativicutes;o__Acidaminococcales;f__Acidaminococcaceae;g__Phascolarctobacterium	0.9964180113537789
54e898d3ea4a262691971e7d957b05a2	d__Bacteria;p__Bacillota;c__Clostridia;o__Lachnospirales;f__Lachnospiraceae	0.9999962660204484
d9d008827daa2c1d5908184be9d67394	d__Bacteria;p__Bacillota;c__Clostridia;o__Lachnospirales;f__Lachnospiraceae;g__Lachnospiraceae_UCG-010	0.9999709802430482
521c4dbcd32faccea54c4be657a89e27	d__Bacteria;p__Bacillota;c__Clostridia;o__Lachnospirales;f__Lachnospiraceae;g__Roseburia	0.81961914454955
4e432559dd4f3336870cdc8059fc7b90	d__Bacteria;p__Bacillota;c__Clostridia;o__Clostridia_UCG-014;f__Incertae_Sedis;g__Incertae_Sedis	0.9999999999988347
4a293936fa6b863b3baf6ace4c236a07	d__Bacteria;p__Bacillota;c__Bacilli;o__RF39;f__Incertae_Sedis;g__Incertae_Sedis	0.9999999994739142
e691ac14d0b98ecd2754b0f2c63ea8e4	d__Bacteria;p__Bacillota;c__Clostridia;o__Clostridia_UCG-014;f__Incertae_Sedis;g__Incertae_Sedis	0.9987419898482526
86644dd27046dc2787ebeac077bce742	d__Bacteria;p__Bacillota;c__Clostridia;o__Lachnospirales;f__Lachnospiraceae	0.999994660496415
92905ffb5666e15147f946e901f144cb	d__Bacteria;p__Bacteroidota;c__Bacteroidia;o__Bacteroidales;f__Tannerellaceae;g__Parabacteroides	0.9999999999710667
6ef4e787aa596484b5c102a3a8e686dd	d__Bacteria;p__Bacillota;c__Clostridia;o__Clostridia_UCG-014;f__Incertae_Sedis;g__Incertae_Sedis	0.946010999561295
c688e3b1ada46ed57f5b7e7e0d56664f	d__Bacteria;p__Bacteroidota;c__Bacteroidia;o__Bacteroidales;f__Prevotellaceae;g__Prevotellaceae_NK3B31_group	0.9997939197820699
7c24d55df6e1612810c839234bc421a6	d__Bacteria;p__Campylobacterota;c__Campylobacteria;o__Campylobacterales;f__Helicobacteraceae;g__Helicobacter	0.9998630157392946
6401899efc88599ad71e99a5e7288f29	d__Bacteria;p__Bacillota;c__Clostridia;o__Lachnospirales;f__Lachnospiraceae;g__Anaerotignum	0.758841355079815
8004410faad8d6e5993fd87d1893b329	d__Bacteria;p__Bacteroidota;c__Bacteroidia;o__Bacteroidales;f__Rikenellaceae	0.9999788165346141
273e987dfe1f4b335041a1520cf276d3	d__Bacteria;p__Bacillota;c__Clostridia;o__Clostridia_vadinBB60_group;f__Incertae_Sedis;g__Incertae_Sedis	0.9999999609363791
1a9de57ffa8544ce0ab790baf26c4a3b	d__Bacteria;p__Pseudomonadota;c__Gammaproteobacteria;o__Pseudomonadales;f__Moraxellaceae;g__Acinetobacter	0.9999994173902272
839ac542ecf98dd1e01f243a5fd9ba18	d__Bacteria;p__Campylobacterota;c__Campylobacteria;o__Campylobacterales;f__Helicobacteraceae;g__Helicobacter	0.9070323745925861
1702a217d6d0f333c7acb2138402f5f3	d__Bacteria;p__Bacillota;c__Clostridia;o__Oscillospirales;f__Ruminococcaceae;g__Harryflintia	0.9999855416146373
e80dc75f9bda1910f0f3fe0025e31792	d__Bacteria;p__Deferribacterota;c__Deferribacteres;o__Deferribacterales;f__Deferribacteraceae;g__Mucispirillum	0.9999872420010105
902b10f3c5ed8eef1c13dfbaed8710a9	d__Bacteria;p__Bacteroidota;c__Bacteroidia;o__Bacteroidales;f__Prevotellaceae;g__Prevotellaceae_UCG-003	0.9117798177302735
8697b1f34b67b9d4c524436399a6b116	d__Bacteria;p__Bacillota;c__Clostridia;o__Lachnospirales;f__Lachnospiraceae	0.9999966759682578
e63caaf8f8e9702119d45e5afcf2e84a	d__Bacteria;p__Bacillota;c__Clostridia;o__Lachnospirales;f__Lachnospiraceae;g__Enterocloster	0.7304647440979564
66de39a2c7f270a70a15b8dc48625326	d__Bacteria;p__Bacillota;c__Clostridia;o__Lachnospirales;f__Lachnospiraceae	0.9999985442791971
0855f39239f77ba2c36daa653d9ffa60	d__Bacteria;p__Bacillota;c__Clostridia;o__Clostridia_vadinBB60_group;f__Incertae_Sedis;g__Incertae_Sedis	0.9990830529715384
37c92cc720fe8fc17ed57bc1e0167082	d__Bacteria;p__Bacillota;c__Clostridia;o__Lachnospirales;f__Lachnospiraceae	0.9999984151253469
a3c694d179cbf743c790675e8b34da07	d__Bacteria;p__Bacillota;c__Clostridia;o__Clostridia_vadinBB60_group;f__Incertae_Sedis;g__Incertae_Sedis	0.9999995124034678
3bea3fb6cb07f37b93fe2565b9223f38	d__Bacteria;p__Bacillota;c__Clostridia;o__Oscillospirales;f__Ruminococcaceae;g__Harryflintia	0.9981670831437166
de89c7ffc4f2537d78b08481637d1acb	d__Bacteria;p__Bacillota;c__Bacilli;o__RF39;f__Incertae_Sedis;g__Incertae_Sedis	0.9999999998996145
74040fbab00fded4d843245d14ea274e	d__Bacteria;p__Bacillota;c__Clostridia;o__Monoglobales;f__Monoglobaceae;g__Monoglobus	0.9978504140774144
a87397f23a0c5628e82bfc0658c31e14	d__Bacteria;p__Pseudomonadota;c__Gammaproteobacteria;o__Burkholderiales;f__Neisseriaceae;g__Incertae_Sedis	0.9999999999155023
55d1996792bc7fb68bf317d551c0e449	d__Bacteria;p__Bacillota;c__Clostridia;o__Clostridia_UCG-014;f__Incertae_Sedis;g__Incertae_Sedis	0.9999999999955946
ce3deda79f8752d31036928f7d5f5aa9	d__Bacteria;p__Bacillota;c__Clostridia;o__Lachnospirales;f__Lachnospiraceae;g__Lachnospiraceae_NK4A136_group	0.9882671050137739
46a84cc3b5a8c180596498467548076e	d__Bacteria;p__Bacillota;c__Clostridia;o__Lachnospirales;f__Lachnospiraceae	0.9999790122002531
1013d909a37a9da7534f442a33141454	d__Bacteria;p__Bacteroidota;c__Bacteroidia;o__Bacteroidales;f__Muribaculaceae;g__Incertae_Sedis	0.9999993119286708
61889be102864afaaaf16b380b321642	d__Bacteria;p__Pseudomonadota;c__Alphaproteobacteria;o__Rhodospirillales;f__Incertae_Sedis;g__Incertae_Sedis	0.9999997180566822
4368f5a75a6e0502200ec1758b7c4e66	d__Bacteria;p__Bacillota;c__Clostridia;o__Clostridia_UCG-014;f__Incertae_Sedis;g__Incertae_Sedis	0.9999999999996305
e5ce12139f99a4cf8f1408e428418179	d__Bacteria;p__Bacillota;c__Clostridia;o__Lachnospirales;f__Lachnospiraceae;g__Incertae_Sedis	0.8126916183593086
9a5b083561684736ea65b8fc786ba5e9	d__Bacteria;p__Bacillota;c__Clostridia;o__Lachnospirales;f__Lachnospiraceae	0.9999925981736557
127763665cbdfeb5bd0fbef7953db9fe	d__Bacteria;p__Bacteroidota;c__Bacteroidia;o__Bacteroidales;f__Muribaculaceae;g__Incertae_Sedis	0.9999988158625305
28f4bc94668993332e99df0dc429913a	d__Bacteria;p__Actinomycetota;c__Coriobacteriia;o__Coriobacteriales;f__Eggerthellaceae;g__Adlercreutzia	0.9998985191893676
37e9bdc8eceb3fcb4763810312ff145f	d__Bacteria;p__Bacillota;c__Clostridia;o__Clostridia_vadinBB60_group;f__Incertae_Sedis;g__Incertae_Sedis	0.9999996178921882
489307195f59f556c0f9ed2a5df4675c	d__Bacteria;p__Bacteroidota;c__Bacteroidia;o__Bacteroidales;f__Muribaculaceae;g__Incertae_Sedis	0.9999999979845029
0b270a0ea7ac52a4277c8cc8d5798c73	d__Bacteria;p__Bacillota;c__Clostridia;o__Lachnospirales;f__Lachnospiraceae;g__Lachnospiraceae_NK4A136_group	0.9012931144384438
eba226bdbb5114be400753e36aed1ef6	d__Bacteria;p__Patescibacteria;c__Saccharimonadia;o__Saccharimonadales;f__Saccharimonadaceae;g__TM7a	0.9934907323565253
2b46531d244f1d4eeec4453ac9623434	d__Bacteria;p__Bacillota;c__Bacilli;o__Lactobacillales;f__Lactobacillaceae;g__Lactobacillus	0.9398301326260582
c54a477117b6ddcac2f0fbfa70bcebda	d__Bacteria;p__Bacillota;c__Clostridia;o__Clostridia_vadinBB60_group;f__Incertae_Sedis;g__Incertae_Sedis	0.9997190242748054
ba91039598ca8dd6bc57b376cd8cd498	d__Bacteria;p__Actinomycetota;c__Coriobacteriia;o__Coriobacteriales;f__Eggerthellaceae;g__Adlercreutzia	0.9995756406755762
f88861148434515b40927b7b4622271d	d__Bacteria;p__Campylobacterota;c__Campylobacteria;o__Campylobacterales;f__Helicobacteraceae;g__Helicobacter	0.9927747421893193
9a66a78774a482c94cd9e36e7f964070	d__Bacteria	0.999999999791391
7eda0425a3471371a233e61667368f5a	d__Bacteria;p__Actinomycetota;c__Coriobacteriia;o__Coriobacteriales;f__Atopobiaceae	0.999903643914127
8c162b2cbd0148b338100895ee7cb1e9	d__Bacteria;p__Bacteroidota;c__Bacteroidia;o__Bacteroidales;f__Muribaculaceae;g__Incertae_Sedis	0.9999999995374083
861632e28c7d52cb2a6a50ecf514c14e	d__Bacteria;p__Bacillota;c__Clostridia;o__Lachnospirales;f__Lachnospiraceae;g__Incertae_Sedis	0.8254748463604841
fb78a94ece8442b1d89fa955ed623f46	d__Bacteria;p__Actinomycetota;c__Actinobacteria;o__Bifidobacteriales;f__Bifidobacteriaceae	0.9999820475166913
f6e68b425d321ec47d8eac9bb2f66895	d__Bacteria;p__Bacteroidota;c__Bacteroidia;o__Bacteroidales;f__Muribaculaceae;g__Incertae_Sedis	0.9901448747920343
933d5ef382bf429fc6b692090ab3d6c9	d__Bacteria;p__Bacillota;c__Clostridia;o__Lachnospirales;f__Lachnospiraceae	0.9999993853511199
103deeb62f819c70943e717e52051b46	d__Bacteria;p__Bacillota;c__Clostridia;o__Clostridia_UCG-014;f__Incertae_Sedis;g__Incertae_Sedis	0.9999999999966178
1cfc765dcdece6c37c7c13dff9a8605a	d__Bacteria;p__Bacillota;c__Clostridia;o__Lachnospirales;f__Lachnospiraceae	0.9997462052783828
bf937a6667c92a715ef1035ac0185e4f	d__Bacteria;p__Bacillota;c__Bacilli;o__RF39;f__Incertae_Sedis;g__Incertae_Sedis	0.9999999999959641
0d883fcbd46d71cea60fde7b7bde39fa	d__Bacteria;p__Bacillota;c__Clostridia;o__Lachnospirales;f__Lachnospiraceae;g__Lachnospiraceae_UCG-004	0.8627439502080898
a03513a741832c3ae41d874d1fe2ab47	d__Bacteria;p__Bacillota;c__Clostridia;o__Clostridia_vadinBB60_group;f__Incertae_Sedis;g__Incertae_Sedis	0.9999942893046159
7cfa748279ba3a84362d12e2ec76c26c	d__Bacteria;p__Bacteroidota;c__Bacteroidia;o__Bacteroidales;f__Tannerellaceae;g__Parabacteroides	0.9976406422448603
cb05aa74c82670a5859e6b0897df6094	d__Bacteria;p__Bacillota;c__Clostridia;o__Oscillospirales;f__Oscillospiraceae	0.9999947316231358
b70674cb69e42369ce26413851410cb4	d__Bacteria;p__Bacillota;c__Clostridia;o__Clostridia_UCG-014;f__Incertae_Sedis;g__Incertae_Sedis	0.9999999999980673
285638318f4164576684f8db94e5a260	d__Bacteria;p__Bacillota;c__Clostridia;o__Lachnospirales;f__Defluviitaleaceae;g__Defluviitaleaceae_UCG-011	0.9999995296253101
b1d24a32aafdbbf14c2a0fae9f13d3e3	d__Bacteria;p__Bacillota;c__Clostridia;o__Clostridia_vadinBB60_group;f__Incertae_Sedis;g__Incertae_Sedis	0.9999999905753896
baa77f345447c3731ab94ccae2e06693	d__Bacteria;p__Bacillota;c__Bacilli;o__Lactobacillales;f__Lactobacillaceae;g__Lactobacillus	0.9427716458846793
cfafb3a532fc821146f1eb8860b9c213	d__Bacteria;p__Bacillota;c__Bacilli;o__RF39;f__Incertae_Sedis;g__Incertae_Sedis	0.9999999999890008
5fec9296413d646b2e141cb57dedf9ed	d__Bacteria;p__Bacillota;c__Clostridia;o__Clostridia_UCG-014;f__Incertae_Sedis;g__Incertae_Sedis	0.9999999999943441
bc819b16e270068a318b134bf1e11cd1	d__Bacteria;p__Bacteroidota;c__Bacteroidia;o__Bacteroidales;f__Prevotellaceae;g__Incertae_Sedis	0.9996157667097738
4d855e626178160a801f703223d99b3b	d__Bacteria;p__Campylobacterota;c__Campylobacteria;o__Campylobacterales;f__Helicobacteraceae;g__Helicobacter	0.9995427473170696
ebb7eb61e0c0bb91fe29fcdafcefd2ec	d__Bacteria;p__Bacteroidota;c__Bacteroidia;o__Bacteroidales;f__Prevotellaceae;g__Incertae_Sedis	0.9745330856683665
ec39293a8db6cdfc99fecc1decfa59d7	d__Bacteria;p__Bacillota;c__Clostridia;o__Oscillospirales;f__Ruminococcaceae;g__Faecalibacterium	0.9999980975467415
786439a250cbbc8bcf448a0095b1118b	d__Bacteria;p__Fusobacteriota;c__Fusobacteriia;o__Fusobacteriales;f__Fusobacteriaceae;g__Fusobacterium	0.9999549681548014
11fa5b6509d6b4fb39bf5641dc0d0fcf	d__Bacteria;p__Bacillota;c__Clostridia;o__Clostridia_UCG-014;f__Incertae_Sedis;g__Incertae_Sedis	0.9999999999992042
512f69ae1c4d11d52838cdc896b8022f	d__Bacteria;p__Bacillota;c__Clostridia;o__Lachnospirales;f__Lachnospiraceae;g__Incertae_Sedis	0.9508915898188929
a9785e7984c1e2089cd3945a8e43c470	d__Bacteria;p__Bacillota;c__Clostridia;o__Lachnospirales;f__Lachnospiraceae;g__Lachnospiraceae_NK4A136_group	0.9791436228577117
fdc0fb985929db94006c398c958274c2	d__Bacteria;p__Bacillota;c__Clostridia;o__Oscillospirales;f__Ruminococcaceae;g__Incertae_Sedis	0.90431249362318
4efeaadabe1ed0bfca0fef5e34709dc6	d__Bacteria;p__Bacteroidota;c__Bacteroidia;o__Bacteroidales;f__Bacteroidaceae;g__Bacteroides	0.9999997894854511
fe6407c89dbf32fe8ec954277884fff5	d__Bacteria;p__Bacteroidota;c__Bacteroidia;o__Bacteroidales;f__Tannerellaceae;g__Parabacteroides	0.999897404753461
477fc62ace815ba171fe125d93e8b8f9	d__Bacteria;p__Actinomycetota;c__Thermoleophilia;o__Gaiellales;f__Incertae_Sedis;g__Incertae_Sedis	0.9999999201162414
aaf2ae62d65d1ab4440efccf13b0cf24	d__Bacteria;p__Patescibacteria;c__Saccharimonadia;o__Saccharimonadales	0.999999999999998
b4f254799eff6c246958f36b0c05d289	d__Bacteria;p__Bacteroidota;c__Bacteroidia;o__Bacteroidales;f__Muribaculaceae;g__Incertae_Sedis	0.9311224720796895
22e86d09f6d055a719b9b2fba44bcf5f	d__Bacteria;p__Pseudomonadota;c__Gammaproteobacteria;o__Burkholderiales;f__Alcaligenaceae;g__Achromobacter	0.998791681573292
b0f726665e69cdee9cb653c69d6f468b	d__Bacteria;p__Cyanobacteriota;c__Cyanobacteriia;o__Chloroplast;f__Incertae_Sedis;g__Incertae_Sedis	0.999999999999261
428c4e9ee9238a969d5bbb12f1d59b42	d__Bacteria;p__Bacillota;c__Bacilli;o__Erysipelotrichales;f__Erysipelatoclostridiaceae;g__Thomasclavelia	0.8973270550008461
59233ab11f820efc7efc6adb13187fc9	d__Bacteria;p__Bacillota;c__Clostridia;o__Clostridia_UCG-014;f__Incertae_Sedis;g__Incertae_Sedis	0.9999999999942872
918ac9ac9e51d5657e269c9ebcdbb303	d__Bacteria;p__Bacillota;c__Clostridia;o__Oscillospirales;f__Ruminococcaceae;g__Incertae_Sedis	0.83251102382942
2a36a2e88d70b4552a04c931e34f8c5b	d__Bacteria;p__Deferribacterota;c__Deferribacteres;o__Deferribacterales;f__Deferribacteraceae;g__Mucispirillum	0.999999999999261
b0f897bc4c4898cf03fa177996815859	d__Bacteria;p__Bacillota;c__Clostridia;o__Oscillospirales;f__Ruminococcaceae;g__Incertae_Sedis	0.9783833537745137
cb92924bd9a1cb0a91b8f4a730440d64	d__Bacteria;p__Bacillota;c__Clostridia;o__Clostridia_UCG-014;f__Incertae_Sedis;g__Incertae_Sedis	0.9999999999803038
6cfa7c4b9aeeeca0ab57b889b1bf1ae9	d__Bacteria;p__Bacillota;c__Clostridia;o__Oscillospirales;f__Butyricicoccaceae;g__Agathobaculum	0.9959735993143797
e8e4175a7d461be4e2d3252d64205387	d__Bacteria;p__Bacteroidota;c__Bacteroidia;o__Bacteroidales;f__Rikenellaceae;g__Rikenellaceae_RC9_gut_group	0.9999133489566492
e65d55915131f7d343c289c4ea2cde7e	d__Bacteria;p__Bacillota;c__Clostridia;o__Oscillospirales;f__Ruminococcaceae	0.9999695818385412
0e74ec0a6ae408a03c6cd4ccbbb1b9bf	d__Bacteria;p__Bacillota;c__Clostridia;o__Oscillospirales;f__Ruminococcaceae;g__Incertae_Sedis	0.9853964059646364
c1f1fa9ef6a41f28d2f1236efae4e80b	d__Bacteria;p__Bacillota;c__Clostridia;o__Lachnospirales;f__Lachnospiraceae;g__Lachnoclostridium	0.7182063978194001
14cfd856fd717dfe779bc8076c359ebc	d__Bacteria;p__Bacillota;c__Clostridia;o__Clostridia_vadinBB60_group;f__Incertae_Sedis;g__Incertae_Sedis	0.9999862716870374
a409e084749e900f7aaae32337e49fad	d__Bacteria;p__Bacillota;c__Clostridia;o__Clostridia_vadinBB60_group;f__Incertae_Sedis;g__Incertae_Sedis	0.9982995823715417
ad62ccab931dd9840216f61e0bf2fe65	d__Bacteria;p__Bacillota;c__Clostridia;o__Clostridia_vadinBB60_group;f__Incertae_Sedis;g__Incertae_Sedis	0.9999998779443405
2d7e0b39381a8a8cf6f8196b9d903d6e	d__Bacteria;p__Bacillota;c__Clostridia;o__Oscillospirales;f__Oscillospiraceae;g__UCG-003	0.8485545597917783
3e326462030f257d8eab7a745f123f10	d__Bacteria;p__Pseudomonadota;c__Alphaproteobacteria;o__Rhodospirillales;f__Incertae_Sedis;g__Incertae_Sedis	0.9999999238813502
3da298363b85f157877352ab2bfbf92b	d__Bacteria;p__Bacillota;c__Bacilli;o__RF39;f__Incertae_Sedis;g__Incertae_Sedis	0.9999999999986358
2a278664b162d14b08adbacb29ea6da6	d__Bacteria;p__Bacteroidota;c__Bacteroidia;o__Bacteroidales;f__Bacteroidaceae;g__Bacteroides	0.9999996995604644
8982f062115322a0b7e15dced828fec9	d__Bacteria;p__Cyanobacteriota;c__Vampirivibrionia;o__Gastranaerophilales;f__Gastranaerophilaceae;g__Incertae_Sedis	0.9997813454494274
b15c16e6b9624e9a252218d19f066318	d__Bacteria;p__Bacillota;c__Clostridia;o__Lachnospirales;f__Lachnospiraceae;g__Lachnospiraceae_NK4A136_group	0.9636927729654207
2a5cb3831b2f03919a91d183d3feb8ed	d__Bacteria;p__Bacillota;c__Bacilli;o__Thermoactinomycetales;f__Thermoactinomycetaceae;g__Risungbinella	0.9999999975008791
890d4e872fdd5c5dd7216692e2505cd3	d__Bacteria;p__Bacillota;c__Bacilli;o__Bacillales;f__Bacillaceae	0.9859340208225167
aba92f42205254c9e9c19ec3ea159592	d__Bacteria;p__Cyanobacteriota;c__Cyanobacteriia;o__Chloroplast;f__Incertae_Sedis;g__Incertae_Sedis	0.9999999999910187
305bf3ee4a664752f2a9f5798d8b3c99	d__Bacteria;p__Bacteroidota;c__Bacteroidia;o__Bacteroidales;f__Muribaculaceae;g__Incertae_Sedis	0.9999999896456586
38de48d305f5f4b3e829194a76e371ff	d__Bacteria;p__Bacillota;c__Clostridia;o__Lachnospirales;f__Lachnospiraceae	0.9999977101320668
23d65caf59415d94d3b87087a0686abb	d__Bacteria;p__Bacteroidota;c__Bacteroidia;o__Bacteroidales;f__Muribaculaceae;g__Incertae_Sedis	0.9999999920298706
3a0370bf8f1c3f471fd4a58dcb291a33	d__Bacteria;p__Actinomycetota;c__Coriobacteriia;o__Coriobacteriales;f__Eggerthellaceae;g__Adlercreutzia	0.9899494158228157
b909e54a88359171277c847e64346635	d__Bacteria;p__Bacteroidota;c__Bacteroidia;o__Bacteroidales;f__Muribaculaceae;g__Incertae_Sedis	0.9999795099238913
385fd4a8597abcf56886b76b620e8654	d__Bacteria;p__Bacillota;c__Bacilli;o__RF39;f__Incertae_Sedis;g__Incertae_Sedis	0.9999999997042721
d15721324c21901347f7db1af05a8262	d__Bacteria;p__Bacillota;c__Clostridia;o__Clostridia_vadinBB60_group;f__Incertae_Sedis;g__Incertae_Sedis	0.9999966126117061
2f12eeae29c1af0fead65bcf284b8ea4	d__Bacteria;p__Bacteroidota;c__Bacteroidia;o__Cytophagales;f__Hymenobacteraceae;g__Hymenobacter	0.9999999996421991
7e4b0d8e2a3c97895a23f93fafa41d50	d__Bacteria;p__Bacillota;c__Clostridia;o__Lachnospirales;f__Lachnospiraceae;g__Lachnoclostridium	0.8021753862750303
446907574ce435c1a6ceb574eb6fb1de	d__Bacteria;p__Bacillota;c__Clostridia;o__Lachnospirales;f__Lachnospiraceae;g__Lachnospiraceae_NK4A136_group	0.8921226407377082
f200206e9f6e4ab48092bd58ccef876c	d__Bacteria;p__Bacillota;c__Clostridia;o__Oscillospirales;f__Oscillospiraceae;g__Incertae_Sedis	0.8339181092420511
bab75bc25fafa18a9c1bdc2a1d4fe793	d__Bacteria;p__Bacillota;c__Clostridia;o__Lachnospirales;f__Lachnospiraceae;g__Butyribacter	0.9999302367333095
620b8f4ed7e09f2a6d93ac017b382eb7	d__Bacteria;p__Bacteroidota;c__Bacteroidia;o__Bacteroidales;f__Bacteroidaceae;g__Bacteroides	0.9999999965170332
90270fa8262e55642534984b3efb9fa8	d__Bacteria;p__Bacillota;c__Bacilli;o__Lactobacillales;f__Enterococcaceae;g__Enterococcus	0.9276146524998613
c5ed24fcd2b1f0c960135f429c6c40b8	d__Bacteria;p__Bacillota;c__Bacilli;o__Erysipelotrichales;f__Erysipelotrichaceae;g__[Clostridium]_innocuum_group	0.9999978397703186
eaa57f77edaae985a5784f41ece4ce33	d__Bacteria;p__Bacillota;c__Bacilli;o__Lactobacillales;f__Streptococcaceae;g__Lactococcus	0.9999975693718265
4fc7e06d680387c58fb1c9d579cc1148	d__Bacteria;p__Bacillota;c__Bacilli;o__Lactobacillales;f__Carnobacteriaceae;g__Atopostipes	0.9999998881800201
9a3db051ef6ea025f0dd19299cf99cd7	d__Bacteria;p__Cyanobacteriota;c__Cyanobacteriia;o__Chloroplast;f__Incertae_Sedis;g__Incertae_Sedis	0.9999999969456042
c941a0644391017f054284f3b105e6fc	d__Bacteria;p__Bacillota;c__Clostridia;o__Clostridia_UCG-014;f__Incertae_Sedis;g__Incertae_Sedis	0.985959047523069
bb75315114b7441bfa5bcff72b4e1327	d__Bacteria;p__Bacillota;c__Negativicutes;o__Acidaminococcales;f__Acidaminococcaceae;g__Phascolarctobacterium	0.9996394220695903
91148aaa2cb3fe84d28bc60d8af08013	d__Bacteria;p__Bacillota;c__Bacilli;o__RF39;f__Incertae_Sedis;g__Incertae_Sedis	0.9999999999990337
b06ff116919406e8c8a01cabb0969a5e	d__Bacteria;p__Bacillota;c__Clostridia;o__Lachnospirales;f__Lachnospiraceae;g__Lachnospiraceae_NK4A136_group	0.988200976322311
2f15db62b3267c912e0fa9642ffb4318	d__Bacteria;p__Acidobacteriota;c__Subgroup_21;o__Incertae_Sedis;f__Incertae_Sedis;g__Incertae_Sedis	0.9841447991244517
c1600f151067eb578282d80ee3df80fc	d__Bacteria;p__Bacillota;c__Clostridia;o__Lachnospirales;f__Lachnospiraceae;g__Incertae_Sedis	0.8033915474550816
341f7c87bee33b1957d86a760048c2b9	d__Bacteria;p__Bacteroidota;c__Bacteroidia;o__Bacteroidales;f__Bacteroidaceae;g__Bacteroides	0.9999999998014459
450a935da310a8ef47421757a01954b5	d__Bacteria;p__Bacillota;c__Bacilli;o__RF39;f__Incertae_Sedis;g__Incertae_Sedis	0.9999999999760405
ca52f8b39b9281fa83d2c8a5875fc324	d__Bacteria;p__Bacteroidota;c__Bacteroidia;o__Bacteroidales;f__Muribaculaceae;g__Incertae_Sedis	0.9999999926529881
5916a523d1509502343350f6a6188dad	d__Bacteria;p__Bacillota;c__Clostridia;o__Lachnospirales;f__Lachnospiraceae;g__Incertae_Sedis	0.9002265422914332
734629f508fab6744c61929825d2476c	d__Bacteria;p__Bacillota;c__Clostridia;o__Lachnospirales;f__Lachnospiraceae;g__Anaerotignum	0.8497686478122403
096717de65ebfb742fb2da2ca0fc0847	d__Bacteria;p__Chloroflexota;c__KD4-96;o__Incertae_Sedis;f__Incertae_Sedis;g__Incertae_Sedis	0.9999999999789679
acb9f0f9e2cd8b57e3a6124fb7aff217	d__Bacteria;p__Chloroflexota;c__Gitt-GS-136;o__Incertae_Sedis;f__Incertae_Sedis;g__Incertae_Sedis	0.9999999999994884
757783ad8bbc94065e0730c3eead19be	d__Bacteria;p__Bacillota;c__Bacilli;o__Erysipelotrichales;f__Erysipelotrichaceae;g__Turicibacter	0.9999999999994031
c994e01e54d74e85383aa1742c20a924	d__Bacteria;p__Bacillota;c__Clostridia;o__Lachnospirales;f__Lachnospiraceae;g__A2	0.9999958734315035
03b302df55d55baf958f2c56e1b61ca2	d__Bacteria;p__Bacteroidota;c__Bacteroidia;o__Bacteroidales;f__Muribaculaceae;g__Incertae_Sedis	0.9999997951215885
3250da46b982b2b24dfc551b4267203b	d__Bacteria;p__Bacillota;c__Clostridia;o__Clostridia_vadinBB60_group;f__Incertae_Sedis;g__Incertae_Sedis	0.9999999926188252
2ff31887954af90a1c3f7ebb16e94455	d__Bacteria;p__Bacillota	0.9550435610529466
9689c08e383e683e0d01b2e4a956ad2b	d__Bacteria;p__Bacillota;c__Bacilli;o__Acholeplasmatales;f__Acholeplasmataceae;g__Anaeroplasma	0.9999999999997726
690522d3344db81f963dcb349807971c	d__Bacteria;p__Bacillota;c__Clostridia;o__Oscillospirales;f__Ruminococcaceae;g__Candidatus_Soleaferrea	0.783793475099147
289f9caeb8c002d8728e11a061ee3ca3	d__Bacteria;p__Bacillota;c__Bacilli;o__RF39;f__Incertae_Sedis;g__Incertae_Sedis	0.9999999996607869
a9c927a65fd2e7c75848b725e781289f	d__Bacteria;p__Deferribacterota;c__Deferribacteres;o__Deferribacterales;f__Deferribacteraceae;g__Mucispirillum	0.9999942288724789
a907cd2142d3654596035224fad7b8d6	d__Bacteria;p__Bacillota;c__Clostridia;o__Lachnospirales;f__Lachnospiraceae;g__Lachnoclostridium	0.7225045879543122
acf191c80e6574064a9b31aa5332ffe4	d__Bacteria;p__Bacillota;c__Clostridia;o__Monoglobales;f__Monoglobaceae;g__Monoglobus	0.9993723010348283
eeab7782c64dfe2362d06ac45f293fcf	d__Bacteria;p__Bacillota;c__Clostridia;o__Oscillospirales;f__Oscillospiraceae;g__Papillibacter	0.8817640277073365
940c95509f5634a7939c52f85f3c52be	d__Bacteria	0.9999994741194276
d26cf481dfc78a6ed05975a1e2be99cb	d__Bacteria;p__Bacillota;c__Clostridia;o__Clostridia_vadinBB60_group;f__Incertae_Sedis;g__Incertae_Sedis	0.9999999181982593
33d706f0d77ca7a4e85afa1bb5bd2648	d__Bacteria;p__Pseudomonadota;c__Alphaproteobacteria;o__Reyranellales;f__Reyranellaceae;g__Reyranella	0.9999999999970441
5c0056f14d2696d0ff44b1ac42e8877c	d__Bacteria;p__Actinomycetota;c__Actinobacteria;o__Mycobacteriales;f__Dietziaceae;g__Dietzia	0.9999999785155469
18013f6843f0892febd6b49b5ecee083	d__Bacteria;p__Bacillota;c__Clostridia;o__Lachnospirales;f__Lachnospiraceae;g__Lachnospiraceae_NK4A136_group	0.9527736524793712
8e044c3ff380044144e6f4e78c56c159	d__Bacteria;p__Actinomycetota;c__Actinobacteria;o__Frankiales;f__Incertae_Sedis;g__Incertae_Sedis	0.9997722265979104
f73f491b2296f0276283251d3cb12f0a	d__Bacteria;p__Pseudomonadota;c__Alphaproteobacteria;o__Caulobacterales;f__Caulobacteraceae;g__Asticcacaulis	0.999999972930539
66ab8311ae54012100989ecd27aa2c9c	d__Bacteria;p__Bacillota;c__Clostridia;o__Oscillospirales;f__Oscillospiraceae;g__Colidextribacter	0.9008824603585047
1c78a88fc4b671326e34cd9a318c0a84	d__Bacteria;p__Bacillota;c__Clostridia;o__Lachnospirales;f__Lachnospiraceae;g__Incertae_Sedis	0.9729680960421805
35d10d7472e97013e4f5c9a25ec15123	d__Bacteria;p__Bacillota;c__Clostridia;o__Lachnospirales;f__Lachnospiraceae	0.9999993952046315
9fe9f83fdb2a63d243066af5b3a0b916	d__Bacteria;p__Bacillota;c__Clostridia;o__Lachnospirales;f__Lachnospiraceae	0.9992508016038681
bed70f135461b727e478f0e11a8e2101	d__Bacteria;p__Bacillota;c__Bacilli;o__RF39;f__Incertae_Sedis;g__Incertae_Sedis	0.9999999999991758
05b5fae89a79906dbd26284fdef7c8da	d__Bacteria;p__Bacillota;c__Clostridia;o__Oscillospirales;f__Oscillospiraceae	0.9999786882318656
471255097151e5f339142ae69235ab6c	d__Bacteria;p__Bacteroidota;c__Bacteroidia;o__Bacteroidales;f__Muribaculaceae;g__Incertae_Sedis	0.9999993214234764
f4b3554307cdc5511c0033f6168c6d51	d__Bacteria;p__Actinomycetota;c__Coriobacteriia;o__Coriobacteriales;f__Eggerthellaceae;g__Adlercreutzia	0.9497537611342981
ad970670216030641aefbd034975a178	d__Bacteria;p__Bacillota;c__Clostridia;o__Clostridia_UCG-014;f__Incertae_Sedis;g__Incertae_Sedis	0.9999999999977547
51dd53eb961c80753c47ec535060ad2b	d__Bacteria;p__Bacillota;c__Clostridia;o__Peptococcales;f__Peptococcaceae;g__Peptococcus	0.9795794349468758
c8200df4a0628d371337827afd96eb78	d__Bacteria;p__Bacillota;c__Clostridia;o__Clostridia_vadinBB60_group;f__Incertae_Sedis;g__Incertae_Sedis	0.9999994962136175
9c30140512ccbf1cad5df1deb93f0e20	d__Bacteria;p__Cyanobacteriota;c__Vampirivibrionia;o__Gastranaerophilales;f__Gastranaerophilaceae;g__Incertae_Sedis	0.9940398772336507
d43146ff70f8cbe57d5ec09fecfd5140	d__Bacteria;p__Bacillota;c__Bacilli;o__RF39;f__Incertae_Sedis;g__Incertae_Sedis	0.9999999998239844
c0fe18b5be5b76dffe0bc8bc00f13666	d__Bacteria;p__Bacillota;c__Clostridia;o__Oscillospirales;f__Oscillospiraceae;g__Incertae_Sedis	0.951893669832074
a9fcb1df53cb1ee0502d3d80b76a8a6f	d__Bacteria;p__Bacteroidota;c__Bacteroidia;o__Bacteroidales;f__Prevotellaceae;g__Incertae_Sedis	0.7957273646453179
93dccc022dc770bb65cd11d25aa4e9ff	d__Bacteria;p__Bacillota;c__Clostridia;o__Clostridia_UCG-014;f__Incertae_Sedis;g__Incertae_Sedis	0.9999999999532463
235f805015ed74dc136dffd2aec8e282	d__Bacteria;p__Bacteroidota;c__Bacteroidia;o__Bacteroidales;f__Muribaculaceae;g__Incertae_Sedis	0.9999999958601791
8e11c85eb5ee849d20b3af759622a4d9	d__Bacteria;p__Bacillota;c__Negativicutes;o__Acidaminococcales;f__Acidaminococcaceae;g__Phascolarctobacterium	0.9959909331090477
064c415f9519165c4cca872cf4ca21a0	d__Bacteria;p__Bacteroidota;c__Bacteroidia;o__Bacteroidales;f__Muribaculaceae;g__Incertae_Sedis	0.9992553271067813
46b3993a1506f6e4836c0387225f35ac	d__Bacteria;p__Bacillota;c__Bacilli;o__Lactobacillales;f__Lactobacillaceae;g__Ligilactobacillus	0.9999998557640699
17fb573a42d4fc75667d4e8f7e7b703a	d__Bacteria;p__Bacteroidota;c__Bacteroidia;o__Bacteroidales;f__Rikenellaceae;g__Rikenella	0.994262046480684
a9e511b1d84105af4c129acbe2d0579b	d__Bacteria;p__Pseudomonadota;c__Gammaproteobacteria;o__Enterobacterales;f__Pasteurellaceae;g__Rodentibacter	0.9997208168748228
2680e415526b42bcde11fe6438b7912e	d__Bacteria;p__Bacteroidota;c__Bacteroidia;o__Bacteroidales;f__Rikenellaceae;g__Alistipes	0.999999995099671
59cb2993f88dd4c358f43d904f0ce54d	d__Bacteria;p__Bacillota;c__Bacilli;o__Lactobacillales;f__Lactobacillaceae;g__Lactobacillus	0.9933712103724154
e435889dd7588dc71134854786bdaac9	d__Bacteria;p__Deferribacterota;c__Deferribacteres;o__Deferribacterales;f__Deferribacteraceae;g__Mucispirillum	1.0
0d23c65212c9bf619a102804f75be107	d__Bacteria;p__Pseudomonadota;c__Gammaproteobacteria;o__Pseudomonadales;f__Moraxellaceae;g__Acinetobacter	0.9999998963410288
4e67bfb84dbb88132ae326b6a165953c	d__Bacteria;p__Bacillota;c__Clostridia;o__Oscillospirales;f__Oscillospiraceae;g__Oscillibacter	0.7472704555435162
f5029a0b15ee9800143fd0ac3f1b4f99	d__Bacteria;p__Gemmatimonadota;c__Gemmatimonadia;o__Gemmatimonadales;f__Gemmatimonadaceae;g__Incertae_Sedis	0.9999999722185468
196dcd857c23a7109c1c0367951798c2	d__Bacteria;p__Bacillota;c__Clostridia;o__Oscillospirales;f__Oscillospiraceae;g__Intestinimonas	0.8796847194056575
5664de0d9342836ef5f41c9e497445a1	d__Bacteria;p__Myxococcota;c__Polyangiia;o__Polyangiales;f__Sandaracinaceae;g__Incertae_Sedis	0.9999999305312339
9d8904b0f8e523036783a62f1a36b220	d__Bacteria;p__Bacillota;c__Bacilli;o__RF39;f__Incertae_Sedis;g__Incertae_Sedis	0.9999999999859881
d82417e579312849180c542c65d56221	d__Bacteria;p__Bacillota;c__Bacilli;o__Erysipelotrichales;f__Erysipelatoclostridiaceae;g__Thomasclavelia	0.9999953932711304
a5bbf47c3d92ca79ecd8ca200236b957	d__Bacteria;p__Actinomycetota;c__Actinobacteria;o__Micrococcales;f__Microbacteriaceae;g__Aurantimicrobium	0.9991629905258844
ab1445263d3a8163049a60787da81b04	d__Bacteria;p__Bacillota;c__Bacilli;o__Erysipelotrichales;f__Erysipelotrichaceae;g__Dubosiella	0.9999999869662305
ca8027f9e707ebb6a80421fb88ebd606	d__Bacteria;p__Bacillota;c__Bacilli;o__Erysipelotrichales;f__Erysipelotrichaceae;g__Incertae_Sedis	0.9996540926706153
974756a772cd6ecf7bf834c0181f8c8f	d__Bacteria;p__Bacteroidota;c__Bacteroidia;o__Bacteroidales;f__Muribaculaceae;g__Incertae_Sedis	0.8897045173690189
7c4d78afd0d86bd02661d6373842e870	d__Bacteria;p__Bacillota;c__Bacilli;o__Lactobacillales;f__Enterococcaceae;g__Enterococcus	0.9676038749837386
abc61254ab19cad0d1f5445d6932c4b0	d__Bacteria;p__Bacillota;c__Bacilli;o__Erysipelotrichales;f__Erysipelotrichaceae;g__Holdemania	0.9999999763428778
2f2bec0c5bf4cc00d81aa016296033c2	d__Bacteria;p__Actinomycetota;c__Coriobacteriia;o__Coriobacteriales;f__Eggerthellaceae;g__Adlercreutzia	0.9997354639118543
fb64a38a480aab364165c46aa59bec4d	d__Bacteria;p__Bacillota;c__Bacilli;o__RF39;f__Incertae_Sedis;g__Incertae_Sedis	0.9999999999981526
9a83ba212d7bdc54a87513a08ed011f2	d__Bacteria;p__Bacillota;c__Bacilli;o__RF39;f__Incertae_Sedis;g__Incertae_Sedis	0.99999999999838
1a6a0b3b39a0f97d3267b837d7fe4551	d__Bacteria;p__Bacillota;c__Clostridia;o__Lachnospirales;f__Lachnospiraceae;g__Butyribacter	0.9415173111917401
4b05bd1e575a60d7c47158a7ce42545b	d__Bacteria;p__Deferribacterota;c__Deferribacteres;o__Deferribacterales;f__Deferribacteraceae;g__Mucispirillum	0.9999142353834982
9ddd2e03bb59a60bf7069ca033865407	d__Bacteria;p__Bacillota;c__Clostridia;o__Lachnospirales;f__Lachnospiraceae;g__Faecalimonas	0.706305227983513
f290a47882d1db256dd9e93842efb8a2	d__Bacteria;p__Gemmatimonadota;c__Gemmatimonadia;o__Gemmatimonadales;f__Gemmatimonadaceae;g__Incertae_Sedis	0.9999999975215985
962172d559894ebb4f25fc6facf434b3	d__Bacteria;p__Bacillota;c__Clostridia;o__Oscillospirales;f__Ruminococcaceae;g__Harryflintia	0.9979933899113765
47988a578bfca4042246cec3420f9622	d__Bacteria;p__Bacillota;c__Clostridia;o__Lachnospirales;f__Lachnospiraceae;g__Incertae_Sedis	0.9705986894245724
ae1f314bb7277827eb602d99610655e8	d__Bacteria;p__Bacillota;c__Bacilli;o__Erysipelotrichales;f__Erysipelotrichaceae;g__Incertae_Sedis	0.9621408187222003
b39bb2978de425a120c365b7af96af25	d__Bacteria;p__Bacillota;c__Bacilli;o__RF39;f__Incertae_Sedis;g__Incertae_Sedis	0.9999999999957367
75a91f277974f6d0830d59492da7c537	d__Bacteria;p__Zixibacteria;c__Incertae_Sedis;o__Incertae_Sedis;f__Incertae_Sedis;g__Incertae_Sedis	0.9999998867708435
cb96ffb485a50b2ab75c9d214293b52e	d__Bacteria;p__Bacillota;c__Bacilli;o__Lactobacillales;f__Lactobacillaceae;g__Limosilactobacillus	0.9966760561425368
f234987f591bf8b3413ac7bc62120573	d__Bacteria;p__Thermodesulfobacteriota;c__Desulfovibrionia;o__Desulfovibrionales;f__Desulfovibrionaceae;g__Incertae_Sedis	0.9999854073418878
709c5bbb548c6cd39fc7494212364a1d	d__Bacteria;p__Acidobacteriota;c__Holophagae;o__Subgroup_7;f__Incertae_Sedis;g__Incertae_Sedis	0.9999999537090798
b8a825fd95253144026e49cb434b4d23	d__Bacteria;p__Cyanobacteriota;c__Cyanobacteriia;o__Chloroplast;f__Incertae_Sedis;g__Incertae_Sedis	0.9999999950545089
a740842882bc41ecf34edf36c1dfe09d	d__Bacteria;p__Pseudomonadota;c__Gammaproteobacteria;o__Burkholderiales;f__Burkholderiaceae;g__Hydromonas	0.9999999999970726
4b1a12d108d4d996195268244799d84e	d__Bacteria;p__Bacillota;c__Clostridia;o__Lachnospirales;f__Lachnospiraceae	0.9999985631066196
6514e2700f1e94e87e42afa2ea7fd624	d__Bacteria;p__Bacteroidota;c__Bacteroidia;o__Bacteroidales;f__Muribaculaceae;g__Incertae_Sedis	0.999999867940497
36b4faaab9bfc6afefc7bae7e6fa9fb3	d__Bacteria;p__Bacillota;c__Bacilli;o__RF39;f__Incertae_Sedis;g__Incertae_Sedis	0.9999999999984652
e008aa8b94b1f3cbc3a1dc54af6385f6	d__Bacteria;p__Bacillota;c__Clostridia;o__Lachnospirales;f__Lachnospiraceae	0.9999998251418791
e9d2fa5c4aa5a167efa82e56ec0c789f	d__Bacteria;p__Bacillota;c__Clostridia;o__Lachnospirales;f__Lachnospiraceae;g__Incertae_Sedis	0.9185334576424098
008fc741e40e12fa5c01b0f8f5638912	d__Bacteria;p__Bacillota;c__Clostridia;o__Clostridia_UCG-014;f__Incertae_Sedis;g__Incertae_Sedis	0.9999999999870681
f762f70d1f07d3dfb4638011114057be	d__Bacteria;p__Bacillota;c__Clostridia	0.9999632125359718
520d75b3e90d88defd5db4e01e1051a4	d__Bacteria;p__Bacillota;c__Clostridia;o__Lachnospirales;f__Lachnospiraceae;g__Roseburia	0.9793029945342283
59e99062f0fa58e046b0a913caf5839b	d__Bacteria;p__Bacillota;c__Clostridia;o__Oscillospirales;f__Ruminococcaceae;g__Incertae_Sedis	0.9610866290443875
1492e2b30d284d6cda825a8cae5ad507	d__Bacteria;p__Bacillota;c__Clostridia;o__Lachnospirales;f__Lachnospiraceae;g__Incertae_Sedis	0.9985869247680288
6129baa15ffcb2bcb0eafd26495c7c11	d__Bacteria;p__Bacillota;c__Bacilli;o__RF39;f__Incertae_Sedis;g__Incertae_Sedis	0.9999999999996874
9227aff9ff7c41a615a3262c3dd86e0a	d__Bacteria;p__Bacillota;c__Clostridia;o__Clostridia_vadinBB60_group;f__Incertae_Sedis;g__Incertae_Sedis	0.9999541875747362
4b7ebd9219a6e1936d855354565d7a9e	d__Bacteria;p__Bacillota;c__Bacilli;o__RF39;f__Incertae_Sedis;g__Incertae_Sedis	0.9999999999988347
c7dae94480b3b3fc3be848cc5df48a3e	d__Bacteria;p__Bacillota;c__Clostridia;o__Oscillospirales;f__Ruminococcaceae;g__Incertae_Sedis	0.9928414660181278
c49e26ca9f048349a7323701fbcc36b1	d__Bacteria;p__Bacillota;c__Clostridia;o__Lachnospirales;f__Lachnospiraceae;g__Lachnoclostridium	0.8655937020173567
0d5bd10b7175df0608d95774a6477ea9	d__Bacteria;p__Thermodesulfobacteriota;c__Desulfovibrionia;o__Desulfovibrionales;f__Desulfovibrionaceae;g__Incertae_Sedis	0.9983448306191742
8aee019489f8c3966ba917d4f97ac02c	d__Bacteria;p__Bacillota;c__Bacilli;o__RF39;f__Incertae_Sedis;g__Incertae_Sedis	0.9999999999963336
2ca613f3b495df5ff511aa7de3f929dc	d__Bacteria;p__Bacteroidota;c__Bacteroidia;o__Bacteroidales;f__Muribaculaceae;g__Incertae_Sedis	0.9999989777277103
103483686b8f1116156ca0ff8e05fd71	d__Bacteria;p__Bacteroidota;c__Bacteroidia;o__Bacteroidales;f__Prevotellaceae;g__Prevotellaceae_UCG-001	0.7030931446063684
579ce0c8289addc3ea59ee48a6ab2c21	d__Bacteria;p__Bacillota;c__Clostridia;o__Oscillospirales;f__[Eubacterium]_coprostanoligenes_group;g__Incertae_Sedis	0.9999559835252677
c31defa01689a801f6407fe8627be6dc	d__Bacteria;p__Actinomycetota;c__Coriobacteriia;o__Coriobacteriales;f__Atopobiaceae;g__Coriobacteriaceae_UCG-002	0.9892035016194878
acd16bfe5ed7b8543f9731d3bc0700b1	d__Bacteria;p__Bacillota;c__Bacilli;o__RF39;f__Incertae_Sedis;g__Incertae_Sedis	0.9953221818405457
9e378bec030bd5f1cd5eb767c8254cb7	d__Bacteria;p__Bacillota;c__Bacilli;o__RF39;f__Incertae_Sedis;g__Incertae_Sedis	0.9999999999990905
f95eacc969e93767c4f30da1f3168565	d__Bacteria;p__Bacillota;c__Bacilli;o__RF39;f__Incertae_Sedis;g__Incertae_Sedis	0.9999999999723457
9cfaab507c932b68a607b59914b24224	d__Bacteria;p__Bacillota;c__Clostridia;o__Clostridia_vadinBB60_group;f__Incertae_Sedis;g__Incertae_Sedis	0.9999999862321262
d9c73e7d7e5660d915186e7ce792b6bb	d__Bacteria;p__Patescibacteria;c__Saccharimonadia;o__Saccharimonadales;f__Saccharimonadaceae;g__TM7a	0.9999786387028142
27ac0e6f4af0067a1ed3604b7cb2498d	d__Bacteria;p__Bacillota;c__Clostridia;o__Oscillospirales;f__Butyricicoccaceae;g__UCG-009	0.9999998972654449
b7cc3a3d020717d0bda4870091618d85	d__Bacteria;p__Actinomycetota;c__Actinobacteria;o__Mycobacteriales;f__Corynebacteriaceae;g__Corynebacterium	0.9999994103861274
761c12ca4a6e6649d75e9fcce2903901	d__Bacteria;p__Bacillota;c__Bacilli;o__RF39;f__Incertae_Sedis;g__Incertae_Sedis	0.9999999999882334
b0fe9d4d5f3f17f772f60a19db442c17	d__Bacteria;p__Bacillota;c__Clostridia;o__Eubacteriales;f__Anaerofustaceae;g__Anaerofustis	0.9999999986913508
d75a46012668f4fb13704bf3e1b79144	d__Bacteria;p__Bacteroidota;c__Bacteroidia;o__Bacteroidales;f__Prevotellaceae;g__Prevotellaceae_UCG-001	0.9807790211646603
d7237a3547dd4d73301f0fc99e59f3c3	d__Bacteria;p__Bacillota;c__Bacilli;o__RF39;f__Incertae_Sedis;g__Incertae_Sedis	0.9999999997812665
fcbbb97c5ff6e99f63b5faa2095f88a5	d__Bacteria;p__Bacillota;c__Bacilli;o__Lactobacillales;f__Lactobacillaceae;g__Lactobacillus	0.9114437207410142
124504e9b70dfa17e6634841820e4879	d__Bacteria;p__Pseudomonadota;c__Alphaproteobacteria;o__Rhodospirillales;f__Incertae_Sedis;g__Incertae_Sedis	0.9999997725674606
cc653bf4eebe5643b9d51200733ae5e9	d__Bacteria;p__Pseudomonadota;c__Gammaproteobacteria;o__Pseudomonadales;f__Halomonadaceae;g__Halomonas	0.9987960068680795
69482cc2e72543846ab290f7c9d93f02	d__Bacteria;p__Acidobacteriota;c__Blastocatellia;o__Pyrinomonadales;f__Pyrinomonadaceae;g__Incertae_Sedis	0.9252903239159888
067ece5bfd064d08bf51eaebadb1fec0	d__Bacteria;p__Bacillota;c__Clostridia;o__Lachnospirales;f__Lachnospiraceae;g__Incertae_Sedis	0.9746590643039434
a2f816178c55eced8ef26c59065f17da	d__Bacteria;p__Bacillota;c__Bacilli;o__Lactobacillales;f__Lactobacillaceae;g__Lactobacillus	0.997584221910495
39c13bd60f6bace1e1442a377cd93cad	d__Bacteria;p__Campylobacterota;c__Campylobacteria;o__Campylobacterales;f__Helicobacteraceae;g__Helicobacter	0.9833441125264506
c985ef01cc30a7a5ecf8b4a89f57a0e6	d__Bacteria;p__Actinomycetota;c__Actinobacteria;o__Mycobacteriales;f__Corynebacteriaceae;g__Corynebacterium	0.9999997661171836
7f86ea6255e3e8b100e03a67af5f3d93	d__Bacteria;p__Pseudomonadota;c__Gammaproteobacteria;o__Pseudomonadales;f__Moraxellaceae;g__Acinetobacter	0.9999999089303101
f6f024f35fcf071b15c634e4f539e863	d__Bacteria;p__Bacteroidota;c__Bacteroidia;o__Bacteroidales;f__Rikenellaceae;g__Alistipes	0.9998638479466613
1edc8c51bdf6b253abdcbac09adb8ac5	d__Bacteria;p__Bacteroidota;c__Bacteroidia;o__Bacteroidales;f__Rikenellaceae;g__Alistipes	0.9999999989243804
a22be30f3bba10b9953e864b7ce88cf4	d__Bacteria;p__Actinomycetota;c__Actinobacteria;o__Frankiales;f__Incertae_Sedis;g__Incertae_Sedis	0.9988703108576467
ba132bd39ad945dca3a554e7f02776d4	d__Bacteria;p__Bacillota;c__Bacilli;o__Lactobacillales;f__Lactobacillaceae;g__Leuconostoc	0.9999999964351218
99da400f132b3aa4583fe34a31c19916	d__Bacteria;p__Bacillota;c__Clostridia;o__Oscillospirales;f__Butyricicoccaceae;g__Agathobaculum	0.9950383338641173
d06e492b33a35c79e7b440def3e14b2d	d__Bacteria;p__Gemmatimonadota;c__Gemmatimonadia;o__Gemmatimonadales;f__Gemmatimonadaceae;g__Incertae_Sedis	0.9990144638218433
4ee1ace5238abc039fa636fbb48faf80	d__Bacteria;p__Patescibacteria;c__Berkelbacteria;o__Incertae_Sedis;f__Incertae_Sedis;g__Incertae_Sedis	0.9172450677631931
02e933f40ce29fa7dddd65808162ad8a	d__Bacteria;p__Pseudomonadota;c__Alphaproteobacteria;o__Sphingomonadales;f__Sphingomonadaceae;g__Croceibacterium	0.9896480534175429
8d0ad96eeac1de0f5ff68bf71ba41abd	d__Bacteria;p__Bacteroidota;c__Bacteroidia;o__Bacteroidales;f__Muribaculaceae;g__Incertae_Sedis	0.9999768262649279
dca0af79edfac9f7e28bc9d405772691	d__Bacteria;p__Pseudomonadota;c__Gammaproteobacteria;o__Burkholderiales;f__Burkholderiaceae;g__Polynucleobacter	0.9958137962557713
4f2e42fc512d195d06ec90dff105c7b0	d__Bacteria;p__Verrucomicrobiota;c__Verrucomicrobiia;o__Verrucomicrobiales;f__Akkermansiaceae;g__Akkermansia	0.9999999999998863
3b46c70ec01a80e894476509f0b48fc1	d__Bacteria;p__Myxococcota;c__Polyangiia;o__Haliangiales;f__Haliangiaceae;g__Incertae_Sedis	0.9295097048770594
bf8094ffbf71882c11bb5f972ec6d893	d__Bacteria;p__Bacteroidota;c__Bacteroidia;o__Bacteroidales;f__Tannerellaceae;g__Parabacteroides	0.9999912074196416
1dd9a7b987f0b92d1706a49ff92d5358	d__Bacteria;p__Patescibacteria;c__Saccharimonadia;o__Saccharimonadales;f__Incertae_Sedis;g__Incertae_Sedis	0.962254585723235
f401e6b3352333cbc8f8fda6f921fc13	d__Bacteria;p__Bacillota;c__Clostridia;o__Oscillospirales;f__Ruminococcaceae;g__Faecalibacterium	0.9990211568249764
60333b0027f0d948b5aba3a2c937fb03	d__Bacteria;p__Pseudomonadota;c__Alphaproteobacteria;o__Hyphomicrobiales;f__Beijerinckiaceae;g__Psychroglaciecola	0.985959392457215
c08af5cf64fead44c6801f6afb0e4993	d__Bacteria;p__Chloroflexota;c__Chloroflexia;o__Thermomicrobiales;f__JG30-KF-CM45;g__Incertae_Sedis	0.9999999999999432
8f979ad098a8e90935f15dd3bc9f20b8	d__Bacteria;p__Acidobacteriota;c__Acidobacteriae;o__Terriglobales;f__Incertae_Sedis;g__Incertae_Sedis	0.9989997593245188
a25305566d3c86ba086b4bd278233716	d__Bacteria;p__Bacteroidota;c__Bacteroidia;o__Bacteroidales;f__Bacteroidaceae;g__Bacteroides	0.9999999999579927
2a8edb2f74ca7815dc8b6f03c34353a8	d__Bacteria;p__Verrucomicrobiota;c__Verrucomicrobiia;o__Verrucomicrobiales;f__Verrucomicrobiaceae;g__Verrucomicrobium	0.7014922758938306
c752b55d5986c6aff9d4eae3484a2afb	d__Bacteria;p__Bacillota;c__Clostridia;o__Lachnospirales;f__Lachnospiraceae	0.9999966538983327
fab6bfe6a41160667062a232a948be98	d__Bacteria;p__Bacteroidota;c__Bacteroidia;o__Bacteroidales;f__Muribaculaceae;g__Incertae_Sedis	0.9999987944461158
a85c8142cd7610c5862a0606849af4e5	d__Bacteria;p__Bacillota;c__Bacilli;o__Lactobacillales;f__Lactobacillaceae;g__Lactobacillus	0.9999576192686755
39b961de0a3b3ebb824fb2a6dfdbb046	d__Bacteria;p__Bacillota;c__Clostridia;o__Clostridia_UCG-014;f__Incertae_Sedis;g__Incertae_Sedis	0.9999999999945999
1577f71f92745cf5c5ae45858de5aa76	d__Bacteria;p__Pseudomonadota;c__Alphaproteobacteria;o__Rhodospirillales;f__Incertae_Sedis;g__Incertae_Sedis	0.9999999991154027
17170039d2dbbea7fe7009f49886c7df	d__Bacteria;p__Bacteroidota;c__Bacteroidia;o__Bacteroidales;f__Rikenellaceae;g__Rikenellaceae_RC9_gut_group	0.9999914635852166
3da782f1afdbeb017382f99c50450c40	d__Bacteria;p__Bacillota;c__Bacilli;o__Lactobacillales;f__Streptococcaceae;g__Streptococcus	0.9999654983582097
e84ddabdae13e05873960a707c8e4d8e	d__Bacteria;p__Bacillota;c__Clostridia;o__Clostridia_UCG-014;f__Incertae_Sedis;g__Incertae_Sedis	0.9999999999995453
cc94ee9cac3516956ff0c7ed56ffcd46	d__Bacteria;p__Bacillota;c__Bacilli;o__Lactobacillales;f__Streptococcaceae;g__Streptococcus	0.9999877594613301
df93b23a5ec058b971ecda3ae2ba5375	d__Bacteria;p__Gemmatimonadota;c__Gemmatimonadia;o__Gemmatimonadales;f__Gemmatimonadaceae;g__Gemmatimonas	0.9999846505974073
b9f6aaab83b5ae0df013920a248df21a	d__Bacteria;p__Bacillota;c__Clostridia;o__Oscillospirales;f__Oscillospiraceae	0.9998624944751465
8b3708b1f2050d2e1c741db9ad4103f9	d__Bacteria;p__Bacteroidota;c__Bacteroidia;o__Bacteroidales;f__Muribaculaceae;g__Incertae_Sedis	0.9999999849431164
029f8337cb6f2ed0423c243c3bc06626	d__Bacteria;p__Patescibacteria;c__Saccharimonadia;o__Saccharimonadales;f__Saccharimonadaceae;g__TM7a	0.9969905495484226
6c3a897d7785e233bd4fcf9373c51f3b	d__Bacteria;p__Bacillota;c__Bacilli;o__RF39;f__Incertae_Sedis;g__Incertae_Sedis	0.999999999987125
9ecd4b5d378cf43476fe4c5e325859d2	d__Bacteria;p__Pseudomonadota;c__Gammaproteobacteria;o__Enterobacterales;f__Shewanellaceae;g__Shewanella	0.9996567136438993
f78ca99c0f8c7ba54acf491bc6b129ed	d__Bacteria;p__Pseudomonadota;c__Gammaproteobacteria;o__B2M28;f__Incertae_Sedis;g__Incertae_Sedis	0.9999993567811963
19d7bd5ec30cd247c764624e0521f096	d__Bacteria;p__Bacillota;c__Bacilli;o__Lactobacillales;f__Lactobacillaceae;g__Ligilactobacillus	0.9999999163148097
24b5c7b624d40ab151b9c134c6d71f9a	d__Bacteria;p__Bacillota;c__Clostridia;o__Lachnospirales;f__Lachnospiraceae	0.9938695482195992
56308ab7b86fbba30f48971cc29a237b	d__Bacteria;p__Bacillota;c__Bacilli;o__Erysipelotrichales;f__Erysipelotrichaceae;g__Incertae_Sedis	0.9969754892907023
bf388f93e98cf40c541dc59bf0652371	d__Bacteria;p__Bacillota;c__Clostridia;o__Oscillospirales;f__Ruminococcaceae;g__Faecalibacterium	0.9999213948708445
c952deca5c3d429700d13379d77e2531	d__Bacteria;p__Bacteroidota;c__Bacteroidia;o__Bacteroidales;f__Muribaculaceae;g__Incertae_Sedis	0.9999702405716949
068d84f56220292fca05dc8b45cf10d6	d__Bacteria;p__Bacillota;c__Clostridia;o__Lachnospirales;f__Lachnospiraceae;g__Lachnospiraceae_UCG-004	0.8659207229780835
391f78e2120060114a0a374685c48468	d__Bacteria;p__Bacteroidota;c__Bacteroidia;o__Bacteroidales;f__Muribaculaceae;g__Incertae_Sedis	0.9999999996434497
21e98800d3f8f06ae826c5e5fb8e328d	d__Bacteria;p__Actinomycetota;c__Actinobacteria;o__Bifidobacteriales;f__Bifidobacteriaceae;g__Bifidobacterium	0.8968447851988506
60fbb231d1ddfe009190e54e21d12bdd	d__Bacteria;p__Bacillota;c__Clostridia;o__Lachnospirales;f__Lachnospiraceae	0.9997682165064578
18be85f16521d61e05ef0575d40d11a0	d__Bacteria;p__Acidobacteriota;c__Vicinamibacteria;o__Vicinamibacterales;f__Incertae_Sedis;g__Incertae_Sedis	0.9998912145866459
77937f9c89f1338c24b577045912f175	d__Bacteria;p__Methylomirabilota;c__Methylomirabilia;o__Rokubacteriales;f__Incertae_Sedis;g__Incertae_Sedis	1.0
f7a821be433423fb2e3645816b5e6999	d__Bacteria;p__Pseudomonadota;c__Alphaproteobacteria;o__Hyphomicrobiales;f__Xanthobacteraceae	0.9999999976564149
26f6493570b63f5957f0f096efc4a7b7	d__Bacteria;p__Pseudomonadota;c__Gammaproteobacteria;o__Burkholderiales;f__Hydrogenophilaceae;g__Thiobacillus	0.9991844544039656
fd41d25aecc537c23a5fa2b0e508dd78	d__Bacteria;p__Pseudomonadota;c__Gammaproteobacteria;o__Pseudomonadales;f__Pseudomonadaceae;g__Pseudomonas	0.9998366387741803
9a37bf1a735c2e613b68ba05f490dacc	d__Bacteria;p__Bacillota;c__Clostridia;o__Lachnospirales;f__Lachnospiraceae;g__Lachnospiraceae_UCG-010	0.9878566394556912
a029c8a052e7a452f1b32a8570711ac4	d__Bacteria;p__Bacillota;c__Bacilli;o__Staphylococcales;f__Staphylococcaceae;g__Staphylococcus	0.9973526686547819
e6e92f737f246c846bdc5fed68d07db2	d__Bacteria;p__Bacillota;c__Bacilli;o__RF39;f__Incertae_Sedis;g__Incertae_Sedis	0.9999999996366
f0c424186b7c093aba0fc005339f517f	d__Bacteria;p__Bacillota;c__Clostridia;o__Lachnospirales;f__Lachnospiraceae	0.9999969700903821
0a405b8004633705bda834f4aba045cd	d__Bacteria;p__Pseudomonadota;c__Gammaproteobacteria;o__Burkholderiales;f__Nitrosomonadaceae;g__MND1	0.9999999999838849
ddee4aa6a410b331e336a2c5cc4d4327	d__Bacteria;p__Bacillota;c__Clostridia;o__Oscillospirales;f__Oscillospiraceae;g__Oscillibacter	0.8946950079203064
e0df89a0c38d3ac989375b324c591061	d__Bacteria;p__Bacteroidota;c__Bacteroidia;o__Bacteroidales;f__Bacteroidaceae;g__Bacteroides	0.9999447785312945
1ddb0dac26011c16de1c7d5bb5237a7f	d__Bacteria;p__Bacillota;c__Clostridia;o__Oscillospirales;f__Oscillospiraceae	0.9976934283683424
1ab1b28501e83a4e19d0942930ce3498	d__Bacteria;p__Bacillota;c__Bacilli;o__Erysipelotrichales;f__Erysipelotrichaceae;g__Dubosiella	0.9999999573948921
d15d63e16745c0e023a836b181c3602a	d__Bacteria;p__Bacillota;c__Clostridia;o__Clostridia_UCG-014;f__Incertae_Sedis;g__Incertae_Sedis	0.9999999998107114
73b2794a0cce08681fdad72476cd1ad6	d__Bacteria;p__Bacteroidota;c__Bacteroidia;o__Bacteroidales;f__Rikenellaceae;g__Alistipes	0.9999999943684088
89770fc018499349367186bccb45d8fe	d__Bacteria;p__Deferribacterota;c__Deferribacteres;o__Deferribacterales;f__Deferribacteraceae;g__Mucispirillum	0.9999734334550242
0ead50740f57488ef11f6f1668eef504	d__Bacteria;p__Bacteroidota;c__Bacteroidia;o__Bacteroidales;f__Muribaculaceae;g__Incertae_Sedis	0.9999977077299445
6c7622af78964b27ccaa785c7615648f	d__Bacteria;p__Bacillota;c__Clostridia;o__Lachnospirales;f__Lachnospiraceae	0.9999984823293668
a68b6310ae0c3998c33af46966471f46	d__Bacteria;p__Bacteroidota;c__Bacteroidia;o__Bacteroidales;f__Prevotellaceae;g__Xylanibacter	0.9999999621484796
da98be97e909d3c3c961b8c95d40f787	d__Bacteria;p__Bacteroidota;c__Bacteroidia;o__Bacteroidales;f__Muribaculaceae;g__Incertae_Sedis	0.9998667948261686
7660f1cc6edde0ad5b9eac79af9f702b	d__Bacteria;p__Bacteroidota;c__Bacteroidia;o__Bacteroidales;f__Muribaculaceae;g__Incertae_Sedis	0.9999998853909128
00ee1905a2c2b550031b1a1430301704	d__Bacteria;p__Chloroflexota;c__Anaerolineae;o__Anaerolineales;f__Anaerolineaceae;g__Incertae_Sedis	0.9982945191338914
28ab6c567c5a8be19b126890f10d7e8b	d__Bacteria;p__Bacillota;c__Bacilli;o__RF39;f__Incertae_Sedis;g__Incertae_Sedis	0.9999999998964313
6bd630248ce4cd52ffcf668a6eb7e14a	d__Bacteria;p__Bacillota;c__Clostridia;o__Lachnospirales;f__Lachnospiraceae;g__Lachnospiraceae_NK4A136_group	0.7948367277936272
9869580e27f4bc2d86e5cc8ced07fd6c	d__Bacteria;p__Actinomycetota;c__Coriobacteriia;o__Coriobacteriales;f__Eggerthellaceae;g__Adlercreutzia	0.7121066357510112
495f0e75c028c926deb1395c9e34b661	d__Bacteria;p__Bacteroidota;c__Bacteroidia;o__Bacteroidales;f__Prevotellaceae;g__Prevotellaceae_UCG-001	0.982546033643555
a3469ec05ffc46fd5b57f67eb9134e79	d__Bacteria;p__Bacillota;c__Bacilli;o__RF39;f__Incertae_Sedis;g__Incertae_Sedis	0.9999999997671978
21f415815e99840d789096f115eda36e	d__Bacteria;p__Bacillota;c__Clostridia;o__Clostridia_vadinBB60_group;f__Incertae_Sedis;g__Incertae_Sedis	0.9999997508142853
5f0e761afe21b4a6cb7821eaec159289	d__Bacteria;p__Actinomycetota;c__Coriobacteriia;o__Coriobacteriales;f__Eggerthellaceae;g__Adlercreutzia	0.9844623698191265
f232a67e9baf6b311623145776b5a3e9	d__Bacteria;p__Bacillota;c__Clostridia;o__Lachnospirales;f__Lachnospiraceae;g__Blautia	0.7332472010495998
f3e1de7f2b3f0f631a8f3a41ec19e84e	d__Bacteria;p__Actinomycetota;c__Actinobacteria;o__Micrococcales;f__Micrococcaceae;g__Pseudarthrobacter	0.882495876528377
f1a01bdcd3c54f15a3a9355b43ac8b82	d__Bacteria;p__Bacillota;c__Bacilli;o__Staphylococcales;f__Staphylococcaceae;g__Staphylococcus	0.9980234617693702
c6fcdb36bf3c4f3f07452c797e9da1b4	d__Bacteria;p__Acidobacteriota;c__Holophagae;o__Subgroup_7;f__Incertae_Sedis;g__Incertae_Sedis	0.9999975542914747
cca2d1da48cc90fada49abed07407540	d__Bacteria;p__Acidobacteriota;c__Thermoanaerobaculia;o__Thermoanaerobaculales;f__Thermoanaerobaculaceae;g__Subgroup_10	0.999956278227361
33bdec27d535cfce0f67be4f81358de5	d__Bacteria;p__Actinomycetota;c__Actinobacteria;o__Micrococcales;f__Micrococcaceae;g__Rothia	0.9999996776189399
71b6de4b78919d80667ce81890c626f8	d__Bacteria;p__Actinomycetota;c__Actinobacteria;o__Frankiales;f__Geodermatophilaceae;g__Blastococcus	0.762664078252071
7bc1efe50676cf85cfbc351801818800	d__Bacteria;p__Bacillota;c__Clostridia;o__Oscillospirales;f__Ruminococcaceae;g__Incertae_Sedis	0.9843123898988546
31ad8283d9f514bc6bc690191235ef5e	d__Bacteria;p__Chloroflexota;c__Anaerolineae;o__Aggregatilineales;f__Aggregatilineaceae;g__Incertae_Sedis	0.9698396655869967
8d8d46338a963e3cdeffb179e217a5f9	d__Bacteria;p__Actinomycetota;c__Coriobacteriia;o__Coriobacteriales;f__Eggerthellaceae;g__Adlercreutzia	0.9960465819423916
0b83add8e5b81581c677ed4f8f612a15	d__Bacteria;p__Bacillota;c__Clostridia;o__Lachnospirales;f__Lachnospiraceae;g__Incertae_Sedis	0.7430685775275699
b62ded2c3557d122ef89ecd1147b142f	d__Bacteria;p__Actinomycetota;c__Coriobacteriia;o__Coriobacteriales;f__Eggerthellaceae;g__Adlercreutzia	0.9989616798079882
b3d4fae1042b172b5ee3f2d886d1bdab	d__Bacteria;p__Actinomycetota;c__Acidimicrobiia;o__Microtrichales;f__Ilumatobacteraceae;g__Desertimonas	0.8551771925249091
3bf14344f9b780859f145a34702892dc	d__Bacteria;p__Bacteroidota;c__Bacteroidia;o__Bacteroidales;f__Muribaculaceae;g__Incertae_Sedis	0.999999999598316
ef1d209650373d28b9c1f01379e73284	d__Bacteria;p__Pseudomonadota;c__Gammaproteobacteria;o__Burkholderiales;f__Sutterellaceae;g__Turicimonas	0.9999975794444559
df5be13e8447eed7550e7cf78139ac1d	d__Bacteria;p__Actinomycetota;c__Coriobacteriia;o__Coriobacteriales;f__Eggerthellaceae	0.9994117461046136
0f027275b6f3f92c5d3c5de117a3d9d8	d__Bacteria;p__Bacillota;c__Clostridia;o__Oscillospirales;f__Oscillospiraceae	0.9999987710443934
9ffcecffe9edaf0334e5d43a7aa2dcbe	d__Bacteria;p__Bacillota;c__Bacilli;o__RF39;f__Incertae_Sedis;g__Incertae_Sedis	0.9999999999988063
804f7c26087ea1b27bf6ee3831a93a67	d__Bacteria;p__Bacteroidota;c__Bacteroidia;o__Bacteroidales;f__Rikenellaceae;g__Alistipes	0.9999999992301412
17d4279b514524341964066b7ed31a5f	d__Bacteria;p__Bacillota;c__Clostridia;o__Oscillospirales;f__Ruminococcaceae;g__Ruminococcus	0.7788513610542682
77da615b8d019c464a9910185fee274b	d__Bacteria;p__Actinomycetota;c__Actinobacteria;o__Micrococcales;f__Micrococcaceae;g__Rothia	0.9999997967067806
08dd3a66fb9990cfdda47d8062dd8f3d	d__Bacteria;p__Pseudomonadota;c__Alphaproteobacteria;o__Sphingomonadales;f__Sphingomonadaceae	0.9999446611269743
b4376d8a16c4167dec8a63a53b917ae2	d__Bacteria;p__Bacillota;c__Clostridia;o__Lachnospirales;f__Lachnospiraceae;g__Incertae_Sedis	0.9990683678417772
68bf625e50ffba43ed09900e050c89a9	d__Bacteria;p__Bacillota;c__Clostridia;o__Clostridia_vadinBB60_group;f__Incertae_Sedis;g__Incertae_Sedis	0.9999789064168443
e50298053b3050ec69ca14050baae556	d__Bacteria;p__Bacillota;c__Bacilli;o__Lactobacillales;f__Lactobacillaceae	0.9975457091808808
0a74c38b31c53d57b3dca5a1bc1a0f39	d__Bacteria;p__Bacillota;c__Clostridia;o__Clostridia_UCG-014;f__Incertae_Sedis;g__Incertae_Sedis	0.9734338870542633
1a9edec636a4c360e858b10d8d99f23d	d__Bacteria;p__Bacillota;c__Clostridia;o__Lachnospirales;f__Lachnospiraceae;g__Lachnospiraceae_UCG-004	0.9996893107658829
fc07b4f5b863756c2a974ecbcc93d663	d__Bacteria;p__Bacillota;c__Clostridia;o__Lachnospirales;f__Lachnospiraceae;g__Butyribacter	0.9945972088177755
1a9d68b1ea12cd4b18dcf640a9a83794	d__Bacteria;p__Bacteroidota;c__Bacteroidia;o__Bacteroidales;f__Muribaculaceae;g__Incertae_Sedis	0.9999999718131396
79ebb85f61d32786cdd9d920e256d036	d__Bacteria;p__Pseudomonadota;c__Alphaproteobacteria;o__Rhodospirillales;f__Incertae_Sedis;g__Incertae_Sedis	0.9999487526825623
901ca923e8c16c4e091e4843c561dc39	d__Bacteria;p__Cyanobacteriota;c__Vampirivibrionia;o__Gastranaerophilales;f__Gastranaerophilaceae;g__CAG-196	0.9983463846096535
e3ea468ee0dab03ad15851c99bb31196	d__Bacteria;p__Verrucomicrobiota;c__Verrucomicrobiia;o__Verrucomicrobiales;f__Akkermansiaceae;g__Akkermansia	0.9999997924473052
fbe36d6eb5ff029ad301b139e9cfd20a	d__Bacteria;p__Bacillota;c__Clostridia;o__Oscillospirales;f__Ruminococcaceae;g__Incertae_Sedis	0.9673424768711387
03916a7275b4b97a74b6166f2fc00d04	d__Bacteria;p__Bacillota;c__Bacilli;o__RF39;f__Incertae_Sedis;g__Incertae_Sedis	0.9999999999985789
51c9470c922aa8c27717807d196e81de	d__Bacteria;p__Bacillota;c__Clostridia;o__Oscillospirales;f__Ruminococcaceae;g__Harryflintia	0.886349670704106
231485d4951b261fa30ffc226a6612c0	d__Bacteria;p__Bacillota;c__Clostridia;o__Lachnospirales;f__Lachnospiraceae;g__Lachnospiraceae_UCG-004	0.9998639707754493
afd2a2b211c8571c2fc2a9fed009cfe8	d__Bacteria;p__Bacillota;c__Clostridia;o__Lachnospirales;f__Lachnospiraceae;g__Incertae_Sedis	0.7040057673804491
8f6136bee3b6a5a0c1a4cc34ddc878fa	d__Bacteria;p__Bacteroidota;c__Bacteroidia;o__Chitinophagales;f__Incertae_Sedis;g__Incertae_Sedis	0.9572256387667685
c74982671d43c5aca04448781eb263ef	d__Bacteria;p__Actinomycetota;c__Actinobacteria;o__Micrococcales;f__Micrococcaceae;g__Pseudarthrobacter	0.7321483533315533
07ce3adcfcda81fb2dd4ce7d68953024	d__Bacteria;p__Bacillota;c__Clostridia;o__Clostridia_vadinBB60_group;f__Incertae_Sedis;g__Incertae_Sedis	0.9999998290243899
1f21c58f4fc297da97e73038e625fb61	d__Bacteria;p__Fusobacteriota;c__Fusobacteriia;o__Fusobacteriales;f__Fusobacteriaceae;g__Cetobacterium	0.9999914844374787
3d067ba97b8b941e8c865d811bae03fe	d__Bacteria;p__Pseudomonadota;c__Gammaproteobacteria;o__Burkholderiales;f__Sutterellaceae;g__Turicimonas	0.999999999057934
60e90652a2832cb2811a3605ff8fa5c2	d__Bacteria;p__Bacillota;c__Bacilli;o__Lactobacillales;f__Lactobacillaceae;g__Ligilactobacillus	0.9999999906116557
79c4ce233b0021bca32825ab92ab3f5a	d__Bacteria;p__Bacteroidota;c__Bacteroidia;o__Bacteroidales;f__Muribaculaceae;g__Incertae_Sedis	0.8757432173031505
5730767d52609a76f4fe770bf14c0917	d__Bacteria;p__Bacteroidota;c__Bacteroidia;o__Bacteroidales;f__Prevotellaceae;g__Prevotellaceae_Ga6A1_group	0.999728954992193
c90c86db702701202527a6b3ac7bea90	d__Bacteria;p__Bacillota;c__Clostridia;o__Clostridia_UCG-014;f__Incertae_Sedis;g__Incertae_Sedis	0.9999999999957936
ebfe7033d81b7d89d3d5b8c5b38eef3b	d__Bacteria;p__Bacteroidota;c__Bacteroidia;o__Bacteroidales;f__Muribaculaceae;g__Incertae_Sedis	0.9999912843977751
228a9f208edcc952cdbbc70dc2aa98af	d__Bacteria;p__Bacillota;c__Bacilli;o__RF39;f__Incertae_Sedis;g__Incertae_Sedis	0.9999999999565716
ceda81c2d3ec4462e87c76f5f7485018	d__Bacteria;p__Campylobacterota;c__Campylobacteria;o__Campylobacterales;f__Helicobacteraceae;g__Helicobacter	0.9284894691868212
4b433a65932a65ed3dd89d25c93f8cfb	d__Bacteria;p__Pseudomonadota;c__Gammaproteobacteria;o__Steroidobacterales;f__Steroidobacteraceae	0.9999513346138388
c3f14636ca1bbc144ba586aa2e5ac1a4	d__Bacteria;p__Pseudomonadota;c__Gammaproteobacteria;o__Enterobacterales;f__Enterobacteriaceae	0.7877899995701867
862a6faa2a29569a0367668ef912b083	d__Bacteria;p__Acidobacteriota;c__Holophagae;o__Subgroup_7;f__Incertae_Sedis;g__Incertae_Sedis	0.99999878502308
4134d27193ecf64dd01ed3018be20caa	d__Bacteria;p__Pseudomonadota;c__Gammaproteobacteria;o__Enterobacterales;f__Enterobacteriaceae;g__Escherichia-Shigella	0.7290708444171422
aa65d9e18c0a19b40fffabdc427578ee	d__Bacteria;p__Bacillota;c__Clostridia;o__Lachnospirales;f__Lachnospiraceae;g__Lachnospiraceae_UCG-008	0.8379353615051801
d397196bfa47bdec1c110d0f613699bb	d__Bacteria;p__Actinomycetota;c__Actinobacteria;o__Micrococcales;f__Micrococcaceae;g__Rothia	0.9751809918028465
23ac12f68033f1811ba9775ace25679e	d__Bacteria;p__Bacillota;c__Negativicutes;o__Veillonellales-Selenomonadales;f__Selenomonadaceae;g__Anaerovibrio	0.9966557584289805
6380e298ac958877e4362f52baeffe87	d__Bacteria;p__Bacteroidota;c__Bacteroidia;o__Bacteroidales;f__Muribaculaceae;g__Incertae_Sedis	0.9999995711584755
ea710ef3b86c677ae93ee4ad6a552518	d__Bacteria;p__Bacteroidota;c__Bacteroidia;o__Chitinophagales;f__Chitinophagaceae;g__Incertae_Sedis	0.969514968411776
b3198d0c24e9262c7e072b95e45b53e2	d__Bacteria;p__Bacillota;c__Bacilli;o__Erysipelotrichales;f__Erysipelotrichaceae;g__Incertae_Sedis	0.9999952834900326
87f30205dd3f3fc985e34975d9ef29af	d__Bacteria;p__Bacteroidota;c__Bacteroidia;o__Bacteroidales;f__Muribaculaceae;g__Incertae_Sedis	0.9928681826600574
037c4f50c9a2135d0192ed0c0a101539	d__Bacteria;p__NB1-j;c__Incertae_Sedis;o__Incertae_Sedis;f__Incertae_Sedis;g__Incertae_Sedis	0.9999999558132241
a3a05f44ad1376a7d676b0ecb3535f93	d__Bacteria;p__Pseudomonadota;c__Gammaproteobacteria;o__Burkholderiales;f__Burkholderiaceae;g__Cupriavidus	0.9999983536376841
ef41db4d46bc8e08e17f0258a7f87d27	d__Bacteria;p__Pseudomonadota;c__Gammaproteobacteria;o__Burkholderiales;f__Nitrosomonadaceae;g__Ellin6067	0.9999999991488835
50ba153b4860244c7f54f4280bd51794	d__Bacteria;p__Pseudomonadota;c__Alphaproteobacteria;o__Acetobacterales;f__Acetobacteraceae;g__Commensalibacter	0.9999999581230279
920106e68034d588ef89b1dbf74f5810	d__Bacteria;p__Bacillota;c__Limnochordia;o__Limnochordales;f__Limnochordaceae;g__Incertae_Sedis	0.9999999870181001
e283310d840c886bd6a98c735beb9fc7	d__Bacteria;p__Pseudomonadota;c__Alphaproteobacteria;o__Hyphomicrobiales;f__Rhizobiaceae;g__Incertae_Sedis	0.9599810584176903
db5f33155215df101ae4a1c98f88c4ab	d__Bacteria;p__Thermodesulfobacteriota;c__Desulfovibrionia;o__Desulfovibrionales;f__Desulfovibrionaceae;g__Bilophila	0.9999627972512136
830f2e89a464fa2fb343117ebc269c83	d__Bacteria;p__Actinomycetota;c__Actinobacteria;o__Micrococcales;f__Intrasporangiaceae;g__Ornithinimicrobium	0.9995191530626689
0300face10b48fcf7d34f22254502300	d__Bacteria;p__Patescibacteria;c__Saccharimonadia;o__Saccharimonadales;f__Incertae_Sedis;g__Incertae_Sedis	0.9992901403907585
d90ba5184bfb3047bac7a46f1ca749a7	d__Bacteria;p__Patescibacteria;c__Saccharimonadia;o__Saccharimonadales;f__Incertae_Sedis;g__Incertae_Sedis	0.8474353521823845
a95a97de73670c40f5e689bcda83c621	d__Bacteria;p__Pseudomonadota;c__Gammaproteobacteria;o__Enterobacterales;f__Pasteurellaceae;g__Rodentibacter	0.9988126406390542
2b1825586f7c64c358257b758c45d773	d__Bacteria;p__Pseudomonadota;c__Alphaproteobacteria;o__Rhodobacterales;f__Paracoccaceae;g__Rubellimicrobium	0.999995716069971
610e87f98a2121793a8c2d6f4fcd529b	d__Bacteria;p__Pseudomonadota;c__Alphaproteobacteria;o__Hyphomicrobiales;f__Xanthobacteraceae;g__Afipia	0.9132334504259263
854e4b0ea22bc7d6ae621fbf17adc0ea	d__Bacteria;p__Bacillota;c__Clostridia;o__Lachnospirales;f__Lachnospiraceae;g__Lachnospiraceae_NK4A136_group	0.9530238599427763
887a09354d908590ad7bb6d121043e8a	d__Bacteria;p__Bacillota;c__Negativicutes;o__Veillonellales-Selenomonadales;f__Veillonellaceae;g__Veillonella	0.9999999999703277
d3435abbb73d2d33ee947308e885da40	d__Bacteria;p__Bacteroidota;c__Bacteroidia;o__Bacteroidales;f__F082;g__Incertae_Sedis	0.8399321069036858
d70c3aa3a89ab5e5de82dbbec80fb87c	d__Bacteria;p__Bacteroidota;c__Bacteroidia;o__Bacteroidales;f__Bacteroidaceae;g__Bacteroides	0.9999960044029267
65fde662d74b1664adb0a8d4326bed50	d__Bacteria;p__Bacillota;c__Clostridia;o__Oscillospirales;f__Oscillospiraceae	0.935354448542055
595f0c2b302bc5189582dfb36fc3bb4b	d__Bacteria;p__Pseudomonadota;c__Alphaproteobacteria;o__Rhodobacterales;f__Paracoccaceae;g__Paracoccus	0.9384934341196662
15aea4c398e5468eca982469aa151199	d__Bacteria;p__Acidobacteriota;c__Subgroup_22;o__Incertae_Sedis;f__Incertae_Sedis;g__Incertae_Sedis	0.999988819415169
60aa677b79ab76856e9ad5c35f8784d7	d__Bacteria;p__Calditrichota;c__Calditrichia;o__Calditrichales;f__Calditrichaceae;g__Calorithrix	0.999999999691795
7cbe09e83e4eb4cb348f5bbb45bc9a7d	d__Bacteria;p__Bacillota;c__Clostridia;o__Oscillospirales;f__Ruminococcaceae;g__Harryflintia	0.9998368998240998
f6ff9b7ea58c551d5f30f64d8a1ad89f	d__Bacteria;p__Bacteroidota;c__Bacteroidia;o__Bacteroidales;f__Marinifilaceae;g__Odoribacter	0.9994205335819857
34e290eda22eabfc21f3b2f878297067	d__Bacteria;p__Bacteroidota;c__Bacteroidia;o__Bacteroidales;f__p-251-o5;g__Incertae_Sedis	0.9995735238384365
32943a7a1396d2c05095530fca63de4a	d__Bacteria;p__Cyanobacteriota;c__Cyanobacteriia;o__Cyanobacteriales;f__Chroococcidiopsaceae;g__Aliterella	0.9999953698311302
e22389d3c1514d5ae532c3366c2b7c25	d__Bacteria;p__Bacillota;c__Clostridia;o__Clostridia_UCG-014;f__Incertae_Sedis;g__Incertae_Sedis	0.9999999999883755
1503218adcb9feef7fdc65a7e4912981	d__Bacteria;p__Bacillota;c__Clostridia;o__Peptostreptococcales-Tissierellales;f__Anaerovoracaceae;g__[Eubacterium]_brachy_group	0.9862354991722282
ca50c2d0cdbe276f13e35afc363cdd53	d__Bacteria;p__Patescibacteria;c__Saccharimonadia;o__Saccharimonadales;f__Saccharimonadaceae;g__Candidatus_Saccharimonas	0.9939554678850127
aff51884fb90e3301533f0b54dbd91a6	d__Bacteria;p__Campylobacterota;c__Campylobacteria;o__Campylobacterales;f__Helicobacteraceae;g__Helicobacter	0.9997992077088809
8caee870ee6def1e6bb414acdac550a3	d__Bacteria;p__Thermodesulfobacteriota;c__Desulfovibrionia;o__Desulfovibrionales;f__Desulfovibrionaceae;g__Incertae_Sedis	0.9997918761685183
566678c5ec8f8d6cbc62ebe7a78eb915	d__Bacteria;p__Bacillota;c__Clostridia;o__Lachnospirales;f__Lachnospiraceae;g__Lachnospiraceae_NK4A136_group	0.877500988674719
3c8ab53fd89a3b00ec45a36252048f39	d__Bacteria;p__Actinomycetota;c__Coriobacteriia;o__Coriobacteriales;f__Eggerthellaceae;g__Adlercreutzia	0.9999742472942436
0b66819544ea4e2af28de4a2981975b8	d__Bacteria;p__Latescibacterota;c__Incertae_Sedis;o__Incertae_Sedis;f__Incertae_Sedis;g__Incertae_Sedis	0.999946435264035
c08f4d969133bc652d733c941e7f3ecf	d__Bacteria;p__Fusobacteriota;c__Fusobacteriia;o__Fusobacteriales;f__Fusobacteriaceae;g__Fusobacterium	0.9999598473117589
7c51634e55659739dbc3eed26f90886f	d__Bacteria;p__Acidobacteriota;c__Vicinamibacteria;o__Vicinamibacterales;f__Incertae_Sedis;g__Incertae_Sedis	0.9999961155609596
62a49342af5dfc1888c26662c95a41b4	d__Bacteria;p__Acidobacteriota;c__Vicinamibacteria;o__Vicinamibacterales;f__Incertae_Sedis;g__Incertae_Sedis	0.9999998839417753
9b740e8e047c98bb45cd4dc582c1a7f9	d__Bacteria;p__Pseudomonadota;c__Gammaproteobacteria;o__Pseudomonadales;f__Moraxellaceae;g__Enhydrobacter	0.9999999979428651
e222011dfa822fc0e2a9e987138f3d79	d__Bacteria;p__Acidobacteriota;c__Vicinamibacteria;o__Vicinamibacterales;f__Incertae_Sedis;g__Incertae_Sedis	0.9999999989234425
13c8aa809a58971eb87465ea9160f128	d__Bacteria;p__Acidobacteriota;c__Vicinamibacteria;o__Vicinamibacterales;f__Vicinamibacteraceae;g__Incertae_Sedis	0.9999999712997298
9c45d20727f799d4c3c9409e306529b2	d__Bacteria;p__Bacillota;c__Bacilli;o__Erysipelotrichales;f__Erysipelotrichaceae;g__Incertae_Sedis	0.9998791464671434
f457d7deafc83be4c391ab5118df3612	d__Bacteria;p__Pseudomonadota;c__Gammaproteobacteria;o__Burkholderiales;f__Burkholderiaceae;g__Burkholderia-Caballeronia-Paraburkholderia	0.9998456563314625
dbb4e402639475f7ec48e5922cc9e62c	d__Bacteria;p__Gemmatimonadota;c__Longimicrobiia;o__Longimicrobiales;f__Longimicrobiaceae;g__Incertae_Sedis	0.9999973645249495
8f657d748c67284c614ea746e811d992	d__Bacteria;p__Patescibacteria;c__Saccharimonadia;o__Saccharimonadales;f__Incertae_Sedis;g__Incertae_Sedis	0.9959076909654098
d60183b1e8d99ae8ba49c0d4e46ce5c9	d__Bacteria;p__Bacteroidota;c__Bacteroidia;o__Bacteroidales;f__Bacteroidaceae;g__Bacteroides	0.9991988648591852
b65edd5d001d3668dc59db6f69c1be1f	d__Bacteria;p__Pseudomonadota;c__Gammaproteobacteria;o__Burkholderiales;f__Nitrosomonadaceae;g__MND1	0.9999999996242082
ed5e590ea15c3f681696271ae1381bc0	d__Bacteria;p__Bacillota;c__Bacilli;o__Erysipelotrichales;f__Erysipelotrichaceae;g__Amedibacillus	0.7466394910902523
d2784c2e07105588625e396d25c59575	d__Bacteria;p__Synergistota;c__Synergistia;o__Synergistales;f__Synergistaceae;g__Incertae_Sedis	0.9999984646052403
196542caebc68289424bf2744982aa9d	d__Bacteria;p__Pseudomonadota;c__Gammaproteobacteria;o__Burkholderiales;f__Oxalobacteraceae	0.933340615401823
26c7d815d980b33ffbe22d360b2f12d5	d__Bacteria;p__Latescibacterota;c__Incertae_Sedis;o__Incertae_Sedis;f__Incertae_Sedis;g__Incertae_Sedis	0.9999962705747317
ac3ac6cee1f88e989d54054a99066776	d__Bacteria;p__Planctomycetota;c__OM190;o__Incertae_Sedis;f__Incertae_Sedis;g__Incertae_Sedis	0.9249851844840611
a1f36b764b47dffb37dd8b058e0276b7	d__Bacteria;p__Bacteroidota;c__Bacteroidia;o__Bacteroidales;f__Prevotellaceae;g__Xylanibacter	0.93040330581178
b50ac3beb1dc058b6d549930b0f695f2	d__Bacteria;p__Bacteroidota;c__Bacteroidia;o__Bacteroidales;f__Prevotellaceae;g__Prevotellaceae_UCG-001	0.9841475634432141
88cf429b71aab3793923a4c658fca41f	d__Bacteria;p__Bacillota;c__Clostridia;o__Oscillospirales;f__Ruminococcaceae;g__Incertae_Sedis	0.8104447115709562
2cc5a0f442a0a1c2b7c043ac675d011d	d__Bacteria;p__Bacteroidota;c__Bacteroidia;o__Bacteroidales;f__Bacteroidaceae;g__Bacteroides	0.9999748949055327
3a511f1ed2df7fb786ee159c1969b91d	d__Bacteria;p__Bacteroidota;c__Bacteroidia;o__Bacteroidales;f__Prevotellaceae;g__Prevotellaceae_UCG-001	0.968261792788765
7063bec3939c56861be61526a4365cce	d__Bacteria;p__Thermodesulfobacteriota;c__Desulfovibrionia;o__Desulfovibrionales;f__Desulfovibrionaceae;g__Incertae_Sedis	0.9998930883421572
fe294e5c7f8cb39daa29ac122f61f6d9	d__Archaea;p__Halobacteriota;c__Halobacteria;o__Halobacterales;f__Haloferacaceae;g__Incertae_Sedis	0.9999998782799725
d7e854daf91450941c1febd68923b2bc	d__Bacteria;p__Gemmatimonadota;c__Gemmatimonadia;o__Gemmatimonadales;f__Gemmatimonadaceae;g__Incertae_Sedis	0.9999724480823493
cd564be4b579d870093583812b99da4e	d__Bacteria;p__Verrucomicrobiota;c__Verrucomicrobiia;o__Verrucomicrobiales;f__Akkermansiaceae;g__Akkermansia	1.0
c121727686515ec0ddade6387a94dd61	d__Bacteria;p__Bacillota;c__Clostridia;o__Oscillospirales;f__Ruminococcaceae;g__Incertae_Sedis	0.9224707596500985
8f8e7b229f52f8d8add34c1a5a95b00d	d__Bacteria;p__Bacillota;c__Clostridia;o__Clostridiales;f__Clostridiaceae;g__Candidatus_Arthromitus	0.849856696038922
c05d0dd99a368c9eea5a239276c82eed	d__Bacteria;p__Bacillota;c__Bacilli;o__RF39;f__Incertae_Sedis;g__Incertae_Sedis	0.9999999998617284
7112ca146003567a9b28e4ee0169e66b	d__Bacteria;p__Bacillota;c__Clostridia;o__Lachnospirales;f__Lachnospiraceae;g__Lachnospiraceae_NK4A136_group	0.7340076598622031
8071c12a68812e78b6faa0ffe3ca0703	d__Bacteria;p__Bacillota;c__Clostridia;o__Lachnospirales;f__Lachnospiraceae;g__Lachnospiraceae_NK4A136_group	0.9532582775342275
517ea5c5c6faf8c0e193ed76e2d2a7e0	d__Bacteria;p__Bacillota;c__Clostridia;o__Clostridia_UCG-014;f__Incertae_Sedis;g__Incertae_Sedis	0.7083260816050281
cef5fab234cfbb7c4451b5bcd22d7405	d__Bacteria;p__Bacteroidota;c__Bacteroidia;o__Bacteroidales;f__Bacteroidaceae;g__Bacteroides	0.9999998685155249
13f51a5561267f11b4d1eb0e8ec5bba9	d__Bacteria;p__Bacteroidota;c__Bacteroidia;o__Bacteroidales;f__Prevotellaceae;g__Prevotellaceae_UCG-003	0.9989235664072629
6b912e612c8d97b27b268974ec8ba806	d__Bacteria;p__Bacillota;c__Bacilli;o__Erysipelotrichales;f__Erysipelotrichaceae;g__Incertae_Sedis	0.9993279397237074
6b480b8d21c750d7630700a478802f03	d__Bacteria;p__Bacillota;c__Clostridia;o__Lachnospirales;f__Lachnospiraceae;g__[Eubacterium]_oxidoreducens_group	0.9356417819784267
684d14c9b2b5d126fb5df789b7ff3b12	d__Bacteria;p__Bacillota;c__Bacilli;o__RF39;f__Incertae_Sedis;g__Incertae_Sedis	0.9999999999982947
98ca659ade35896778b0c9ad91b0f942	d__Bacteria;p__Bacillota;c__Clostridia;o__Lachnospirales;f__Lachnospiraceae;g__Lachnospiraceae_NK4A136_group	0.8444621729992898
4de1259286795eb99df7c5f8cd02c36a	d__Bacteria;p__Bacteroidota;c__Bacteroidia;o__Bacteroidales;f__Muribaculaceae;g__Incertae_Sedis	0.9999995801946995
e181cc923c735655ad34eaf4c9373c51	d__Bacteria;p__Bacteroidota;c__Bacteroidia;o__Bacteroidales;f__Muribaculaceae;g__Incertae_Sedis	0.9999986150409297
181da9031cf42f8666669976f0bbebb7	d__Bacteria;p__Bacteroidota;c__Bacteroidia;o__Bacteroidales;f__Prevotellaceae	0.999877086815839
51cda9d756fe32edc00fd8fbc2f58064	d__Bacteria;p__Bacillota;c__Bacilli;o__Erysipelotrichales;f__Erysipelotrichaceae;g__Incertae_Sedis	0.8019143775583939
abf7fef1860cd2ea7bb0a38c638ec906	d__Bacteria;p__Bacillota;c__Clostridia;o__Clostridia_vadinBB60_group;f__Incertae_Sedis;g__Incertae_Sedis	0.9888503601916806
b86299b41e1b0ac716a71ff965085b15	d__Bacteria;p__Bacillota;c__Bacilli;o__Mycoplasmatales;f__Mycoplasmataceae;g__Mycoplasma	0.9992983335810954
bfa4dfa00215844999c4b027885282ae	d__Bacteria;p__Bacillota;c__Clostridia;o__Clostridia_UCG-014;f__Incertae_Sedis;g__Incertae_Sedis	0.9999999999961915
ab8837ad5431e50672e1edb6ece9bfc9	d__Bacteria;p__Bacteroidota;c__Bacteroidia;o__Bacteroidales;f__Muribaculaceae;g__Incertae_Sedis	0.9999999820121844
5595c093d0a512cbc31aba61773dc03e	d__Bacteria;p__Pseudomonadota;c__Gammaproteobacteria;o__Burkholderiales;f__Sutterellaceae;g__Turicimonas	0.998916723664211
8c30412c7ed4b1b8c754889cf1d55e9c	d__Bacteria;p__Bacillota;c__Bacilli;o__Erysipelotrichales;f__Erysipelatoclostridiaceae;g__Thomasclavelia	0.9999373918674436
37d8badf87a0ba7e08a1a020822fb97c	d__Bacteria;p__Pseudomonadota;c__Alphaproteobacteria;o__Rhodospirillales;f__Incertae_Sedis;g__Incertae_Sedis	0.9999996919742008
c2dcd29c5a5b1c9b6bac6394a564bb37	d__Bacteria;p__Bacillota;c__Clostridia;o__Clostridia_UCG-014;f__Incertae_Sedis;g__Incertae_Sedis	0.9999891328279651
9b0f2d5e00738ab3c3c5acd179aef608	d__Bacteria;p__Chloroflexota;c__Gitt-GS-136;o__Incertae_Sedis;f__Incertae_Sedis;g__Incertae_Sedis	0.9999999999995737
5e56e5e148957a8f2f0d5366fc65af81	d__Bacteria;p__Bacillota;c__Clostridia;o__Oscillospirales;f__Ruminococcaceae;g__Incertae_Sedis	0.9962268559496941
5d0222342503075a18c8f4fde0413af4	d__Bacteria;p__Chloroflexota;c__AD3;o__Incertae_Sedis;f__Incertae_Sedis;g__Incertae_Sedis	0.9999999997953637
dd4b4f5190a2462a53755d4d8036458e	d__Bacteria;p__Acidobacteriota;c__Vicinamibacteria;o__Vicinamibacterales;f__Incertae_Sedis;g__Incertae_Sedis	0.9999985931578073
4fb6b859ae9ae4bef75e608dfc110def	d__Eukaryota;p__Cnidaria;c__Myxozoa;o__Bivalvulida;f__Bivalvulida;g__Bivalvulida	0.9732706913379209
1d9bedf587acd933fbd17a2f3309de5a	d__Bacteria;p__Bacillota;c__Clostridia;o__Clostridia_UCG-014;f__Incertae_Sedis;g__Incertae_Sedis	0.9999999999440945
d35633102604a7822aacca4fbe167842	d__Bacteria;p__Bacteroidota;c__Bacteroidia;o__Bacteroidales;f__Tannerellaceae;g__Parabacteroides	0.9997345222707578
36f55b24cb818785870d728db0b257d9	d__Bacteria;p__Bacteroidota;c__Bacteroidia;o__Bacteroidales;f__Bacteroidaceae;g__Bacteroides	0.9999961222747951
0bf20f84ee845981a361ce1c6a59fedf	d__Bacteria;p__Bacillota;c__Clostridia;o__Oscillospirales;f__Ruminococcaceae;g__Incertae_Sedis	0.9957460721376971
eaea9b105a91b2609d41a15c2f7c3c0e	d__Bacteria;p__Bacillota;c__Bacilli;o__Erysipelotrichales;f__Erysipelotrichaceae;g__Incertae_Sedis	0.9997527231959101
bfb9011f1dc7fc3628450cfb5752237b	d__Bacteria;p__Bacillota;c__Clostridia;o__Lachnospirales;f__Lachnospiraceae;g__Lachnospiraceae_UCG-004	0.9669502083357011
09667dae78b70f56ae6ae185186bfca8	d__Bacteria;p__Acidobacteriota;c__Acidobacteriae;o__Subgroup_2;f__Incertae_Sedis;g__Incertae_Sedis	0.9999999999996305
75454cd43fcd22ab8d81e0ef6f5ce6d5	d__Bacteria;p__Bacteroidota;c__Bacteroidia;o__Bacteroidales;f__Muribaculaceae;g__Incertae_Sedis	0.954521152413351
336cd86fb1cacc14c9367cba112ef1a9	d__Bacteria;p__Bacillota;c__Bacilli;o__Lactobacillales;f__Lactobacillaceae;g__HT002	0.7237085317613429
66f3f66f63108f07dd9d1bb6e862c350	d__Bacteria;p__Bacteroidota;c__Bacteroidia;o__Bacteroidales;f__Muribaculaceae;g__Incertae_Sedis	0.9999902639746261
6ba36195152303e848686237abd8d0b1	d__Bacteria;p__Bacillota;c__Clostridia;o__Lachnospirales;f__Lachnospiraceae;g__A2	0.9999881490365613
a0e986cc12e86702fc5ed3cd4922cb2d	d__Bacteria;p__Bacillota;c__Clostridia;o__Clostridia_UCG-014;f__Incertae_Sedis;g__Incertae_Sedis	0.99999945859705
6c1206219da2fcf3b0b43b86d3f0db9a	d__Bacteria;p__Actinomycetota;c__Coriobacteriia;o__Coriobacteriales;f__Eggerthellaceae;g__Adlercreutzia	0.9953269085924243
2d3d763f33d32dfa6986ac8716b68d13	d__Bacteria;p__Bacteroidota;c__Bacteroidia;o__Bacteroidales;f__Muribaculaceae;g__Incertae_Sedis	0.9999609742338231
1bc195704d301c8a21255edce19b5770	d__Bacteria;p__Bacillota;c__Clostridia;o__Lachnospirales;f__Lachnospiraceae	0.9992247567604436
f6e4c040c3cc870917bff64778952152	d__Bacteria;p__Patescibacteria;c__Saccharimonadia;o__Saccharimonadales;f__Saccharimonadaceae;g__Candidatus_Saccharimonas	0.9988753857371482
666ece9f412288242f02aeaba95b39cd	d__Bacteria;p__Bacillota;c__Clostridia;o__Lachnospirales;f__Lachnospiraceae	0.9986577157992429
16c5c14f56348554879b48c4862518ba	d__Bacteria;p__Bacillota;c__Clostridia;o__Oscillospirales;f__UCG-011;g__Incertae_Sedis	0.897020661831291
cd2e17ce4509ea01c2f89d6f60a5f439	d__Bacteria;p__Bacillota;c__Clostridia	0.9999844889835781
92a95dcca6e2751d8429fd6318afcc98	d__Bacteria;p__Bacteroidota;c__Bacteroidia;o__Bacteroidales;f__Muribaculaceae;g__Incertae_Sedis	0.9999828708507648
080003c9cbb4b374fe841225d0e6afe8	d__Bacteria;p__Bacillota;c__Clostridia;o__Eubacteriales;f__Anaerofustaceae;g__Anaerofustis	0.9999999994468567
095c123f90db657e9fa043c9a5e1327c	d__Bacteria;p__Bacillota;c__Clostridia;o__Lachnospirales;f__Lachnospiraceae;g__Incertae_Sedis	0.8156125483954352
f0330f72e8f6b041e0b0162d0e8c4481	d__Bacteria;p__Bacillota;c__Bacilli;o__RF39;f__Incertae_Sedis;g__Incertae_Sedis	0.99999999999892
a22237bc980d0cfeb8268e53b342135a	d__Bacteria;p__Bacteroidota;c__Bacteroidia;o__Bacteroidales;f__Muribaculaceae;g__Incertae_Sedis	0.9999999977323171
5fd77f8d3c7ab21eeb626763ca267b49	d__Bacteria;p__Bacillota;c__Clostridia;o__Oscillospirales;f__Ruminococcaceae	0.8650416071207517
4b877decfa67b5795c649a01c5b23a8e	d__Bacteria;p__Pseudomonadota;c__Gammaproteobacteria;o__Enterobacterales;f__Morganellaceae;g__Buchnera	0.9999999459279835
8a74de798f995a57ae27ec1b7737457b	d__Bacteria;p__Bacillota;c__Bacilli;o__Lactobacillales;f__Streptococcaceae;g__Streptococcus	0.9993633144330161
2805763840257058031c639d9d16a428	d__Bacteria;p__Bacillota;c__Clostridia;o__Lachnospirales;f__Lachnospiraceae;g__Lachnospiraceae_NC2004_group	0.870253646824995
364c927c3a2571c8cec1a97aea43cbb9	d__Bacteria;p__Pseudomonadota;c__Gammaproteobacteria;o__Enterobacterales;f__Enterobacteriaceae;g__Escherichia-Shigella	0.8237977995294073
c13099ee8aaddb2e776f25a4f1fa4a33	d__Bacteria;p__Bacteroidota;c__Bacteroidia;o__Bacteroidales;f__Rikenellaceae;g__Rikenellaceae_RC9_gut_group	0.9999997619490556
4f2b4a62b780f8d4825bb4bb8fd1af19	d__Bacteria;p__Bacteroidota;c__Bacteroidia;o__Bacteroidales;f__Muribaculaceae;g__Incertae_Sedis	0.9999998829530978
35ecb52fc7fddc565a1bc5103e9ad6ba	d__Bacteria;p__Bacillota;c__Clostridia;o__Clostridia_vadinBB60_group;f__Incertae_Sedis;g__Incertae_Sedis	0.9999990894668425
30321abced0adfcdb28ac5160431ed67	d__Bacteria;p__Bacteroidota;c__Bacteroidia;o__Bacteroidales;f__Muribaculaceae;g__Incertae_Sedis	0.9999999994541326
317299f32c5e0d6dd7681d229dc6be71	d__Bacteria;p__Bacillota;c__Bacilli;o__RF39;f__Incertae_Sedis;g__Incertae_Sedis	0.9999999999045315
5563157d62357ad906874d6d62ce19c8	d__Bacteria;p__Bacteroidota;c__Bacteroidia;o__Bacteroidales;f__Prevotellaceae;g__Incertae_Sedis	0.997348488668037
e1ae4bc4f2f0c0449fd34b27c81afcdf	d__Bacteria;p__Bacteroidota;c__Bacteroidia;o__Bacteroidales;f__Muribaculaceae;g__Incertae_Sedis	0.9999999993351594
e3abe1b00bca6fc2f1e62ccf90afc02c	d__Bacteria;p__Bacteroidota;c__Bacteroidia;o__Bacteroidales;f__Muribaculaceae;g__Incertae_Sedis	0.9999999990615152
5bdce3fdabc783136e7240d12e6bc915	d__Bacteria;p__Actinomycetota;c__Coriobacteriia;o__Coriobacteriales;f__Eggerthellaceae;g__Adlercreutzia	0.9999151350721456
0cf7d127295560564b8e8a780742d063	d__Bacteria;p__Bacteroidota;c__Bacteroidia;o__Bacteroidales;f__Muribaculaceae;g__Muribaculum	0.7494376007340353
b512796d6f8b129cc9cf5199e242e262	d__Bacteria;p__Bacteroidota;c__Bacteroidia;o__Bacteroidales;f__Prevotellaceae;g__Incertae_Sedis	0.9994217796203994
1c3edc4fd5e2a8fb94822be48549126a	d__Bacteria;p__Bacillota;c__Bacilli;o__Lactobacillales;f__Lactobacillaceae;g__Lactobacillus	0.9449367317824257
1e7b95a4fa0037fe348ed194ec98899c	d__Bacteria;p__Bacteroidota;c__Bacteroidia;o__Bacteroidales;f__Prevotellaceae;g__Incertae_Sedis	0.9998769601541682
cfa091478cda84c8e4c17462d33aaefa	d__Bacteria;p__Bacteroidota;c__Bacteroidia;o__Bacteroidales;f__Prevotellaceae;g__Incertae_Sedis	0.9994075043900021
56843823ba55d841a3f6bf07051be86f	d__Bacteria;p__Bacillota;c__Clostridia;o__Lachnospirales;f__Lachnospiraceae	0.9841985035570222
2e611e92e26e564e536c5a6ceb64112a	d__Bacteria;p__Bacteroidota;c__Bacteroidia;o__Bacteroidales;f__Muribaculaceae;g__Incertae_Sedis	0.9998882627299859
c15f12fa79ffc1f60070e6168549fa40	d__Bacteria;p__Bacillota;c__Clostridia;o__Lachnospirales;f__Lachnospiraceae;g__ASF356	0.9022205057068621
1d40f536fae447512dccd236c422fe95	d__Bacteria;p__Bacteroidota;c__Bacteroidia;o__Bacteroidales;f__Muribaculaceae;g__Incertae_Sedis	0.9999999935638471
5e4ecdb068a631969b642225c162f917	d__Bacteria;p__Bacillota;c__Clostridia;o__Lachnospirales;f__Lachnospiraceae	0.966088433220861
2fa6b3b95d07f8d275874d41f9bd3bff	d__Bacteria;p__Pseudomonadota;c__Gammaproteobacteria;o__Burkholderiales;f__Nitrosomonadaceae;g__Ellin6067	0.9999999787143852
0a2075a426d2f75956e768f4fbbbd06c	d__Bacteria;p__Bacteroidota;c__Bacteroidia;o__Bacteroidales;f__Rikenellaceae;g__Alistipes	0.9999999992786286
c96787c80efa463a2ce1a1da08cfda61	d__Bacteria;p__Cyanobacteriota;c__Vampirivibrionia;o__Gastranaerophilales;f__Gastranaerophilaceae;g__Zag_111	0.9034775441605138
81729286d4c1f51ed5fb61727704645a	d__Bacteria;p__Bacteroidota;c__Bacteroidia;o__Bacteroidales;f__Muribaculaceae;g__Incertae_Sedis	0.9999027001804142
6c1989249689c31d1ef783de0e0412f0	d__Bacteria;p__Actinomycetota;c__Coriobacteriia;o__Coriobacteriales;f__Eggerthellaceae;g__Asaccharobacter	0.9738688923823022
a1e082b43a6f9c94614b70a763b06b36	d__Bacteria;p__Pseudomonadota;c__Alphaproteobacteria;o__Micropepsales;f__Micropepsaceae;g__Incertae_Sedis	0.8676138476102718
ab2085edfbb235e858481e4b969e0cea	d__Bacteria;p__Acidobacteriota;c__Holophagae;o__Subgroup_7;f__Incertae_Sedis;g__Incertae_Sedis	0.7921745294964472
ea0d6d701b623db5de7b4d47fc5dbb7b	d__Bacteria;p__Pseudomonadota;c__Gammaproteobacteria;o__Lysobacterales;f__Lysobacteraceae;g__Lysobacter	0.9861624280079518
9685ee445c56734f00b96c380baca47d	d__Bacteria;p__Bacillota;c__Bacilli;o__RF39;f__Incertae_Sedis;g__Incertae_Sedis	0.9999999999892282
cae96dffed98641e1346b5b2bc474fc9	d__Bacteria;p__Pseudomonadota;c__Alphaproteobacteria;o__Rickettsiales;f__Mitochondria;g__Incertae_Sedis	0.8364112342671163
3f84c347362732e9f23338d3b2f93c22	d__Bacteria;p__Bacillota;c__Clostridia;o__Lachnospirales;f__Lachnospiraceae	0.9999963147244533
33e27104caa5cc4c0b326ad685ff591a	d__Bacteria;p__Bacillota;c__Bacilli;o__Erysipelotrichales;f__Erysipelatoclostridiaceae;g__Thomasclavelia	0.8731713820638455
0de0af1418492d2b81115a78b3b7c377	d__Bacteria;p__Bacillota;c__Clostridia;o__Lachnospirales;f__Lachnospiraceae	0.9999975156262709
4efe9c8911d148939a86af6f8d9a0dd8	d__Bacteria;p__Pseudomonadota;c__Alphaproteobacteria;o__Sphingomonadales;f__Sphingomonadaceae;g__Novosphingobium	0.9859514903299462
35aa01772e28fe022791d85fa07ca9d3	d__Bacteria;p__Deferribacterota;c__Deferribacteres;o__Deferribacterales;f__Deferribacteraceae;g__Mucispirillum	0.9999999651522847
f915d1abde49ad9cfc317f73d38c8ede	d__Bacteria;p__Bacillota;c__Clostridia;o__Lachnospirales;f__Lachnospiraceae	0.9998262789911607
7abe90bd99c764231169baa54e1fe90d	d__Bacteria;p__Thermodesulfobacteriota;c__Desulfovibrionia;o__Desulfovibrionales;f__Desulfovibrionaceae;g__Incertae_Sedis	0.989411607273281
52e656baed4e0e193d218cad1f8085f1	d__Bacteria;p__Bacillota;c__Clostridia;o__Lachnospirales;f__Lachnospiraceae	0.9965035283197898
4b5e60c932f94002b606c0276a658760	d__Bacteria;p__Chloroflexota;c__Anaerolineae;o__Aggregatilineales;f__Aggregatilineaceae;g__Incertae_Sedis	0.9999997033284429
39cafd4e4c148d36ee554fd6bdf4b6f3	d__Bacteria;p__Fusobacteriota;c__Fusobacteriia;o__Fusobacteriales;f__Fusobacteriaceae;g__Fusobacterium	0.9999752278699752
7424a3697ebb9d484a9358ae3de3e735	d__Bacteria;p__Bacteroidota;c__Bacteroidia;o__Bacteroidales;f__Muribaculaceae;g__Incertae_Sedis	0.9998098023857371
f725fa4d2c00e827300182c22aa7d383	d__Bacteria;p__Bacillota;c__Bacilli;o__Erysipelotrichales;f__Erysipelatoclostridiaceae;g__Thomasclavelia	0.999999779873572
334c9a8bbc307568ed6610252c2842b6	d__Bacteria;p__Bacillota;c__Bacilli;o__Erysipelotrichales;f__Erysipelatoclostridiaceae;g__Massiliomicrobiota	0.9999931927225761
c9fc2c2e0aceeb0a48e81feebf47199f	d__Bacteria;p__Bacteroidota;c__Bacteroidia;o__Bacteroidales;f__Muribaculaceae;g__Incertae_Sedis	0.9952824032868077
4212e6cc5cf04ddb475b801ec8a0ef13	d__Bacteria;p__Bacillota;c__Clostridia;o__Clostridia_vadinBB60_group;f__Incertae_Sedis;g__Incertae_Sedis	0.9999999251375044
9b7e3d6aec0a4aa7eeaa2cb774dd8944	d__Bacteria;p__Pseudomonadota;c__Gammaproteobacteria;o__Burkholderiales;f__Sutterellaceae;g__Turicimonas	0.9037894165540613
b0c7fc21411948789fa8bbc741e23563	d__Bacteria;p__Bacillota;c__Clostridia;o__Lachnospirales;f__Lachnospiraceae;g__A2	0.9999558187965245
46472cccd8d440a36c9dd3bbdc491081	d__Bacteria;p__Bacteroidota;c__Bacteroidia;o__Bacteroidales	0.9999998889035484
226cc6b2a206f8ed8a1174d911f0c7a9	d__Bacteria;p__Bacteroidota;c__Bacteroidia;o__Bacteroidales;f__Muribaculaceae;g__Incertae_Sedis	0.9999999202674449
50e3874080e4aacec38f4a338ad98644	d__Bacteria;p__Bacillota;c__Bacilli;o__Erysipelotrichales;f__Erysipelotrichaceae;g__Faecalibaculum	0.9999999999229487
b8aeb042738541e8721c074fab955318	d__Bacteria;p__Bacillota;c__Clostridia;o__Lachnospirales;f__Lachnospiraceae	0.9969303058910013
5f5be209c1c85633be4a794a19844b16	d__Bacteria;p__Bacillota;c__Negativicutes;o__Veillonellales-Selenomonadales;f__Veillonellaceae;g__Veillonella	0.9713926189107746
1e4ff3c7164a13c1ab137f59628054f0	d__Bacteria;p__Bacillota	0.9996267904587184
4c8e8c1ec4685c27ee800a0eca72d0f1	d__Bacteria;p__Bacillota;c__Clostridia;o__Oscillospirales;f__Oscillospiraceae;g__Incertae_Sedis	0.9865494940622455
8aaa9be6fd4d16281074251ce78a179f	d__Bacteria;p__Bacillota;c__Clostridia;o__Oscillospirales;f__Oscillospiraceae	0.9991739499750907
e71d159c98a924857bb2b3efee5f8db1	d__Bacteria;p__Bacteroidota;c__Bacteroidia;o__Bacteroidales;f__Muribaculaceae;g__Incertae_Sedis	0.9999999684416712
4b2c05758856f0dd40e02e5817647f71	d__Bacteria;p__Bacteroidota;c__Bacteroidia;o__Bacteroidales;f__Muribaculaceae;g__Incertae_Sedis	0.9107083064594983
c9422883767a8046b620a0e78ea72dec	d__Bacteria;p__Bacillota;c__Clostridia;o__Lachnospirales;f__Lachnospiraceae;g__Lachnospiraceae_NK4A136_group	0.7510622120457148
5a3615205e9ecb25c6bd51a465f48eb7	d__Bacteria;p__Deferribacterota;c__Deferribacteres;o__Deferribacterales;f__Deferribacteraceae;g__Mucispirillum	0.9999631626828309
b51e6f642dedb0a7a30987786201d7d5	d__Bacteria;p__Pseudomonadota;c__Alphaproteobacteria;o__Rickettsiales;f__Mitochondria;g__Incertae_Sedis	0.9692432922738367
748ebd8ed49f83951d9f07b70fa4ffa9	d__Bacteria;p__Bacillota;c__Clostridia;o__Lachnospirales;f__Lachnospiraceae	0.999995040424003
cc97f2c10db0603a02f1f1a494af6f09	d__Bacteria;p__Acidobacteriota;c__Thermoanaerobaculia;o__Thermoanaerobaculales;f__Thermoanaerobaculaceae;g__Subgroup_10	0.9999646587074631
b345df987108bf82d8ed22f96d2adde5	d__Bacteria;p__Chloroflexota;c__OLB14;o__Incertae_Sedis;f__Incertae_Sedis;g__Incertae_Sedis	0.9999112567084354
f0dbc51316fec425f5bea6f22f1a6b9a	d__Bacteria;p__Bacteroidota;c__Bacteroidia;o__Bacteroidales;f__Tannerellaceae;g__Parabacteroides	0.9999999988011723
e89a3c8a346c35763399a550f6dbd52c	d__Bacteria;p__Pseudomonadota;c__Gammaproteobacteria;o__Burkholderiales;f__Comamonadaceae;g__Rhizobacter	0.8148731206217981
57922df4a74ca666bd584aedb152e09f	d__Bacteria;p__Pseudomonadota;c__Alphaproteobacteria;o__Reyranellales;f__Reyranellaceae;g__Reyranella	0.9999999999972715
13ab98d2999685f3484fea8e1929bea3	d__Bacteria;p__Bacillota;c__Bacilli;o__Lactobacillales;f__Lactobacillaceae;g__Ligilactobacillus	0.9999981764908482
9e82811f137abe44589d295bafea54cc	d__Bacteria;p__Methylomirabilota;c__Methylomirabilia;o__Rokubacteriales;f__Incertae_Sedis;g__Incertae_Sedis	0.9999999999988916
c2c34baaa2ee42eddce483c6fe397ac9	d__Bacteria;p__Pseudomonadota;c__Alphaproteobacteria;o__Rhodospirillales;f__Incertae_Sedis;g__Incertae_Sedis	0.9999999725966123
4a8cd977fd3d6e8b68fad31be0dc68e7	d__Bacteria;p__Bacteroidota;c__Bacteroidia;o__Bacteroidales;f__Muribaculaceae;g__Incertae_Sedis	0.9999968879331328
acc207802344ffdf36945379c52cddbf	d__Bacteria	0.9999999999984633
f05026b6ee5524a1e15be5b8338c1d41	d__Bacteria;p__Chloroflexota;c__Anaerolineae;o__Aggregatilineales;f__Aggregatilineaceae;g__Incertae_Sedis	0.9998915227922277
afd9f9a1c9f81124fee0d9669bee5184	Unassigned	0.41386693410141095
6a950ba42ed746660586c90109a759f0	d__Bacteria;p__Planctomycetota;c__Planctomycetes;o__Isosphaerales;f__Isosphaeraceae;g__Tautonia	0.9999862309417518
0a7113519f9c175e5132d0636764842d	d__Bacteria;p__Pseudomonadota;c__Gammaproteobacteria;o__Legionellales;f__Legionellaceae;g__Legionella	0.9999991071549637
32e8bf11fb7d8959e07e3a59fa9ac00f	d__Bacteria;p__Bacteroidota;c__Bacteroidia;o__Bacteroidales;f__Bacteroidaceae;g__Bacteroides	0.9984208469442115
2339381f2560ca1c2bf3c4cb96e0b94b	d__Bacteria;p__Pseudomonadota;c__Alphaproteobacteria;o__Sphingomonadales;f__Sphingomonadaceae;g__Sphingomonas	0.8599423545007023
42749add168b92f263d2a47017235126	d__Bacteria;p__Verrucomicrobiota;c__Verrucomicrobiia;o__Verrucomicrobiales;f__Akkermansiaceae;g__Akkermansia	0.999999921457206
0c604adfba114b93ddbb8e782690318b	d__Bacteria;p__Bacteroidota;c__Bacteroidia;o__Bacteroidales;f__F082;g__Incertae_Sedis	0.9999999998253486
7599f07193d49a6d363bd04658ea8f32	d__Bacteria;p__Bacillota;c__Clostridia;o__Lachnospirales;f__Lachnospiraceae;g__Lachnospiraceae_NC2004_group	0.9915194356727646
5e274b3c698b1396501d86dcb26d4464	d__Bacteria;p__Bacillota;c__Clostridia	0.9999999280951546
968e1ccfbcb9d6f2f56250c86c7226eb	d__Bacteria;p__Gemmatimonadota;c__Gemmatimonadia;o__Gemmatimonadales;f__Gemmatimonadaceae;g__Incertae_Sedis	0.9999994196929528
b27f58d28ad0f9069d5faef10b4f9dd3	d__Bacteria;p__Bacteroidota;c__Bacteroidia;o__Sphingobacteriales;f__Sphingobacteriaceae;g__Pedobacter	0.9991175893403332
08f7692c418020b2facf4573ebaedc53	d__Bacteria;p__Myxococcota;c__bacteriap25;o__Incertae_Sedis;f__Incertae_Sedis;g__Incertae_Sedis	0.9994868662113949
24687770ea8e22e4c1e096bc9b1febde	d__Bacteria;p__Bacteroidota;c__Bacteroidia;o__Bacteroidales;f__Bacteroidaceae;g__Bacteroides	0.9986684809622526
faeefcc021b7c5d5b4959294aa4db066	d__Bacteria;p__Actinomycetota;c__Acidimicrobiia;o__Microtrichales;f__Incertae_Sedis;g__Incertae_Sedis	0.7884974427599231
6ffeff55713af7cfd880e663662ebf82	d__Bacteria;p__Pseudomonadota;c__Gammaproteobacteria;o__Pseudomonadales;f__Halomonadaceae;g__Halomonas	0.999472387397789
81a054226145de68a2de579d8d70a584	d__Bacteria;p__Bacillota;c__Bacilli;o__Lactobacillales;f__Streptococcaceae;g__Streptococcus	0.9999106617348255
ab39b7831d88d5993780a74bbba6f193	d__Bacteria;p__Bacillota;c__Bacilli;o__Erysipelotrichales;f__Erysipelatoclostridiaceae;g__Longibaculum	0.9922886679018901
9a5f4bb94fe7c69464307e88a726f983	d__Bacteria;p__Pseudomonadota;c__Gammaproteobacteria;o__Enterobacterales;f__Pasteurellaceae;g__Haemophilus	0.9806522501817893
ab22ebed184ecdb578356d95aa4b3747	d__Bacteria;p__Chloroflexota;c__Chloroflexia;o__Thermomicrobiales;f__AKYG1722;g__Incertae_Sedis	0.9999999964952622
ac9719331311093a33d6ff866a4fab98	d__Bacteria;p__Bacteroidota;c__Bacteroidia;o__Bacteroidales;f__Muribaculaceae;g__Incertae_Sedis	0.999999996089656
77513456d864d5945453f17e69c60fa3	d__Bacteria;p__Pseudomonadota;c__Gammaproteobacteria;o__Burkholderiales;f__Methylophilaceae;g__Methylophilus	0.9982945040523246
a667b796baac85dfcaec93550982a576	d__Bacteria;p__Bacillota;c__Clostridia;o__Oscillospirales;f__Oscillospiraceae;g__Colidextribacter	0.9673149099776472
8b2a2235058800360788d80316fa24e5	d__Bacteria;p__Bacteroidota;c__Bacteroidia;o__Bacteroidales;f__Rikenellaceae;g__Rikenellaceae_RC9_gut_group	0.9999506641406488
3cb75cdc18781a2637f13dcb3334b126	d__Bacteria;p__Myxococcota;c__Myxococcia;o__Myxococcales;f__Myxococcaceae;g__Myxococcus	0.9951518233352058
a64c5040893f2e8bbaf73789830cb3d0	d__Bacteria;p__Actinomycetota;c__Actinobacteria;o__Streptosporangiales;f__Thermomonosporaceae	0.9999998850877302
d94a6e35311ab7a9ce2fce655eb6f747	d__Bacteria;p__Bacillota;c__Clostridia;o__Lachnospirales;f__Lachnospiraceae;g__Lachnospiraceae_UCG-008	0.985302049466952
810c6e3b0733a8f360f95ca1fdbd4bf0	d__Bacteria;p__Bacteroidota;c__Bacteroidia;o__Chitinophagales;f__Chitinophagaceae;g__Niastella	0.99971957379478
b17904a6cdc42ed5629837332f20cfa2	d__Bacteria;p__Bacillota;c__Desulfitobacteriia;o__Desulfitobacteriales;f__Desulfitobacteriaceae;g__Desulfitobacterium	0.9999994223820713
6f4e78b62e6cd2d1fb9ad89bcfc8c167	d__Bacteria;p__Actinomycetota;c__Actinobacteria;o__Frankiales;f__Frankiaceae;g__Jatrophihabitans	0.9999973591331096
28721fb6229fc2595eb1efffbfb70048	d__Bacteria;p__Actinomycetota;c__Acidimicrobiia;o__Microtrichales;f__Incertae_Sedis;g__Incertae_Sedis	0.997784708605969
b62e8a1c69896202ffa5fa7caa5858ac	d__Bacteria;p__Bacteroidota;c__Bacteroidia;o__Bacteroidales;f__Muribaculaceae;g__Incertae_Sedis	0.9995774021765251
ccb7ee0429a96cb2f8168c2581dd1587	d__Bacteria	0.9999999651439514
222cadd37c082e752291857fbb73f56c	d__Bacteria;p__Pseudomonadota;c__Alphaproteobacteria;o__Sphingomonadales;f__Sphingomonadaceae	0.9999999998790651
b7ff75cbf552ab516e80a8e6207da35c	d__Bacteria;p__Pseudomonadota;c__Gammaproteobacteria;o__Coxiellales;f__Coxiellaceae;g__Coxiella	0.9999656232261674
2323b8ff6e0a1773fc6ff90d8805542f	d__Bacteria;p__Bacillota;c__Clostridia;o__Clostridia_UCG-014;f__Incertae_Sedis;g__Incertae_Sedis	0.9776257176514169
b5c9817046b695476d464a60c2a1276e	d__Bacteria;p__Bacillota;c__Clostridia;o__Clostridia_UCG-014;f__Incertae_Sedis;g__Incertae_Sedis	0.8972462693060175
6385d9c0aa3b0fe5bed6d25e8008336a	d__Bacteria;p__Bacteroidota;c__Bacteroidia;o__Flavobacteriales;f__Weeksellaceae;g__Ornithobacterium	0.9998863512431795
8c73a3ad3e678bd4176765eaadbbc647	d__Bacteria;p__Bacteroidota;c__Bacteroidia;o__Bacteroidales	0.7533801697775515
09f849159f82d6cac8a2133a7f4e9b14	d__Bacteria;p__Acidobacteriota;c__Vicinamibacteria;o__Vicinamibacterales;f__Incertae_Sedis;g__Incertae_Sedis	0.9999964214415595
0e41efe07cef15ba3cc4112372d8b223	d__Bacteria;p__Gemmatimonadota;c__Gemmatimonadia;o__Gemmatimonadales;f__Gemmatimonadaceae;g__Incertae_Sedis	0.9999999945706861
12a63081fa229802ff9920cee35169c6	d__Bacteria;p__Bacteroidota;c__Bacteroidia;o__Bacteroidales;f__Muribaculaceae;g__Incertae_Sedis	0.9983243902830028
6a15db5895d2d3d41f037b2d92c5ce7b	d__Bacteria;p__Pseudomonadota;c__Gammaproteobacteria;o__Enterobacterales;f__Enterobacteriaceae;g__Escherichia-Shigella	0.9206576842188372
c6506583f2611d3c42b39800cd76ebfa	d__Bacteria;p__Bacillota;c__Bacilli;o__Erysipelotrichales;f__Erysipelotrichaceae;g__Dubosiella	0.999999963086794
5fbfc0a010b66778511219f6941e8c21	d__Bacteria;p__Bacteroidota;c__Bacteroidia;o__Bacteroidales;f__Muribaculaceae;g__Incertae_Sedis	0.9999998924240345
82c3f4af495d8ce970896dabaaf74cf6	d__Bacteria;p__Bacteroidota;c__Bacteroidia;o__Bacteroidales;f__Prevotellaceae;g__Prevotellaceae_Ga6A1_group	0.8743837015597198
eb90fca961750adec14f94e0a37e67d0	d__Bacteria;p__Bacillota;c__Clostridia;o__Lachnospirales;f__Lachnospiraceae	0.9999986360802687
67fbafae8ab5cabed5ab681afc80b6b4	d__Bacteria;p__Bacteroidota;c__Bacteroidia;o__Bacteroidales;f__Rikenellaceae;g__Rikenellaceae_RC9_gut_group	0.9927949551674856
d09582f1cf6236de773da65bbc399a00	d__Bacteria;p__Bacillota;c__Clostridia;o__Peptostreptococcales-Tissierellales;f__Anaerovoracaceae;g__Incertae_Sedis	0.9955518511167261
4be950a942eb420c9c6c2c5a82c5ae27	d__Bacteria;p__Actinomycetota;c__Coriobacteriia;o__Coriobacteriales;f__Eggerthellaceae	0.9999942545306076
3c6d827c24ebaf7b2b96ec3f0114ea75	d__Bacteria;p__Bacillota;c__Clostridia;o__Clostridia_vadinBB60_group;f__Incertae_Sedis;g__Incertae_Sedis	0.9999907127076825
29277d7dc14c08f459ab37050c61f4eb	d__Bacteria;p__Chloroflexota;c__Gitt-GS-136;o__Incertae_Sedis;f__Incertae_Sedis;g__Incertae_Sedis	0.9999999479971122
7d02499bd2654aac1a16d2e973ba4cc6	d__Bacteria;p__Bacillota;c__Clostridia;o__Lachnospirales;f__Lachnospiraceae;g__Incertae_Sedis	0.9268665187401497
ca60afad43d6c9986ad82b54662a5138	d__Bacteria;p__Bacillota;c__Bacilli;o__Lactobacillales;f__Lactobacillaceae;g__Ligilactobacillus	0.9999909589736545
6b9e6758e39d218433b4bf37794a7183	d__Bacteria;p__Bacteroidota;c__Bacteroidia;o__Bacteroidales;f__Muribaculaceae;g__Incertae_Sedis	0.9999999730820835
9eea09561c0f338c2a0754bab13e74e8	d__Bacteria;p__Bacteroidota;c__Bacteroidia;o__Bacteroidales;f__Bacteroidaceae;g__Bacteroides	0.9999998266523996
2d34491ad9c94cb7d64ea9d697f4e5ab	d__Bacteria;p__Bacillota;c__Bacilli;o__Lactobacillales	0.9298681149164316
bfffd3f5a05e871793df34d9e2679a43	d__Bacteria;p__Pseudomonadota;c__Gammaproteobacteria;o__Enterobacterales;f__Enterobacteriaceae;g__Escherichia-Shigella	0.9827861705240609
d8b54f8271997ea86791a02b0d13f7d2	d__Bacteria;p__Verrucomicrobiota;c__Verrucomicrobiia;o__Chthoniobacterales;f__Xiphinematobacteraceae;g__Candidatus_Xiphinematobacter	0.996453016286972
1133f9cc5a6a9b4ca4f1dcfc3865fd9d	d__Bacteria;p__Bacillota;c__Bacilli;o__Lactobacillales;f__Lactobacillaceae;g__Lactobacillus	0.9984448375309258
5b4547761f17bc7de41115e0da7406f7	d__Bacteria;p__Bacillota;c__Clostridia;o__Christensenellales;f__Christensenellaceae;g__Christensenellaceae_R-7_group	0.9527567320706187
14c310f548d919fcc056c82065c49c11	d__Bacteria;p__Bacillota;c__Bacilli;o__RF39;f__Incertae_Sedis;g__Incertae_Sedis	0.9987068425063395
34844347f79967e5c93c932d7736df58	d__Bacteria;p__Actinomycetota;c__Coriobacteriia;o__Coriobacteriales;f__Eggerthellaceae;g__Adlercreutzia	0.998506458196605
4d813b990e89655e7b31fadb8dd192a5	d__Bacteria;p__Bacillota;c__Clostridia;o__Oscillospirales;f__Ruminococcaceae;g__Incertae_Sedis	0.9783926029267663
5ce5890691e74a4116612a9cc692e3fa	d__Bacteria;p__Thermodesulfobacteriota;c__Desulfovibrionia;o__Desulfovibrionales;f__Desulfovibrionaceae;g__Incertae_Sedis	0.9999903338151835
dd2b0f519313072a22224db3b84e0604	d__Bacteria;p__Bacillota;c__Clostridia;o__Lachnospirales;f__Lachnospiraceae	0.9999996252529421
ad449ab4464fdc1a92cc10fabd3962ec	d__Bacteria;p__Actinomycetota;c__Coriobacteriia;o__Coriobacteriales;f__Eggerthellaceae;g__Adlercreutzia	0.9998634165826457
8b984f5a8df84bcf8137520065ad8c01	d__Bacteria;p__Bacillota;c__Clostridia;o__Lachnospirales;f__Lachnospiraceae;g__Lachnospiraceae_NC2004_group	0.9282381721065592
f778b2e70d9c3377450e3ba37555106e	d__Bacteria;p__Bacillota;c__Bacilli;o__RF39;f__Incertae_Sedis;g__Incertae_Sedis	0.9999999999968168
fd369e3b23ee6650a34054d5218f81b3	d__Bacteria;p__Bacteroidota;c__Bacteroidia;o__Bacteroidales;f__Muribaculaceae;g__Incertae_Sedis	0.9999945848969066
292e59a5846d1934e697d45eec705761	d__Bacteria;p__Bacillota;c__Bacilli;o__Brevibacillales;f__Brevibacillaceae;g__Brevibacillus	0.9999999997830571
40233db9369acc0fcd5570fcc8629bef	d__Bacteria;p__Bacillota;c__Clostridia;o__Oscillospirales;f__Oscillospiraceae	0.9999984668946041
d72e6f8f181af04f0bce3a6a19d4fc1b	d__Bacteria;p__Bacteroidota;c__Bacteroidia;o__Bacteroidales;f__Rikenellaceae;g__Alistipes	0.744227461263157
0fc403fa3c974ece60138a00c302f5b4	d__Bacteria;p__Bacillota;c__Clostridia;o__Clostridia_vadinBB60_group;f__Incertae_Sedis;g__Incertae_Sedis	0.9999648952666889
2ed4c24bc92aacca2747a086afe942e9	d__Bacteria;p__Bacteroidota;c__Bacteroidia;o__Bacteroidales;f__Rikenellaceae;g__Rikenella	0.9074865310474908
139b3a842bac5a67836f791535c71ed2	d__Bacteria;p__Pseudomonadota;c__Alphaproteobacteria;o__Hyphomicrobiales;f__Beijerinckiaceae;g__Methylobacterium	0.9999999955376353
ec35401e6fd0e2462f215ae6c710c9d3	d__Bacteria;p__Bacteroidota;c__Bacteroidia;o__Bacteroidales;f__Muribaculaceae;g__Incertae_Sedis	0.9999981015028085
91d334e65e333aa33fd81fc2d30cc4c3	d__Bacteria;p__Bacteroidota;c__Bacteroidia;o__Bacteroidales;f__Muribaculaceae;g__Incertae_Sedis	0.9999990042885384
cc4e4e31ff4a9cc168185ebae3f396ec	d__Bacteria;p__Bacteroidota;c__Bacteroidia;o__Bacteroidales;f__Muribaculaceae;g__Incertae_Sedis	0.9990286097374727
34d17fcd25e7ca2cf73d37ff59fc04d3	d__Bacteria;p__Bacillota;c__Clostridia;o__Lachnospirales;f__Lachnospiraceae;g__Incertae_Sedis	0.8628060301028049
96ac217b84f0b00a1f5a07248ccc6ae6	d__Bacteria;p__Bacteroidota;c__Bacteroidia;o__Bacteroidales;f__Muribaculaceae;g__Incertae_Sedis	0.9999627319770494
897bf78becc158875399f4dfa46001c6	d__Bacteria;p__Bacteroidota;c__Bacteroidia;o__Bacteroidales;f__Muribaculaceae;g__Incertae_Sedis	0.9999998675982144
46bfd939f95324187a04bfc1bd1c3195	d__Bacteria;p__Bacteroidota;c__Bacteroidia;o__Bacteroidales;f__Muribaculaceae;g__Incertae_Sedis	0.9999991866237291
e852a5c7298798b2c143ef1dd33f7272	d__Bacteria;p__Bacillota;c__Clostridia;o__Lachnospirales;f__Lachnospiraceae;g__Lachnospiraceae_NK4A136_group	0.9326643549892932
824c697384d06bd353617014455148ef	d__Bacteria;p__Bacillota;c__Clostridia;o__Lachnospirales;f__Lachnospiraceae;g__Lachnospiraceae_UCG-004	0.9743724879332623
404ac186b9ff1bf3322201879af43315	d__Bacteria;p__Bacteroidota;c__Bacteroidia;o__Bacteroidales;f__Muribaculaceae;g__Incertae_Sedis	0.9995735203808476
e09391460a8ff1ad5829ed54c80e72d9	d__Bacteria;p__Bacteroidota;c__Bacteroidia;o__Bacteroidales;f__Muribaculaceae;g__Incertae_Sedis	0.9999981487980076
66af002ef407685e480a4a5b90fa9220	d__Bacteria;p__Bacteroidota;c__Bacteroidia;o__Bacteroidales;f__Muribaculaceae;g__Incertae_Sedis	0.9999998732569191
54a9a794cc511a77ce5030c75841c6aa	d__Bacteria;p__Bacillota;c__Clostridia;o__Oscillospirales;f__Ruminococcaceae	0.9682642898945059
8fe236eea40dc6fc9bb927f072c52cb3	d__Bacteria;p__Pseudomonadota;c__Alphaproteobacteria;o__Hyphomicrobiales;f__Rhizobiaceae;g__Incertae_Sedis	0.9049024912450145
d125a95a700983f7476b90ac0579fcff	d__Bacteria;p__Bacillota;c__Clostridia;o__Lachnospirales;f__Lachnospiraceae;g__[Eubacterium]_oxidoreducens_group	0.9371131254715394
2d3707264e63dcab6e3ad07079c98a5b	d__Bacteria;p__Pseudomonadota;c__Gammaproteobacteria;o__Burkholderiales;f__Sutterellaceae;g__Turicimonas	0.9999989789761327
c3596dd769d9a5b0f1ea8c7076072913	d__Bacteria;p__Actinomycetota;c__Actinobacteria;o__Micrococcales;f__Dermabacteraceae;g__Brachybacterium	0.9423171020167065
8cc47a55006b382a270f7f084a231fe5	d__Bacteria;p__Bacillota;c__Bacilli;o__Erysipelotrichales;f__Erysipelotrichaceae;g__Dubosiella	0.999985637639921
d68823ce2360104a7bb95d61d2a82e87	d__Bacteria;p__Bacillota;c__Clostridia;o__Oscillospirales;f__Ruminococcaceae	0.9999999999999633
5df2f0ce0a4866e131742dabeb152d0d	d__Bacteria;p__Bacillota;c__Bacilli;o__Mycoplasmatales;f__Mycoplasmataceae;g__Mycoplasma	0.9999791434118396
f9b76a94c2d86e4c2a521ccd5286cd5f	d__Bacteria;p__Acidobacteriota;c__Holophagae;o__Subgroup_7;f__Incertae_Sedis;g__Incertae_Sedis	0.9933260861057032
185b261d49a4235679ac0b8beb166618	d__Bacteria;p__Verrucomicrobiota;c__Verrucomicrobiia;o__Chthoniobacterales;f__Chthoniobacteraceae;g__Candidatus_Udaeobacter	0.999393012803464
ed3f93c0094ba741db3f301e8582fb53	d__Bacteria;p__Bacillota;c__Negativicutes;o__Veillonellales-Selenomonadales;f__Veillonellaceae;g__Veillonella	0.9998565989144208
a52c53f8500cb9f0156e9bc39f03c995	d__Bacteria;p__Gemmatimonadota;c__Gemmatimonadia;o__Gemmatimonadales;f__Gemmatimonadaceae;g__Incertae_Sedis	0.9964354211867211
5474aa139cc8ee067bcb2f13426c6de4	d__Bacteria	0.9999999686833579
df077fcb247787ffa7e4a34fc93ad07b	d__Bacteria;p__Spirochaetota;c__Spirochaetia;o__Spirochaetales;f__Spirochaetaceae;g__Sphaerochaeta	0.9999999999710383
1b350c7e744abcfa94dfe5f84f1e143a	d__Bacteria;p__Gemmatimonadota;c__AKAU4049;o__Incertae_Sedis;f__Incertae_Sedis;g__Incertae_Sedis	0.9999999999982947
f1d0d5d9a167b5429d969acc60dcb255	d__Bacteria;p__Bacillota;c__Clostridia;o__Oscillospirales;f__Ruminococcaceae;g__Faecalibacterium	0.9998993888324245
966c91d57c97f8f4dcd8da9aac7eb1f3	d__Bacteria	0.9999999999959793
d1bfadb2d6c47308375dc9715531e530	d__Bacteria;p__Bacteroidota;c__Bacteroidia;o__Bacteroidales;f__Bacteroidaceae;g__Bacteroides	0.999857891002514
797a8d6e93f633b59f19b06330654816	d__Bacteria;p__Pseudomonadota;c__Alphaproteobacteria;o__Kiloniellales;f__Kiloniellaceae;g__Incertae_Sedis	0.9423969641717727
5a05632d03bd76e9743a6347ee174d51	d__Bacteria;p__Chloroflexota;c__Chloroflexia;o__Thermomicrobiales;f__JG30-KF-CM45;g__Incertae_Sedis	0.9999999999999432
3db397ec6a21cdfd9b6cf851135113b3	d__Bacteria;p__Bacteroidota;c__Bacteroidia;o__Bacteroidales;f__Prevotellaceae	0.9974067895336196
f5b608eb0ff47d03b916df87aa8a598f	d__Bacteria;p__Rhodothermota;c__Rhodothermia;o__Rhodothermales;f__Rhodothermaceae;g__Incertae_Sedis	0.9999999888952119
349f5adcb07420a087c88bc13896662b	d__Bacteria;p__Bacteroidota;c__Bacteroidia;o__Bacteroidales;f__Rikenellaceae;g__Rikenellaceae_RC9_gut_group	0.9999999536341317
53926e8d93347155248bca294f416052	d__Bacteria;p__Bacillota;c__Clostridia;o__Lachnospirales;f__Lachnospiraceae	0.9999983629632392
a432743b1392729b319c8be25d5ccf91	d__Bacteria;p__Chloroflexota;c__Anaerolineae;o__Anaerolineales;f__Anaerolineaceae;g__Incertae_Sedis	0.9999508744333806
f8698c7f5d12f0216b8fefc1326c98e7	d__Bacteria;p__Bacteroidota;c__Bacteroidia;o__Bacteroidales;f__Prevotellaceae;g__Prevotellaceae_UCG-001	0.9470224336747958
3638df5c7c07b52447a8563dd1c08ef7	d__Bacteria;p__Bacteroidota;c__Bacteroidia;o__Bacteroidales;f__Prevotellaceae;g__Prevotellaceae_UCG-003	0.9999648765710049
a03dd94a84712d629f7c36b3fb15b451	d__Bacteria;p__Bacillota;c__Negativicutes;o__Veillonellales-Selenomonadales;f__Selenomonadaceae;g__Megamonas	0.9999999889334391
4eabf4962b951079d9fbc5bb2e4eb252	d__Bacteria;p__Bacteroidota;c__Bacteroidia;o__Bacteroidales;f__Muribaculaceae;g__Incertae_Sedis	0.9999996725088319
629555c739e3fe2cafac69802eefdc62	d__Bacteria;p__Chloroflexota;c__Anaerolineae;o__Anaerolineales;f__Anaerolineaceae;g__RBG-16-58-14	0.9986205197439066
bc73fdccd91846ef781b22da64361e69	d__Bacteria	0.9999999207301906
88fb22eed0626c8897660ffbf37a1be7	d__Bacteria;p__Bacillota;c__Clostridia;o__Lachnospirales;f__Lachnospiraceae;g__Lachnospiraceae_UCG-004	0.9918937813317634
c37101164dc42757b1276e74eac38a90	d__Bacteria;p__Bacteroidota;c__Bacteroidia;o__Bacteroidales;f__Muribaculaceae;g__Incertae_Sedis	0.999999340788453
56e4b8c44a207cc23ae988217c9d444f	d__Bacteria;p__Bacillota;c__Bacilli;o__Lactobacillales;f__Streptococcaceae;g__Streptococcus	0.9999909700607211
0146593e072b91d926625a73bf55b8b0	d__Bacteria;p__Bacteroidota;c__Bacteroidia;o__Bacteroidales;f__Muribaculaceae;g__Incertae_Sedis	0.9999976482009828
b8eeb93977636d2b8ffb455124d98bd4	d__Bacteria;p__Bacteroidota;c__Bacteroidia;o__Bacteroidales;f__Muribaculaceae;g__Incertae_Sedis	0.9814813944269322
625ded64a0647ce7ea343304b3890bc2	d__Bacteria;p__Bacteroidota;c__Bacteroidia;o__Bacteroidales;f__Muribaculaceae;g__Incertae_Sedis	0.9999992713970397
9f0d4040f1a7f7bc2023ce0fa228adb2	d__Bacteria;p__Bacillota;c__Clostridia;o__Lachnospirales;f__Lachnospiraceae	0.9976617733538756
7c59925bf5579bc452f8396b28fc4725	d__Bacteria;p__Bacillota;c__Clostridia;o__Lachnospirales;f__Lachnospiraceae;g__Lachnospiraceae_NK4A136_group	0.9155627274939935
a5f45f1ff705985dd8086584f24aaa73	d__Bacteria;p__Pseudomonadota;c__Alphaproteobacteria;o__Hyphomicrobiales;f__Pleomorphomonadaceae;g__Pleomorphomonas	0.9998789779878822
0f1e7766d74c91b49d2de8479cb99d14	d__Bacteria;p__Bacillota;c__Clostridia;o__Oscillospirales;f__Ruminococcaceae;g__Incertae_Sedis	0.9554595566287377
ed50423bd7f469b5fb7a0dfd19c0553a	d__Bacteria;p__Acidobacteriota;c__Acidobacteriae;o__Subgroup_13;f__Incertae_Sedis;g__Incertae_Sedis	0.9998394213339458
5faf89e43af0731ecac353d5ee5bd226	d__Bacteria;p__Bacillota;c__Clostridia;o__Christensenellales;f__Christensenellaceae;g__Incertae_Sedis	0.9999563828069539
bc07991846b65b1aa01429b1d6178332	d__Bacteria;p__Bacteroidota;c__Bacteroidia;o__Bacteroidales;f__Muribaculaceae;g__Incertae_Sedis	0.999999988190922
d278fe53d6aa79704281e606bdc0fed9	d__Bacteria;p__Bacillota;c__Clostridia;o__Lachnospirales;f__Lachnospiraceae;g__Lachnospiraceae_FCS020_group	0.9530632015726824
fff4022c09276028c2af9577508f0890	d__Bacteria;p__Bacillota;c__Negativicutes;o__Acidaminococcales;f__Acidaminococcaceae;g__Phascolarctobacterium	0.9990373015839039
aade019866e4b46e01d89ff442f19eda	d__Bacteria;p__Bacillota;c__Clostridia;o__Lachnospirales;f__Lachnospiraceae;g__Lachnospiraceae_NK4A136_group	0.754442348339413
e017a6b7c7b2f10331240fa81a7cceeb	d__Bacteria;p__Pseudomonadota;c__Alphaproteobacteria;o__Sphingomonadales;f__Sphingomonadaceae;g__Sphingomonas	0.9073670016563139
0172a25412e163cb00c7b228e9a61a9b	d__Bacteria;p__Bacillota;c__Clostridia;o__Lachnospirales;f__Lachnospiraceae;g__Lachnospiraceae_NK4A136_group	0.9007531421716309
d14eca8bec2e526a473a7a34fb6cb16a	d__Bacteria;p__Bacillota;c__Clostridia;o__Oscillospirales;f__Ruminococcaceae;g__Incertae_Sedis	0.9057839055252641
9c5314b93aa9bb4c9f38dda9c671edc6	d__Bacteria;p__Bacillota;c__Clostridia;o__Lachnospirales;f__Lachnospiraceae;g__Lachnospiraceae_NK4A136_group	0.8947536660682605
3e3a36898294b9cdfee0e9c2cc4bf6a3	d__Bacteria;p__Bacillota;c__Clostridia;o__Lachnospirales;f__Lachnospiraceae	0.998544197392669
1424dc5b6746ecbeb9b3a4ecf8ee45cf	d__Bacteria;p__Bacteroidota;c__Bacteroidia;o__Bacteroidales;f__Bacteroidaceae;g__Bacteroides	0.9993611509021622
5abf01a6432ab8bb06b418cdb27c13f7	d__Bacteria;p__Pseudomonadota;c__Gammaproteobacteria;o__Burkholderiales;f__Sutterellaceae;g__Turicimonas	0.9999998232492132
d6283b6e4ec6874b4399c99bc99d58bf	d__Bacteria;p__Campylobacterota;c__Campylobacteria;o__Campylobacterales;f__Helicobacteraceae;g__Helicobacter	0.9978954683650475
b286610a08d71f5dc3e0bb0f9d428d31	d__Bacteria;p__Pseudomonadota;c__Alphaproteobacteria;o__Sphingomonadales;f__Sphingomonadaceae;g__Sphingomonas	0.9984754764789424
f4e367ab687c56343ff096700a902845	d__Bacteria;p__Bacteroidota;c__Bacteroidia;o__Bacteroidales;f__Bacteroidaceae;g__Bacteroides	0.9999697858130554
0d4ed840155610e19c2a5db9963ba94a	d__Bacteria;p__Actinomycetota;c__Actinobacteria;o__Micrococcales;f__Micrococcaceae;g__Rothia	0.7645362720045974
eed3d9232ab643f5b627ca58c97848e3	d__Bacteria;p__Bacteroidota;c__Bacteroidia;o__Bacteroidales;f__Rikenellaceae;g__Rikenella	0.7643649128822585
5969b817be8244b73b33f37f8f9b8572	d__Bacteria;p__Chlamydiota;c__Chlamydiia;o__Chlamydiales;f__Simkaniaceae;g__Incertae_Sedis	0.9458089791745372
927436840787ff2712a95e6eaa361c70	d__Bacteria;p__Bacteroidota;c__Bacteroidia;o__Bacteroidales;f__Muribaculaceae;g__Incertae_Sedis	0.9999992138453101
dabcf4205a3ff60c18b415fb136edff2	d__Bacteria;p__Pseudomonadota;c__Gammaproteobacteria;o__Pseudomonadales;f__Moraxellaceae;g__Acinetobacter	0.9999959023984212
9b5a71f58201efda3c8fabc87a225ee3	d__Bacteria;p__Bacillota;c__Clostridia;o__Lachnospirales;f__Lachnospiraceae;g__Lachnospiraceae_UCG-004	0.9994748559644621
fb397fe889c77695ea5e88342c786912	d__Bacteria;p__Bacteroidota;c__Bacteroidia;o__Bacteroidales;f__Muribaculaceae;g__Incertae_Sedis	0.999999725896439
16e3736f8651da79b90a9c65c9a8b6e3	d__Bacteria;p__Bacteroidota;c__Bacteroidia;o__Bacteroidales	0.9999999844334755
c0873cbd57a3ae1167de674be1bec0fa	d__Bacteria;p__Bacillota;c__Bacilli;o__Staphylococcales;f__Staphylococcaceae;g__Staphylococcus	0.9746619488455031
fd5cd024b08ba3510a7264f751b5a23b	d__Bacteria;p__Bacillota;c__Clostridia;o__Peptococcales;f__Peptococcaceae;g__Incertae_Sedis	0.9998340439048119
ec25d169faef22bc9163a0a1987a92c8	d__Bacteria;p__Pseudomonadota;c__Gammaproteobacteria;o__Burkholderiales;f__Burkholderiaceae;g__Cupriavidus	0.9999986889840852
236cfb95ae7a488c155c2809528dc92a	d__Bacteria;p__Bacteroidota;c__Bacteroidia;o__Bacteroidales;f__Muribaculaceae;g__Incertae_Sedis	0.9999906225984031
3d223f9e5e74257b671c69d00c24e0a9	d__Bacteria;p__Bacillota;c__Clostridia;o__Lachnospirales;f__Lachnospiraceae	0.994826589247574
252beb7f6a2fcf3c6454104538785d62	d__Bacteria;p__Pseudomonadota;c__Gammaproteobacteria;o__Pseudomonadales;f__Moraxellaceae;g__Acinetobacter	0.9999995623528654
9cfd92a13ffe9840d192408e662c1b8b	d__Bacteria;p__Bacillota;c__Clostridia;o__Lachnospirales;f__Lachnospiraceae;g__[Eubacterium]_oxidoreducens_group	0.9791807884874888
2a36ac60521cb1f04226bd787e748040	d__Bacteria;p__Bacillota;c__Clostridia;o__Lachnospirales;f__Lachnospiraceae;g__[Eubacterium]_oxidoreducens_group	0.7500585777729647
3e213427ba3bcc49521572cf7f9533c3	d__Bacteria;p__Bacillota;c__Clostridia;o__Oscillospirales;f__Ruminococcaceae;g__[Clostridium]_methylpentosum_group	0.9994409651085059
d613fb932b16ea53baf322513edef132	d__Bacteria;p__Bacteroidota;c__Bacteroidia;o__Bacteroidales;f__Muribaculaceae;g__Incertae_Sedis	0.9999462007673089
4b1a28db2e81522389829a82f48a7821	d__Bacteria;p__Bacillota;c__Clostridia;o__Oscillospirales;f__Ruminococcaceae	0.9998567311942883
b22f7c5fa46b573d9b4998f99c52f818	d__Bacteria;p__Cyanobacteriota;c__Cyanobacteriia;o__Cyanobacteriales;f__Microcystaceae;g__Microcystis_PCC-7914	0.9999999999984652
6fac66d57f69a60e393e2473ec97450d	d__Bacteria;p__Bacteroidota;c__Bacteroidia;o__Bacteroidales;f__Tannerellaceae;g__Parabacteroides	0.9978552458693121
e21a489e08b7e4921f8b9e3d115404d1	d__Bacteria;p__Bacteroidota;c__Bacteroidia;o__Bacteroidales;f__Muribaculaceae;g__Incertae_Sedis	0.9999990499757666
6593fac37116ef03354bae68515a48e3	d__Bacteria;p__Bacteroidota;c__Bacteroidia;o__Bacteroidales;f__Rikenellaceae;g__Alistipes	0.9999999041558897
902a862e19857597ba365a371661850a	d__Bacteria;p__Actinomycetota;c__Actinobacteria;o__Mycobacteriales;f__Dietziaceae;g__Dietzia	0.9999997773105312
b47daddcdcec1b46690266f99ad85be7	d__Bacteria;p__Verrucomicrobiota;c__Verrucomicrobiia;o__Pedosphaerales;f__Pedosphaeraceae;g__Incertae_Sedis	0.8281843351069103
81145f139070ad6da8b5e9585ee4e909	d__Bacteria;p__Bacillota;c__Clostridia;o__Lachnospirales;f__Lachnospiraceae;g__Lachnospiraceae_NK4A136_group	0.8951628834622319
a700f6496397fa36467363c19be79a5a	d__Bacteria;p__Bacillota;c__Clostridia;o__Lachnospirales;f__Lachnospiraceae	0.9970930286985317
cb4d0e7d66fef358f538c0a7d873b24b	d__Bacteria;p__Bacillota;c__Bacilli;o__Mycoplasmatales;f__Mycoplasmataceae;g__Mycoplasma	0.9896507741036631
817dd2fb8a36dc32ec1b300e18ef684b	d__Bacteria;p__Verrucomicrobiota;c__Verrucomicrobiia;o__Chthoniobacterales;f__Chthoniobacteraceae;g__Candidatus_Udaeobacter	0.9999996128861323
6832070c0bda4a90ec54361940b9cf03	d__Bacteria;p__Acidobacteriota;c__Vicinamibacteria;o__Vicinamibacterales;f__Vicinamibacteraceae;g__Incertae_Sedis	0.9999998336767387
e876bafc18947f38a4d9d7394ff3817d	d__Bacteria;p__Bacillota;c__Clostridia;o__Lachnospirales;f__Lachnospiraceae	0.9626286589131337
5457d93450000e2cdf3ed1734eade210	d__Bacteria;p__Bacillota;c__Clostridia;o__Oscillospirales;f__Ruminococcaceae;g__Anaerotruncus	0.9680751373372662
7fcaf23a207b553f267ea88763b0de83	d__Bacteria;p__Deferribacterota;c__Deferribacteres;o__Deferribacterales;f__Deferribacteraceae;g__Mucispirillum	0.9999992210112133
f3798b9063ce6b7055c88145736c6d02	d__Bacteria;p__Chloroflexota;c__Anaerolineae;o__Anaerolineales;f__Anaerolineaceae;g__Incertae_Sedis	0.9999912592440429
b016d4c06af1928be47fdc23e41f50b3	d__Bacteria;p__Patescibacteria;c__Saccharimonadia;o__Saccharimonadales;f__Saccharimonadaceae;g__TM7a	0.9912730920264518
c089c3d0fd2a8ff974b6d1f800458bc1	d__Bacteria;p__Pseudomonadota;c__Alphaproteobacteria;o__Sphingomonadales;f__Sphingomonadaceae;g__Sphingomonas	0.9870937707144275
60b016cfcd4975edc491bffdbc832c8b	d__Bacteria;p__Bacillota;c__Clostridia;o__Oscillospirales;f__Oscillospiraceae;g__Incertae_Sedis	0.9345899331409715
056f2d8ba202527d84dd43050116945c	d__Bacteria;p__Pseudomonadota;c__Alphaproteobacteria;o__Hyphomicrobiales;f__Xanthobacteraceae;g__Rhodoplanes	0.9737253239702465
4709f0cafda6fda2962c36e0927ece62	d__Bacteria;p__Campylobacterota;c__Campylobacteria;o__Campylobacterales;f__Helicobacteraceae;g__Helicobacter	0.9079980946972822
a9c31c6c3722da369a0615bc8f4f03a0	d__Bacteria;p__Bacillota;c__Clostridia;o__Lachnospirales;f__Lachnospiraceae;g__Lachnospiraceae_NK4A136_group	0.9343772710319667
a681e5032929eb2d8a4747f251b9bd48	d__Bacteria;p__Bacteroidota;c__Bacteroidia;o__Bacteroidales;f__Bacteroidaceae;g__Bacteroides	0.9999999448990893
11f31d0afab6cc6690dc98fdf22f92be	d__Bacteria;p__Bacteroidota;c__Bacteroidia;o__Bacteroidales;f__Muribaculaceae;g__Incertae_Sedis	0.9999976946451311
44569035e76aa46d503cb77b72024fc4	d__Bacteria;p__Bacteroidota;c__Bacteroidia;o__Bacteroidales;f__Muribaculaceae;g__Incertae_Sedis	0.9994778302029407
1e90abe35efa002e15628388873a4e74	d__Bacteria;p__Thermodesulfobacteriota;c__Desulfovibrionia;o__Desulfovibrionales;f__Desulfovibrionaceae;g__Incertae_Sedis	0.9999620115642017
3725ff3ca407b9420e5d5580550fc433	d__Bacteria;p__Bacillota;c__Clostridia;o__Monoglobales;f__Monoglobaceae;g__Monoglobus	0.9999999583152723
561a9d85cacffc47f8ddcf255a9bd1b5	d__Bacteria;p__Bacteroidota;c__Bacteroidia;o__Bacteroidales;f__Muribaculaceae;g__Incertae_Sedis	0.9999503898845796
cdf4b4509258ab41eeb1a21d1f5ee02c	d__Bacteria;p__Bacillota;c__Clostridia;o__Lachnospirales;f__Lachnospiraceae;g__Lachnospiraceae_NK4A136_group	0.7754216482352442
29190069aa44436ad6374ed8df66c41d	d__Bacteria;p__Actinomycetota;c__Coriobacteriia;o__Coriobacteriales;f__Atopobiaceae;g__Coriobacteriaceae_UCG-002	0.9973989511521062
ca7b2bdf4a6d41ba4b3195d291988480	d__Bacteria;p__Bacillota;c__Bacilli;o__RF39;f__Incertae_Sedis;g__Incertae_Sedis	0.9999999988094999
81d33c421c7a4a1b8940d3d5449aa2cb	d__Bacteria;p__Bacteroidota;c__Bacteroidia;o__Bacteroidales;f__Muribaculaceae;g__Incertae_Sedis	0.9999972450206804
5344513281b93d9727a346468e0f77da	d__Bacteria;p__Bacteroidota;c__Bacteroidia;o__Bacteroidales;f__Muribaculaceae;g__Incertae_Sedis	0.9994352144606153
d250a6fed5d4ab6864d8dda835017c58	d__Bacteria;p__Bacteroidota;c__Bacteroidia;o__Bacteroidales;f__Prevotellaceae;g__Prevotellaceae_UCG-001	0.9998150543381749
38bbc2cdade71555092373dc3324b6b6	d__Bacteria;p__Bacillota;c__Bacilli;o__RF39;f__Incertae_Sedis;g__Incertae_Sedis	0.9185910177465836
132c8e6d4d85e2e0d456b12d5c0e135e	d__Bacteria;p__Bacillota;c__Clostridia;o__Lachnospirales;f__Lachnospiraceae;g__[Eubacterium]_xylanophilum_group	0.8302020645330076
04e54d49f2eb986d9baf561da98186d6	d__Bacteria;p__Bacteroidota;c__Bacteroidia;o__Bacteroidales;f__Muribaculaceae;g__Incertae_Sedis	0.9999996268925159
c7b27f9b07fae72f476de76c4e8fe799	d__Bacteria;p__Bacteroidota;c__Bacteroidia;o__Bacteroidales;f__Muribaculaceae;g__Incertae_Sedis	0.9997934189082003
d33046232d256f905389ab74f8dad177	d__Bacteria;p__Bacillota;c__Clostridia	0.9999882883912037
f96a3bc65e4f616a07d65d59a27071a8	d__Bacteria;p__Bacillota;c__Bacilli;o__Lactobacillales;f__Lactobacillaceae;g__Ligilactobacillus	0.9720551173849648
c8db707dd9feb87bedd1a15e33d8afbc	d__Bacteria;p__Bacillota;c__Bacilli;o__Erysipelotrichales;f__Erysipelotrichaceae;g__Dubosiella	0.9999999987243768
d4a28a7eef17c84096ea56fe4d5ddd4c	d__Bacteria;p__Thermodesulfobacteriota;c__Desulfovibrionia;o__Desulfovibrionales;f__Desulfovibrionaceae;g__Incertae_Sedis	0.999864771914869
6ef2b0af339567580ad2731733e80534	d__Bacteria;p__Bacteroidota;c__Bacteroidia;o__Bacteroidales;f__Muribaculaceae;g__Incertae_Sedis	0.9999999985204227
81f1172e6971cbf139561a002fade716	d__Bacteria;p__Bacteroidota;c__Bacteroidia;o__Bacteroidales;f__Muribaculaceae;g__Incertae_Sedis	0.999991820952143
da3c33d0f3e156faf136f450beb1967f	d__Bacteria;p__Bacillota;c__Clostridia;o__Oscillospirales;f__Ruminococcaceae	0.8711717017013801
3a6d2d36b55071158c927ced927f8d01	d__Bacteria;p__Bacteroidota;c__Bacteroidia;o__Bacteroidales;f__Muribaculaceae;g__Incertae_Sedis	0.9998568748522968
a42dd361c96025dffb85a1241dfbeadd	d__Eukaryota	0.923918279115138
19a38ca48faa9a387374e8e0af1b6ef8	d__Bacteria;p__Bacillota;c__Bacilli;o__Lactobacillales;f__Lactobacillaceae;g__Ligilactobacillus	0.9999995659087891
d56d39eafdce959d0e3ddc21cebebce8	d__Bacteria;p__Bacillota;c__Bacilli;o__RF39;f__Incertae_Sedis;g__Incertae_Sedis	0.932931734723561
cbca6cf5a22b1e6c034a11178a78e756	d__Bacteria;p__Bacteroidota;c__Bacteroidia;o__Bacteroidales;f__Muribaculaceae;g__Incertae_Sedis	0.9999994742652195
4566918048153919407f7eda7c736be3	d__Bacteria;p__Bacillota;c__Clostridia;o__Lachnospirales;f__Lachnospiraceae;g__Incertae_Sedis	0.7542510632449493
de3bc1ce03a3853ab570ed00b14f8497	d__Bacteria;p__Bacillota;c__Clostridia;o__Clostridia_UCG-014;f__Incertae_Sedis;g__Incertae_Sedis	0.9999999999995737
665b6a556a88a1ab4fd78980a524b3f4	d__Bacteria;p__Bacteroidota;c__Bacteroidia;o__Bacteroidales;f__Muribaculaceae;g__Incertae_Sedis	0.9999937108431094
ece9eaa478a68df84f3e52fb30205972	d__Bacteria;p__Bacteroidota;c__Bacteroidia;o__Bacteroidales;f__Bacteroidaceae;g__Bacteroides	0.9999864228001621
8f8dd85f6e4c5465e93320474d9f4a89	d__Bacteria;p__Bacillota;c__Bacilli;o__Erysipelotrichales;f__Erysipelotrichaceae;g__Allobaculum	0.9272480889528913
486e8cbfd723bb8be54da3c43d6cddd3	d__Bacteria;p__Bacteroidota;c__Bacteroidia;o__Bacteroidales;f__Bacteroidaceae;g__Bacteroides	0.9999780049408263
9111da3caae2cc5f60db1db8c4a8581a	d__Bacteria;p__Bacillota;c__Bacilli;o__Lactobacillales;f__Lactobacillaceae;g__Ligilactobacillus	0.9992497081459545
144ae8ebd52ec82a78b8f86ff2dfc128	d__Bacteria;p__Pseudomonadota;c__Gammaproteobacteria;o__Burkholderiales;f__Sutterellaceae;g__Turicimonas	0.9987141014600709
da763356804a6408db86c10c919abc71	d__Bacteria;p__Actinomycetota;c__Coriobacteriia;o__Coriobacteriales;f__Atopobiaceae	0.9998400526128094
ac397462c5339f5925d741af2d75d970	d__Bacteria;p__Planctomycetota;c__Planctomycetes;o__Gemmatales;f__Gemmataceae;g__Incertae_Sedis	0.9999999940409907
0cca60fbebfc806a9f7e07cce1ab1d5d	d__Bacteria;p__Bacillota;c__Clostridia;o__Lachnospirales;f__Lachnospiraceae	0.8351309694962327
5cf804fbc8bff4d94ebc0c1ebec6fb6e	d__Bacteria;p__Actinomycetota;c__Actinobacteria;o__Micrococcales;f__Intrasporangiaceae	0.7941629982704815
0ac142234cde771435ddd649178cd79f	d__Bacteria;p__Bacteroidota;c__Bacteroidia;o__Bacteroidales;f__Bacteroidaceae;g__Bacteroides	0.9999306699125038
ca3d1b1aaa408d7a0ae9de87b4795296	d__Bacteria;p__Bacteroidota;c__Bacteroidia;o__Cytophagales;f__Microscillaceae;g__Incertae_Sedis	0.9999381687182048
75d50ea7e2a621b11b4f0d81af0d4664	d__Bacteria;p__Acidobacteriota;c__Blastocatellia;o__11-24;f__Incertae_Sedis;g__Incertae_Sedis	0.9999999999995453
4bf60d4f3de601ae215199ab0ca8f0e9	d__Bacteria;p__Bacillota;c__Clostridia;o__Oscillospirales;f__Ruminococcaceae;g__Anaerotruncus	0.9994531397352728
7df45c1ca05e17ef64b754c69d2e271e	d__Bacteria;p__Acidobacteriota;c__Acidobacteriae;o__Subgroup_2;f__Incertae_Sedis;g__Incertae_Sedis	1.0
09885c01c7a1c50d2500264808d2d94e	d__Bacteria;p__Gemmatimonadota;c__Gemmatimonadia;o__Gemmatimonadales;f__Gemmatimonadaceae;g__Incertae_Sedis	0.9999995447949358
1e27147d3989295546051e322a294f8e	d__Bacteria;p__Pseudomonadota;c__Alphaproteobacteria;o__Caulobacterales;f__Caulobacteraceae;g__Incertae_Sedis	0.917969417742921
06c438861d7e5164bd1a39ce1ab868a7	d__Bacteria;p__Pseudomonadota;c__Gammaproteobacteria;o__Burkholderiales;f__TRA3-20;g__Incertae_Sedis	0.9999997827982505
8aa99765017ebe6a1ce634f74fe7dd88	d__Bacteria;p__Bacillota;c__Bacilli;o__Lactobacillales;f__Lactobacillaceae;g__Leuconostoc	0.9999964338202781
2102e4aea4e15f7f40e7f8ac04fe9600	d__Bacteria;p__Bacillota;c__Clostridia;o__Lachnospirales;f__Lachnospiraceae;g__ASF356	0.999996220782727
ce0ab254eb00e2873c50d4b187091c84	d__Bacteria;p__Bacteroidota;c__Bacteroidia;o__Bacteroidales;f__Muribaculaceae;g__Incertae_Sedis	0.999995697371977
a5f936106716d2995b20a808bc333e35	d__Bacteria;p__Bacillota;c__Clostridia;o__Oscillospirales;f__Ruminococcaceae	0.925974923746947
9cb2240cdccdc60d14686e10cd57009b	d__Bacteria;p__Bacillota;c__Clostridia;o__Clostridia_UCG-014;f__Incertae_Sedis;g__Incertae_Sedis	0.9999999999441087
aaa7ec60c63d22a88ff7f06c5bcfafec	d__Bacteria;p__Bacillota;c__Bacilli;o__Erysipelotrichales;f__Erysipelotrichaceae;g__Faecalibaculum	0.9999999998333919
b70d997d03b7fdd4d0554b8a5317ec0c	d__Bacteria;p__Bacteroidota;c__Bacteroidia;o__Bacteroidales;f__Rikenellaceae;g__Alistipes	0.9999999937607242
9854efb29d7cb7d5c27bf99be496dac7	d__Bacteria;p__Bacillota;c__Bacilli;o__Lactobacillales;f__Lactobacillaceae;g__Lactobacillus	0.9012925667645115
fd26ab566d0a0df27eb268c29e5335fb	d__Bacteria;p__Bacillota;c__Clostridia;o__Lachnospirales;f__Lachnospiraceae	0.9999974323467697
68292f7e0abeee162b684b491ee7cd7a	d__Bacteria;p__Bacteroidota;c__Bacteroidia;o__Bacteroidales;f__Muribaculaceae;g__Incertae_Sedis	0.9999900787508873
2cfe765c192fe420c728782e4186dcf4	d__Bacteria;p__Bacteroidota;c__Bacteroidia;o__Bacteroidales;f__Prevotellaceae;g__Prevotellaceae_UCG-001	0.9991854044255608
0354544e068ddb182f3f904eda199fd3	d__Bacteria;p__Bacillota;c__Clostridia;o__Clostridia_vadinBB60_group;f__Incertae_Sedis;g__Incertae_Sedis	0.9999736467373137
e19f1b393caba0fa48643ce58e2203c6	d__Bacteria;p__Actinomycetota;c__Coriobacteriia;o__Coriobacteriales;f__Coriobacteriaceae;g__Collinsella	0.7310051911112885
37377a9f0efccb303a72896a8a41be8c	d__Bacteria;p__Bacillota;c__Clostridia;o__Lachnospirales;f__Lachnospiraceae;g__Incertae_Sedis	0.839777943811111
7c57f308ec22ead444f96cbfeb60d2c7	d__Bacteria;p__Bacteroidota;c__Bacteroidia;o__Bacteroidales;f__Rikenellaceae;g__Alistipes	0.9999991604885679
7d0148d4ed888f69e30cc443b0e56711	d__Bacteria;p__Bacteroidota;c__Bacteroidia;o__Bacteroidales;f__Muribaculaceae;g__Incertae_Sedis	0.9999651814597156
fadf59485c2409054de7a4b8becf8a33	d__Bacteria;p__Bacillota;c__Bacilli;o__Lactobacillales;f__Lactobacillaceae;g__Ligilactobacillus	0.9998031559305286
15f935bd2f65d91dcf45a03e00c8be68	d__Bacteria;p__Bacteroidota;c__Bacteroidia;o__Bacteroidales;f__Muribaculaceae;g__Incertae_Sedis	0.9998977219689156
1e59fa3b8fbd11ef3b6f256d05843036	d__Bacteria;p__Bacteroidota;c__Bacteroidia;o__Bacteroidales;f__Prevotellaceae;g__Incertae_Sedis	0.9327805184077462
52c94dd94f7cdba3249fc23565b82d79	d__Bacteria;p__Bacteroidota;c__Bacteroidia;o__Bacteroidales;f__Bacteroidaceae;g__Bacteroides	0.9998927328225738
52b64cb64977338e979d9c7cfac73750	d__Bacteria;p__Bacillota;c__Clostridia;o__Lachnospirales;f__Lachnospiraceae;g__Lachnospiraceae_UCG-006	0.8312625624510482
d8247157a43e77ab5866521602b39497	d__Bacteria;p__Myxococcota;c__Polyangiia;o__Polyangiales;f__BIrii41;g__Incertae_Sedis	0.9999998546410146
ab030e5cbcc02b352b4cae5285711d5d	d__Bacteria;p__Bacillota;c__Clostridia;o__Lachnospirales;f__Lachnospiraceae	0.9851367220691034
368c1456dfb0a0fd6544719a7dca5ff9	d__Bacteria;p__Bacteroidota;c__Bacteroidia;o__Bacteroidales;f__Muribaculaceae;g__Incertae_Sedis	0.9999999850244309
d6bfa9735260def029ea56096c3571bc	d__Bacteria;p__Bacteroidota;c__Bacteroidia;o__Bacteroidales;f__Muribaculaceae;g__Incertae_Sedis	0.999999701821439
41a899080ef131f14f5d19bb11da471b	d__Bacteria;p__Bacteroidota;c__Bacteroidia;o__Bacteroidales;f__Muribaculaceae;g__Incertae_Sedis	0.9999998595504948
d8baf25cf117622fd1dc585e47380d3b	d__Bacteria;p__Bacteroidota;c__Bacteroidia;o__Bacteroidales;f__Muribaculaceae;g__Incertae_Sedis	0.9999979508300177
4ed434dd145f800fd72e94a5a6e1d8bd	d__Bacteria;p__Bacteroidota;c__Bacteroidia;o__Bacteroidales;f__Muribaculaceae;g__Incertae_Sedis	0.9999998410348339
102896c6b91f544458b2e0d701685976	d__Bacteria;p__Bacteroidota;c__Bacteroidia;o__Bacteroidales;f__Muribaculaceae;g__Incertae_Sedis	0.9919038343908438
9310aa6b35a8ad5b01bd399bf77b4622	d__Bacteria;p__Bacteroidota;c__Bacteroidia;o__Bacteroidales;f__Muribaculaceae;g__Incertae_Sedis	0.9997620708815679
3984886fb446c06d9f6c0b0326531ca8	d__Bacteria;p__Bacillota;c__Clostridia;o__Monoglobales;f__Monoglobaceae;g__Monoglobus	0.9568116010970259
66311425910ffaf3c001652d00d7f60f	d__Bacteria;p__Bacteroidota;c__Bacteroidia;o__Bacteroidales;f__Muribaculaceae;g__Incertae_Sedis	0.9999988942123682
52f436be6972b421a67c1eb4f337af99	d__Bacteria;p__Bacteroidota;c__Bacteroidia;o__Bacteroidales;f__Muribaculaceae;g__Incertae_Sedis	0.9999817828497809
04e4816d47560a98f9afb83fb6363566	d__Bacteria;p__Actinomycetota;c__Coriobacteriia;o__Coriobacteriales;f__Eggerthellaceae;g__Adlercreutzia	0.9832232387766402
9de715d504363fa4b9d176267801edd1	d__Bacteria;p__Pseudomonadota;c__Alphaproteobacteria;o__Rhodospirillales;f__Incertae_Sedis;g__Incertae_Sedis	0.9998880889098017
3e3d0c379dd87b0347f0b2c863ebfd71	d__Bacteria;p__Bacillota;c__Clostridia;o__Clostridia_vadinBB60_group;f__Incertae_Sedis;g__Incertae_Sedis	0.9990318290162673
90c19e451751a3f0f0547c311fa90bff	d__Bacteria;p__Bacteroidota;c__Bacteroidia;o__Bacteroidales;f__Muribaculaceae;g__Incertae_Sedis	0.9999999367446171
1f88689e6fcf093028271654dbb41540	d__Bacteria;p__Bacteroidota;c__Bacteroidia;o__Bacteroidales;f__Muribaculaceae;g__Incertae_Sedis	0.9999998496381124
18033d2a8de9666f12377120b78486ac	d__Bacteria;p__Bacillota;c__Clostridia;o__Oscillospirales;f__Ruminococcaceae;g__Ruminococcus	0.8451732416218397
460d41b5c7d4219b5c26cf5b9355b304	d__Bacteria;p__Bacillota;c__Clostridia	0.9999921395319982
b4fd0e29c6bcd6b2a55c9069a3e9cfc1	d__Bacteria;p__Bacteroidota;c__Bacteroidia;o__Bacteroidales;f__Muribaculaceae;g__Incertae_Sedis	0.9999964228799202
30fa8e2b5007251fae8b2782d242e16a	d__Bacteria;p__Bacteroidota;c__Bacteroidia;o__Bacteroidales;f__Muribaculaceae;g__Incertae_Sedis	0.9981072880941844
1b54a3e3859b5aa2fa5a3f1d354bc8ac	d__Bacteria;p__Bacillota;c__Clostridia;o__Oscillospirales;f__Oscillospiraceae;g__Incertae_Sedis	0.9264689980565544
188c7e0c6019d8d798d34b1e001f29d9	d__Bacteria;p__Bacteroidota;c__Bacteroidia;o__Bacteroidales;f__Bacteroidaceae;g__Bacteroides	0.9999980657271925
76fb23a191d619753628b61d85148c2b	d__Bacteria;p__Bacteroidota;c__Bacteroidia;o__Bacteroidales;f__Muribaculaceae;g__Incertae_Sedis	0.9841619883529715
12b610282925040bd1f78451c478fc0a	d__Bacteria;p__Bacillota;c__Clostridia;o__Lachnospirales;f__Lachnospiraceae;g__Lachnospiraceae_UCG-004	0.9243648005893648
adc5b5fd4ffb491345c07a2f45c7bcec	d__Eukaryota;p__Cnidaria;c__Myxozoa;o__Bivalvulida;f__Bivalvulida;g__Bivalvulida	0.9515650690839114
76b59176386b65dfcdd26160d977fefe	d__Bacteria;p__Bacillota;c__Bacilli;o__RF39;f__Incertae_Sedis;g__Incertae_Sedis	0.999999999999801
b58164edb42b7b776878a72e3864502f	d__Bacteria;p__Acidobacteriota;c__Vicinamibacteria;o__Vicinamibacterales;f__Vicinamibacteraceae;g__Incertae_Sedis	0.9999999214941542
348536ef8d41c168ac3557f0d3c62ecf	d__Bacteria;p__Pseudomonadota;c__Alphaproteobacteria;o__Dongiales;f__Dongiaceae;g__Dongia	0.8195440398519107
b8bc1b1fe772a7887ee8fe2a9b8ad9b5	d__Bacteria;p__Nitrospirota;c__Nitrospiria;o__Nitrospirales;f__Nitrospiraceae;g__Nitrospira	0.9999999999999147
9cb214e617184400e4c4019f865169aa	d__Bacteria;p__Bacillota;c__Clostridia;o__Lachnospirales;f__Lachnospiraceae;g__Incertae_Sedis	0.8448132422182836
e036bbb5920ea15b0439867c5078dd01	d__Bacteria;p__Pseudomonadota;c__Alphaproteobacteria;o__Rickettsiales;f__Mitochondria;g__Incertae_Sedis	0.9999998954043631
dbb591cfbb11fdeb4e491df38e83ab18	d__Bacteria;p__Thermodesulfobacteriota;c__Desulfovibrionia;o__Desulfovibrionales;f__Desulfovibrionaceae;g__Incertae_Sedis	0.9973451251547898
c9b806e254c29ad1ba2e7a520b578187	d__Bacteria;p__Pseudomonadota;c__Gammaproteobacteria;o__Enterobacterales;f__Enterobacteriaceae;g__Escherichia-Shigella	0.999961526336876
60e7f41e0b3fb6a80ac826c83e43f8ca	d__Bacteria;p__Bacillota;c__Bacilli;o__Lactobacillales;f__Lactobacillaceae;g__Limosilactobacillus	0.9799068276131357
bb279b6a2e333fb703d09b7d6415120b	d__Bacteria;p__Campylobacterota;c__Campylobacteria;o__Campylobacterales;f__Helicobacteraceae;g__Helicobacter	0.9999550441920152
82a67eb912dd74c81c7bdd6edb70032d	d__Bacteria;p__Bacillota;c__Bacilli;o__Mycoplasmatales;f__Mycoplasmataceae;g__Malacoplasma	0.9999999854590272
d9a32af2d542a68532155eb49773d7b3	d__Bacteria;p__Acidobacteriota;c__Acidobacteriae	0.9999999999980304
22c7b767941974ab92af93f97939b49c	d__Bacteria;p__Gemmatimonadota;c__S0134_terrestrial_group;o__Incertae_Sedis;f__Incertae_Sedis;g__Incertae_Sedis	0.9999999994585096
a8ebaff362cf97a54f99271a2b6dda18	d__Bacteria;p__Bacillota;c__Bacilli;o__Lactobacillales;f__Lactobacillaceae;g__Ligilactobacillus	0.9999997546848379
70aa7f380c3079cc3417a04d26abedad	d__Bacteria;p__Fibrobacterota;c__Fibrobacteria;o__Fibrobacterales;f__Fibrobacteraceae;g__possible_genus_04	0.9999999999944009
32e8c54093b73cf786174fda5db1d06a	d__Bacteria;p__Bacteroidota;c__Bacteroidia;o__Bacteroidales;f__Muribaculaceae;g__Incertae_Sedis	0.99997852020581
3945cee28aad7cb76d7dbbee219e8706	d__Bacteria;p__Bacillota	0.9997587015208851
48d4a65325edd7aa558714ae42fd52b7	d__Bacteria;p__Pseudomonadota;c__Alphaproteobacteria;o__Rickettsiales;f__Mitochondria;g__Incertae_Sedis	0.9560230957749332
d3810fb2582dbe1113a85d36cac50376	d__Bacteria;p__Bacteroidota;c__Bacteroidia;o__Chitinophagales;f__Chitinophagaceae;g__Flavisolibacter	0.9831677354878382
16a9e614e2518c54258654d6f7c4391c	d__Bacteria;p__Bacillota;c__Bacilli;o__RF39;f__Incertae_Sedis;g__Incertae_Sedis	0.9999999999999147
4fcf2a8ec946ad673838e08ebc00e542	d__Bacteria;p__Bacillota;c__Bacilli;o__Staphylococcales;f__Staphylococcaceae;g__Mammaliicoccus	0.958722768074155
f4db60c48aa588b8c42c7f529178e024	d__Bacteria;p__Bacillota;c__Bacilli;o__Erysipelotrichales;f__Erysipelatoclostridiaceae;g__Longibaculum	0.976380988217446
de0fa76fe9464bd238f57009a5425bb8	d__Bacteria;p__Bacillota;c__Clostridia;o__Lachnospirales;f__Lachnospiraceae;g__Lachnospiraceae_NK4A136_group	0.7099383183326291
5351af1c1d888ba0c6921c7c8947b119	d__Bacteria;p__Deferribacterota;c__Deferribacteres;o__Deferribacterales;f__Deferribacteraceae;g__Mucispirillum	0.9999239376673863
7962b935c0a667799f82dc3018c79a12	d__Bacteria;p__Bacillota;c__Clostridia;o__Lachnospirales;f__Lachnospiraceae	0.9999232761640824
31bac0ef14f44ee68f10633dba690bf7	d__Bacteria;p__Deferribacterota;c__Deferribacteres;o__Deferribacterales;f__Deferribacteraceae;g__Mucispirillum	0.9989429009674624
721c2957d7dfeff397ffdb4f9bf9379d	d__Bacteria;p__Pseudomonadota;c__Alphaproteobacteria;o__Rickettsiales;f__Mitochondria;g__Incertae_Sedis	0.9944653905193274
ba4fdc5d6b060881bad42122fe51b734	d__Bacteria;p__Planctomycetota;c__Planctomycetes;o__Isosphaerales;f__Isosphaeraceae;g__Tautonia	0.990179841910349
6af48e43dbbfa5ad40080ca2b1baee3e	d__Bacteria;p__Bacillota;c__Clostridia;o__Lachnospirales;f__Lachnospiraceae	0.9784855697686806
6c67fed95e0b101aea5afbcbbe0ef0ce	d__Bacteria;p__Bacillota;c__Clostridia;o__Lachnospirales;f__Lachnospiraceae	0.999996187446587
5f51f609f318ba5408dd19bf47c4c29b	d__Bacteria;p__Bacteroidota;c__Bacteroidia;o__Bacteroidales;f__Bacteroidaceae;g__Bacteroides	0.9997419398923898
7188e3d831354c9a8a33467aab63b9f9	d__Bacteria;p__Patescibacteria;c__Saccharimonadia;o__Saccharimonadales;f__Saccharimonadaceae;g__Candidatus_Saccharimonas	0.9999313046030335
838108fb0bfa509493e76c54142f7327	d__Bacteria;p__Bacteroidota;c__Bacteroidia;o__Bacteroidales	0.978127616076201
a2296a66dbe91da3daa0779fd9ebd6fb	d__Bacteria;p__Bacteroidota;c__Bacteroidia;o__Bacteroidales;f__Muribaculaceae;g__Incertae_Sedis	0.999991941573268
e67dfb9b73866569779fe6280844c64b	d__Bacteria;p__Actinomycetota;c__Coriobacteriia;o__Coriobacteriales;f__Eggerthellaceae;g__Adlercreutzia	0.9975716845447243
99efa8d608325f4f5133b4cf2d4e8780	d__Bacteria;p__Methylomirabilota;c__Methylomirabilia;o__Rokubacteriales;f__Incertae_Sedis;g__Incertae_Sedis	0.9999982277151178
4f5f02a3459400e1fcb7f2406f4e45a0	d__Bacteria;p__Pseudomonadota;c__Gammaproteobacteria;o__Enterobacterales;f__Idiomarinaceae;g__Aliidiomarina	0.9999864870894254
3bd0a256ad97c0d9a97d0809d8f89b63	d__Bacteria;p__Bacteroidota;c__Bacteroidia;o__Bacteroidales;f__Muribaculaceae	0.9999893892462923
d4bb570b753f87f3656665816df0b3fd	d__Bacteria;p__Gemmatimonadota;c__AKAU4049;o__Incertae_Sedis;f__Incertae_Sedis;g__Incertae_Sedis	0.9980576530451255
82c47487532b57baf9342a5ba1448797	d__Bacteria;p__Pseudomonadota;c__Gammaproteobacteria;o__Pseudomonadales;f__Moraxellaceae;g__Acinetobacter	0.7717792031048639
c98c3a13279c1014aec35863b5d7c901	d__Bacteria;p__Myxococcota;c__Polyangiia;o__Polyangiales;f__Sandaracinaceae;g__Incertae_Sedis	0.9999979471664954
fe79ca280a91b4242ac73b94e11a0970	d__Bacteria;p__Pseudomonadota;c__Gammaproteobacteria;o__Enterobacterales;f__Enterobacteriaceae;g__Escherichia-Shigella	0.9999544782878075
ca08a4b2d6419e3d2c58f2bac7fbc816	d__Bacteria;p__Bacteroidota;c__Bacteroidia;o__Bacteroidales;f__Muribaculaceae;g__Incertae_Sedis	0.999999994953356
41a1773c48e9d6a6d329654c399d33ae	d__Bacteria;p__Bacillota;c__Bacilli;o__Lactobacillales;f__Lactobacillaceae;g__Ligilactobacillus	0.999896619547251
ab862a6cfa47c96cfc5ad45b9099cf4c	d__Bacteria;p__Pseudomonadota;c__Gammaproteobacteria;o__Burkholderiales;f__Sutterellaceae;g__Parasutterella	0.9999681005619929
040ee5a474569eac5760353b37b05c12	d__Bacteria;p__Pseudomonadota;c__Alphaproteobacteria;o__Rickettsiales;f__Mitochondria;g__Incertae_Sedis	0.7521600687451846
c9cfb3874fe99c8e9eba7a079c5b9ab3	d__Bacteria;p__Actinomycetota;c__Actinobacteria;o__Frankiales;f__Geodermatophilaceae;g__Blastococcus	0.9977329192547545
ceacdf894288ac9b7d56b3f1db1c076c	d__Bacteria;p__Bacteroidota;c__Bacteroidia;o__Bacteroidales;f__Bacteroidaceae;g__Bacteroides	0.9999999885833405
e882d4ccc8db1178a66cdee86e853fde	d__Bacteria;p__Bacillota;c__Clostridia;o__Oscillospirales;f__Ruminococcaceae;g__Incertae_Sedis	0.9254506988202679
1408fd906b555ed8a5c4fcfc25cd4ee9	d__Bacteria;p__Bacillota;c__Clostridia	0.9996615206986648
21fa31202484d8d933d2cc96ec7f7cc9	d__Bacteria;p__Bacillota;c__Clostridia;o__Lachnospirales;f__Lachnospiraceae	0.9949825570886649
92fa77599151be5492c7da8140d6afe6	d__Bacteria;p__Myxococcota;c__bacteriap25;o__Incertae_Sedis;f__Incertae_Sedis;g__Incertae_Sedis	0.8860041632585642
8e6dbbe93445c94011ed7f5054206316	d__Bacteria;p__Pseudomonadota;c__Alphaproteobacteria;o__Rhodobacterales;f__Paracoccaceae;g__Fuscovulum	0.7683227994521428
03d89f0c8ed797b3ffb80eec1dd5525c	d__Bacteria;p__Bacillota;c__Negativicutes;o__Veillonellales-Selenomonadales;f__Veillonellaceae;g__Veillonella	0.9231196250350759
ba6e7178346f3faac9bc0d94f37f60a5	d__Bacteria;p__Bacillota;c__Clostridia;o__Lachnospirales;f__Lachnospiraceae	0.9999995644948438
680a8a2a639526acd397ea4cd4d0a9fa	d__Bacteria;p__Bacillota;c__Clostridia;o__Lachnospirales;f__Lachnospiraceae;g__Lachnospiraceae_NK4A136_group	0.9566265020074686
f632c39ee9e40503f8109cea199ac416	d__Bacteria;p__Pseudomonadota;c__Gammaproteobacteria;o__Enterobacterales;f__Morganellaceae;g__Buchnera	0.9999999661550311
2c1c01d59da66cf44f263ddd45d24af8	d__Bacteria;p__Actinomycetota;c__Coriobacteriia;o__Coriobacteriales;f__Eggerthellaceae;g__Asaccharobacter	0.9948872460288247
bf52d29452c05373be7d6ba7a426acc4	d__Bacteria;p__Bacteroidota;c__Bacteroidia;o__Bacteroidales;f__Muribaculaceae;g__Incertae_Sedis	0.9998976715329029
9e68dbe2b74775c3cc866af868dd37ae	d__Bacteria;p__Actinomycetota;c__Coriobacteriia;o__Coriobacteriales;f__Atopobiaceae	0.9999611847960079
48f535f27121642ab1c0310360e53d08	d__Bacteria;p__Bacillota;c__Clostridia;o__Oscillospirales;f__Oscillospiraceae;g__Incertae_Sedis	0.9879184310177279
67f4f6780c81929f754de6162291433e	d__Bacteria;p__Chloroflexota;c__Chloroflexia;o__Chloroflexales;f__Chloroflexaceae;g__Candidatus_Chlorothrix	0.9922728923085364
d9ad0ca366ccb16c16eddf9fa218eb4a	d__Bacteria;p__Pseudomonadota;c__Gammaproteobacteria;o__Enterobacterales;f__Pasteurellaceae;g__Muribacter	0.959952110362742
408eb5fdf1441bbc9df6143642409cbb	d__Bacteria;p__Actinomycetota;c__Actinobacteria;o__Bifidobacteriales;f__Bifidobacteriaceae;g__Bifidobacterium	0.9998833167219352
6a7ed906ee39d36c28f81a94dd805594	d__Bacteria;p__Bacillota;c__Bacilli;o__Lactobacillales;f__Streptococcaceae;g__Streptococcus	0.9999980863311017
ca5ed572db13da4caceb5360339d04a5	d__Bacteria;p__Bacillota;c__Bacilli	0.9996754124301903
13d55849a955a4b6d80899159cea6df0	d__Bacteria;p__Bacillota;c__Bacilli;o__Lactobacillales;f__Lactobacillaceae;g__Limosilactobacillus	0.7500806102327173
a406d0ab0c20ed0d5d5625be6da4b35d	d__Bacteria;p__Bacillota;c__Negativicutes;o__Acidaminococcales;f__Acidaminococcaceae;g__Phascolarctobacterium	0.9999999982737506
cb6ccad599610bbc042b7e4822d05bcf	d__Bacteria;p__Bacillota;c__Clostridia;o__Oscillospirales;f__Ruminococcaceae;g__Acutalibacter	0.9999974717692751
5e7da02af109d57c8b30588094689904	d__Bacteria;p__Bacteroidota;c__Bacteroidia;o__Bacteroidales;f__Muribaculaceae;g__Incertae_Sedis	0.9999999226323583
70cc31d812bb5ae69f723ceed3da4541	d__Bacteria;p__Bacteroidota;c__Bacteroidia;o__Bacteroidales;f__Muribaculaceae;g__Incertae_Sedis	0.9999949510800392
17a24743ba003b17a05519df2083b2f6	d__Bacteria;p__Gemmatimonadota;c__Gemmatimonadia;o__Gemmatimonadales;f__Gemmatimonadaceae;g__Incertae_Sedis	0.999999999888189
e92459ca1ec0da513e5822982ecdf95c	d__Bacteria;p__Pseudomonadota;c__Alphaproteobacteria;o__Hyphomicrobiales;f__Beijerinckiaceae;g__Methylobacterium	0.9999662056033232
c6e7088bd4073f8c3d81b756a68f2ceb	d__Bacteria;p__Thermodesulfobacteriota;c__Desulfovibrionia;o__Desulfovibrionales;f__Desulfovibrionaceae;g__Incertae_Sedis	0.9999301897916808
371361143ab04dddda959c29d1931d79	d__Bacteria;p__Pseudomonadota;c__Gammaproteobacteria;o__Pseudomonadales;f__Pseudomonadaceae;g__Pseudomonas	0.9991256938213295
5ad83220b57f5a8844388f8848e90358	d__Bacteria;p__Bacteroidota;c__Bacteroidia;o__Bacteroidales;f__Tannerellaceae;g__Parabacteroides	0.9244345390596809
639ff56176b623f21e0d19627d3d3ad0	d__Bacteria;p__Bacillota;c__Bacilli;o__Lactobacillales;f__Lactobacillaceae;g__Lactobacillus	0.9679285877621168
5dbb5831eb3aa525152a9867aca8c3be	d__Bacteria;p__Actinomycetota;c__Coriobacteriia;o__Coriobacteriales;f__Eggerthellaceae;g__Asaccharobacter	0.7653515191817329
d584e84f95f047319d5aaeb8ade93075	d__Bacteria;p__Bacillota;c__Clostridia;o__Lachnospirales;f__Lachnospiraceae;g__Lachnospiraceae_UCG-004	0.9180766771816028
bfb5a69e43abb9508071d3920ddc3ca6	d__Bacteria;p__Pseudomonadota;c__Gammaproteobacteria;o__Burkholderiales;f__Rhodocyclaceae;g__Incertae_Sedis	0.9886555198448267
7e694bd280cfc9d5df218b1a25c8d33a	d__Bacteria;p__Bacillota;c__Clostridia;o__Oscillospirales;f__Oscillospiraceae;g__UCG-003	0.8730993388943358
29de927e9d538c96b56ca3b85a0c2a86	d__Bacteria;p__Bacteroidota;c__Bacteroidia;o__Bacteroidales;f__Bacteroidaceae;g__Bacteroides	0.9996586650261311
895d275e0b4628a94499c3f1a17c797e	d__Bacteria;p__Bacillota;c__Bacilli;o__Alicyclobacillales;f__Alicyclobacillaceae;g__Tumebacillus	0.9999999622940272
2504dacc14cb0b66d19ac457bbb44934	d__Bacteria;p__Bacillota;c__Bacilli;o__Staphylococcales;f__Staphylococcaceae	0.9994572913584687
4c214a07e411557d4f56c221f2ddbddf	d__Bacteria;p__Bacillota;c__Bacilli;o__Lactobacillales;f__Streptococcaceae;g__Streptococcus	0.9999981797075547
0778a10eb93ef0dad553585cffdc1577	d__Bacteria;p__Bacteroidota;c__Bacteroidia;o__Bacteroidales;f__Rikenellaceae;g__Rikenellaceae_RC9_gut_group	0.9999886479444089
5804b8116d3133d1a77d6812a5fe0f5c	d__Bacteria;p__Actinomycetota;c__Actinobacteria;o__Mycobacteriales;f__Corynebacteriaceae;g__Corynebacterium	0.9999985940438811
de2f43ab921290e6d8bf754df3af165a	d__Bacteria;p__Bacteroidota;c__Bacteroidia;o__Chitinophagales;f__Saprospiraceae;g__Membranihabitans	0.8994317213948229
1bf5e5bcae8669ccf3cc6e727acc0245	d__Bacteria;p__Pseudomonadota;c__Alphaproteobacteria;o__Hyphomicrobiales;f__Xanthobacteraceae;g__Incertae_Sedis	0.8824592475687153
dd10dbc36a252c2aedd4ae0c8e5fcea1	d__Bacteria;p__Pseudomonadota;c__Gammaproteobacteria;o__Burkholderiales;f__Sutterellaceae;g__Turicimonas	0.9999999087732802
136ad4b5e2d2de005dee7d4b115de7a8	d__Bacteria;p__Bacteroidota;c__Bacteroidia;o__Chitinophagales;f__Chitinophagaceae;g__UTBCD1	0.9932886237283887
7e24ca4c3e57b2a9ed069e519b938f8f	d__Bacteria;p__Bacteroidota;c__Bacteroidia;o__Bacteroidales;f__Bacteroidaceae;g__Bacteroides	0.9998130516904026
f2740ceb1529f7ad2730460e4b74e6c5	d__Bacteria;p__Bacteroidota;c__Bacteroidia;o__Bacteroidales;f__Muribaculaceae;g__Incertae_Sedis	0.9999998218312259
134ab4e97bbc2679a6c5480beeafbc6a	d__Bacteria;p__Bacillota;c__Clostridia;o__Lachnospirales;f__Lachnospiraceae;g__Lachnospiraceae_UCG-008	0.9494213344893495
9b51cffacb7680d4f9c346b67fd82965	d__Bacteria;p__Bacillota;c__Clostridia;o__Oscillospirales;f__Ruminococcaceae;g__Acutalibacter	0.9998723519964215
57f1482c83bad7339ea504a2c85435ca	d__Bacteria;p__Bacteroidota;c__Bacteroidia;o__Bacteroidales;f__Rikenellaceae;g__Alistipes	0.999999998836131
e9bbdd6518922b083f929ee005589720	d__Bacteria	0.9999999997056256
204ebd06b067d72d5d6fcfce11b46234	d__Bacteria;p__Bacillota;c__Clostridia;o__Clostridia_UCG-014;f__Incertae_Sedis;g__Incertae_Sedis	0.999989587237805
26b7b0d9eb2f17c776a9d4be3f4e6db3	d__Bacteria;p__Chloroflexota;c__Anaerolineae;o__Anaerolineales;f__Anaerolineaceae;g__Incertae_Sedis	0.9998991777430841
9775e768025fdcd875562ba19b9e07f2	d__Bacteria;p__Patescibacteria;c__Saccharimonadia;o__Saccharimonadales;f__Saccharimonadaceae;g__TM7a	0.754223620306591
8628128a64d7268e27e385057ffab4c7	d__Bacteria;p__Bacteroidota;c__Bacteroidia;o__Chitinophagales;f__Chitinophagaceae;g__Incertae_Sedis	0.9996289400165348
8d3f8967615073a27368c2460c45b7fb	d__Bacteria;p__Bacillota;c__Clostridia;o__Lachnospirales;f__Lachnospiraceae;g__Lachnospiraceae_NC2004_group	0.7822913917597284
2041e04af3378b70d84ceaf541bf5b34	d__Bacteria;p__Pseudomonadota;c__Gammaproteobacteria;o__Lysobacterales;f__Rhodanobacteraceae;g__Rhodanobacter	0.9947240930952933
76908ad8580d58285c73fa515e938ce3	d__Bacteria;p__Actinomycetota;c__Thermoleophilia;o__Gaiellales;f__Incertae_Sedis;g__Incertae_Sedis	0.9999705436154944
c54c6cda8bf0b4ffc79ab0136b9fe313	d__Bacteria;p__Fusobacteriota;c__Fusobacteriia;o__Fusobacteriales;f__Fusobacteriaceae;g__Cetobacterium	0.99999092489946
607062e4bd305ef2a0ad8d49601c4972	d__Bacteria;p__Rhodothermota;c__Rhodothermia;o__Rhodothermales;f__Rhodothermaceae;g__Incertae_Sedis	0.9999999451773094
4bd3d8cd5eeb116e7d422414062d5be8	d__Bacteria;p__Pseudomonadota;c__Alphaproteobacteria;o__Rickettsiales;f__Mitochondria;g__Incertae_Sedis	0.933788803410708
5cd0cd0067afca8367a4f50d4b481866	d__Bacteria;p__Bacteroidota;c__Bacteroidia;o__Bacteroidales;f__Marinifilaceae;g__Odoribacter	0.9999999998306066
18fa3d613a75b2a3c6cf5a9c67415573	d__Bacteria;p__Acidobacteriota;c__Vicinamibacteria;o__Vicinamibacterales;f__Incertae_Sedis;g__Incertae_Sedis	0.9999843985602317
8abdf384f59923b598d45153ced549aa	d__Bacteria;p__Pseudomonadota;c__Gammaproteobacteria;o__Enterobacterales;f__Enterobacteriaceae	0.8541587889941162
daa1080df7dfb97babfca457d968b568	d__Bacteria;p__Bacillota;c__Bacilli;o__Erysipelotrichales;f__Erysipelatoclostridiaceae;g__Massiliomicrobiota	0.9954760999643492
b83d7e224759a634c9e1885311e4ac16	d__Bacteria;p__Bacillota;c__Bacilli;o__Lactobacillales;f__Lactobacillaceae;g__Lactobacillus	0.9999981627999938
2f3befd75510f4aa0cbb824c7769600f	d__Bacteria;p__Bacillota;c__Clostridia;o__Lachnospirales;f__Lachnospiraceae;g__ASF356	0.9999369936646293
6f2936edaf3edf377841e00bf8a552ed	d__Bacteria;p__Bacillota;c__Clostridia;o__Oscillospirales	0.9799662880064768
7cc8817d1c882f228ba4e4c60d6ca528	d__Bacteria;p__Bacillota;c__Clostridia;o__Peptococcales;f__Peptococcaceae;g__Peptococcus	0.9855082509113466
40e59e5169c651046b26767ba3d69dc0	d__Bacteria;p__Actinomycetota;c__Actinobacteria;o__Micrococcales	0.9996192033718191
285f3565ef93abc5d2023e1883afdaec	d__Bacteria;p__Cyanobacteriota;c__Cyanobacteriia;o__Leptolyngbyales;f__Leptolyngbyaceae;g__Leptolyngbya_PCC-6306	0.9996145108357618
8d48b440358f55de9bcf344afda3e101	d__Bacteria;p__Planctomycetota;c__Phycisphaerae;o__Phycisphaerales;f__Phycisphaeraceae;g__AKYG587	0.999999999745711
61e515819deffd94f506f46494b20639	d__Bacteria;p__Deferribacterota;c__Deferribacteres;o__Deferribacterales;f__Deferribacteraceae;g__Mucispirillum	0.9999947694834729
bb62ca6352f615fab20a34946cf494df	d__Bacteria;p__Bacteroidota;c__Bacteroidia;o__Bacteroidales;f__Muribaculaceae;g__Incertae_Sedis	0.9999999057976696
1f812996514c0e679ccb8a9fb91cfb0e	d__Bacteria;p__Bacteroidota;c__Bacteroidia;o__Bacteroidales;f__Muribaculaceae;g__Incertae_Sedis	0.9995249354375898
a4c5c87a6ca53e92e238123bf08d98e3	d__Bacteria;p__Bacillota;c__Bacilli;o__Lactobacillales;f__Lactobacillaceae;g__Lactobacillus	0.9923344759675881
273df575c83a18a0b9c59f1db5369d54	d__Bacteria;p__Bacteroidota;c__Bacteroidia;o__Bacteroidales;f__Bacteroidaceae;g__Bacteroides	0.9999753858264323
a667986299e75eb3a1ee0d79173724d3	d__Bacteria;p__Bacteroidota;c__Bacteroidia;o__Bacteroidales;f__Rikenellaceae;g__Rikenellaceae_RC9_gut_group	0.984464377842004
8dcfa43304eb808154f2126825e74c64	d__Bacteria;p__Bacteroidota;c__Bacteroidia;o__Bacteroidales;f__Muribaculaceae;g__Incertae_Sedis	0.9999999069655744
b4ebe0ad384a8e8700b5cb9900e1fe0b	d__Bacteria;p__Thermodesulfobacteriota;c__Desulfovibrionia;o__Desulfovibrionales;f__Desulfovibrionaceae;g__Desulfovibrio	0.9874137241900889
8fc6538c1e61826c316878660e1a7873	d__Bacteria;p__Bacteroidota;c__Bacteroidia;o__Bacteroidales;f__Bacteroidaceae;g__Bacteroides	0.9998612702025517
aeb4a80513bfe689a352d6baa35eaed7	d__Bacteria;p__Bacillota;c__Bacilli;o__Lactobacillales;f__Streptococcaceae;g__Streptococcus	0.9953484686140679
e42bd8944e560851f6a2fa52ccce6802	d__Bacteria;p__Bacillota;c__Bacilli;o__Erysipelotrichales;f__Erysipelotrichaceae;g__Dubosiella	0.9951846213427725
e9cd0cc9e1109556e6f51118a662e71e	d__Bacteria;p__Actinomycetota;c__Coriobacteriia;o__Coriobacteriales;f__Eggerthellaceae;g__Adlercreutzia	0.7766252267432378
63c58e4e343195b976675a04709c6198	d__Bacteria;p__Bacillota;c__Negativicutes;o__Acidaminococcales;f__Acidaminococcaceae;g__Phascolarctobacterium	0.9999933158559311
1cb037776af6cc52a0b06dba694c14fd	d__Bacteria;p__Bacteroidota;c__Bacteroidia;o__Bacteroidales	0.9999999473046813
a14ba447ffd0880b81625dabaac9a24a	d__Bacteria;p__Pseudomonadota;c__Gammaproteobacteria;o__Burkholderiales;f__Sutterellaceae;g__Turicimonas	0.9993325766003845
44d7a2b030cf0c592efc194d4aaefc28	d__Bacteria;p__Pseudomonadota;c__Gammaproteobacteria;o__Burkholderiales;f__Burkholderiaceae;g__Polynucleobacter	0.9999979035852481
8cea527b9ff6f81bab5d8ed02e256f3f	d__Bacteria;p__Bacillota;c__Negativicutes;o__Acidaminococcales;f__Acidaminococcaceae;g__Phascolarctobacterium	0.9999788046446634
dfd8125d574d3eea921910c385221b62	d__Bacteria;p__Bacillota;c__Bacilli;o__Lactobacillales;f__Streptococcaceae;g__Streptococcus	0.9702705483418781
36ac73e5bbab11d61c051dda1cbbcfc9	d__Bacteria;p__Bacteroidota;c__Bacteroidia;o__Bacteroidales;f__Muribaculaceae;g__Incertae_Sedis	0.9999999495176451
ec1c173616d31f164e886316ebc7491e	d__Bacteria;p__Bacillota;c__Clostridia;o__Clostridia_UCG-014;f__Incertae_Sedis;g__Incertae_Sedis	0.9403089759457036
dd8340f7e6e243b97cfeb3c640302be8	d__Bacteria;p__Bacteroidota;c__Bacteroidia;o__Bacteroidales;f__Rikenellaceae;g__Alistipes	0.9969945989740772
6816dbe37bf3c18ff263787f3653e1e9	d__Bacteria;p__Bacillota;c__Clostridia;o__Peptostreptococcales-Tissierellales;f__Peptostreptococcaceae;g__[Eubacterium]_tenue_group	0.841603240435816
db146fca04f42e42f63b884ab98ab6de	d__Bacteria;p__Bacillota;c__Clostridia;o__Peptostreptococcales-Tissierellales;f__Anaerovoracaceae;g__[Eubacterium]_brachy_group	0.9364291652435186
39d336f51bad6633612351d64ec8b7b9	d__Bacteria;p__Bacillota;c__Clostridia;o__Lachnospirales;f__Lachnospiraceae	0.7410551138170667
fc030988ac578ad8412ffc1e832c2971	d__Bacteria;p__Bacteroidota;c__Bacteroidia;o__Bacteroidales;f__Muribaculaceae;g__Incertae_Sedis	0.9995502170318612
37a5a192a70d1e520ebe5002a22f20eb	d__Bacteria;p__Bacillota;c__Bacilli;o__Erysipelotrichales;f__Erysipelatoclostridiaceae;g__Thomasclavelia	0.9990479017570482
252172286801585a2433f33cc6d9549c	d__Bacteria;p__Bacillota;c__Clostridia;o__Clostridia_vadinBB60_group;f__Incertae_Sedis;g__Incertae_Sedis	0.9999993087261432
22c91dac48475764b4aa2b0fe8ba2f1d	d__Bacteria;p__Methylomirabilota;c__Methylomirabilia;o__Rokubacteriales;f__Incertae_Sedis;g__Incertae_Sedis	0.999999999999801
81a9307186916fea9d5825e849874f7f	d__Bacteria;p__Bacillota;c__Clostridia;o__Lachnospirales;f__Lachnospiraceae	0.9412349413545935
1d5c1763a53544177413f1ed288a0832	d__Bacteria;p__Bacillota;c__Bacilli;o__RF39;f__Incertae_Sedis;g__Incertae_Sedis	0.9999999999993179
25f483d423723215318306da78d712dd	d__Bacteria;p__Bacillota;c__Clostridia;o__Lachnospirales;f__Lachnospiraceae	0.9999891071967373
4bdb3bf90e5209d8bc6fe6050bdf0296	d__Bacteria;p__Pseudomonadota;c__Gammaproteobacteria;o__Lysobacterales;f__Lysobacteraceae;g__Stenotrophomonas	0.9999997137501692
9bff8133ed45b5446c216e998b8e023b	d__Bacteria;p__Bacillota;c__Clostridia;o__Lachnospirales;f__Lachnospiraceae;g__Roseburia	0.9561066084037206
a845dd89b4b37314497f1ba25982687e	d__Bacteria;p__Deferribacterota;c__Deferribacteres;o__Deferribacterales;f__Deferribacteraceae;g__Mucispirillum	0.9998996293608743
fe52ee7f1686e2e9b9d5f8dcaa4ea637	d__Bacteria;p__Bacillota;c__Bacilli;o__RF39;f__Incertae_Sedis;g__Incertae_Sedis	0.9342719868454212
6e27ab77e45129142c0c1ac61a57309f	d__Bacteria;p__Actinomycetota;c__Coriobacteriia;o__Coriobacteriales;f__Eggerthellaceae	0.9999999817887156
54fce7ad2de38e2220949538f0aac4b0	d__Bacteria;p__Fusobacteriota;c__Fusobacteriia;o__Fusobacteriales;f__Fusobacteriaceae;g__Cetobacterium	0.9999999604383029
597864b2175e0b302316fc2cc284d22d	d__Bacteria;p__Bacillota;c__Clostridia;o__Oscillospirales;f__Ruminococcaceae;g__Incertae_Sedis	0.9123631073115616
7d6dd989fc932ca21f1e9685d816c032	d__Bacteria;p__Bacillota;c__Bacilli;o__Erysipelotrichales;f__Erysipelotrichaceae;g__Amedibacillus	0.8899894954599037
a0be16ec512ffbad480caa45676cab60	d__Bacteria;p__Bacteroidota;c__Bacteroidia;o__Bacteroidales;f__Rikenellaceae;g__Rikenellaceae_RC9_gut_group	0.999999774869107
264eace80a0edf333e0766248172269a	d__Bacteria;p__Bacillota;c__Clostridia;o__Lachnospirales;f__Lachnospiraceae	0.8689718059725989
75c205418b02c498da776fab964328f3	d__Bacteria;p__Bacillota;c__Clostridia;o__Lachnospirales;f__Lachnospiraceae;g__[Eubacterium]_oxidoreducens_group	0.9595118606610537
3e9c0714475d74c22f4db089e5bf3242	d__Bacteria;p__Actinomycetota;c__Coriobacteriia;o__Coriobacteriales;f__Eggerthellaceae	0.9947793127770416
ba0596067c4e680406c82c4baa296538	d__Bacteria;p__Bacillota;c__Clostridia;o__Oscillospirales;f__Ruminococcaceae;g__Subdoligranulum	0.7533847723591381
d4c58000fe90c3f151eb17e8a21065d8	d__Bacteria;p__Bacteroidota;c__Bacteroidia;o__Bacteroidales;f__Muribaculaceae;g__Incertae_Sedis	0.984605725032655
5f4f3cbc94be410d7012be6f45d295f0	d__Bacteria;p__Bacillota;c__Clostridia;o__Oscillospirales;f__Ruminococcaceae;g__Incertae_Sedis	0.9064421131950157
599a73cad76351bcc6176f64e183b643	d__Bacteria;p__Pseudomonadota;c__Gammaproteobacteria;o__Enterobacterales;f__Pasteurellaceae;g__Haemophilus	0.9998788477750375
6f73c60edd391dd4248a2d688a07b22b	d__Bacteria;p__Pseudomonadota;c__Gammaproteobacteria;o__Enterobacterales;f__Idiomarinaceae;g__Aliidiomarina	0.9999513430819824
14139c2d8a5ce9022c1820cba318fd61	d__Bacteria	0.9999992028856584
e504b120e438395864f46f0e4e200fff	d__Bacteria;p__Bacillota;c__Bacilli;o__RF39;f__Incertae_Sedis;g__Incertae_Sedis	0.9999999797055354
9d3e402cf7eff1e1fb3aee9bfa287d2f	d__Bacteria;p__Bacillota;c__Clostridia;o__Oscillospirales;f__Oscillospiraceae;g__Oscillibacter	0.8358995223446133
a94c3367bd0f9b8afa2e05c83c297473	d__Bacteria;p__Bacillota;c__Clostridia;o__Lachnospirales;f__Lachnospiraceae;g__Incertae_Sedis	0.9100537797693043
7cc9ab04b3bd7d400e3ac210e94ded2f	d__Bacteria;p__Bacillota;c__Bacilli;o__Erysipelotrichales;f__Erysipelatoclostridiaceae;g__Thomasclavelia	0.8220058007140887
207fcd9e8444a868b7baca0a02dbed01	d__Bacteria;p__Bacillota;c__Bacilli;o__Erysipelotrichales;f__Erysipelatoclostridiaceae;g__Massiliomicrobiota	0.9999985819942303
63994b200a526b039420cff4a68e6719	d__Bacteria;p__Pseudomonadota;c__Alphaproteobacteria;o__Azospirillales;f__Azospirillaceae;g__Azospirillum	0.9999931827402435
9f4e965ed3d9f2781b8a06496ccf76e2	d__Bacteria;p__Acidobacteriota;c__Blastocatellia;o__Blastocatellales;f__Blastocatellaceae;g__Incertae_Sedis	0.9725905525726927
1a7a971d3bcf21592d1ebabf35d100fd	d__Bacteria;p__Pseudomonadota;c__Alphaproteobacteria;o__Caulobacterales;f__Caulobacteraceae;g__Brevundimonas	0.994586235679364
8ff7fe2da15d0a997bb75c72eee4a0cf	d__Bacteria;p__Deinococcota;c__Deinococci;o__Deinococcales;f__Deinococcaceae;g__Deinococcus	0.9999994932765195
73df0d5d0e75664ea8b9393f88a269e8	d__Bacteria;p__Bacteroidota;c__Bacteroidia;o__Bacteroidales;f__Muribaculaceae;g__Incertae_Sedis	0.9999934036901681
d67afe250b04ec9b2af518c46519ba3c	d__Bacteria;p__Bacillota;c__Clostridia;o__Lachnospirales;f__Lachnospiraceae;g__Roseburia	0.7508880722869375
c58b467b135b0fb896dda6e9c3e55c22	d__Bacteria;p__Gemmatimonadota;c__Gemmatimonadia;o__Gemmatimonadales;f__Gemmatimonadaceae	0.9999999028410183
bfb20df2e628e239a6a47d27e0adee52	d__Bacteria;p__Bacillota;c__Clostridia	0.7584244314915687
6262ed635ecc065fe950cec144ff1f3e	d__Bacteria;p__Deferribacterota;c__Deferribacteres;o__Deferribacterales;f__Deferribacteraceae;g__Mucispirillum	0.9999999999139675
b3a799df27a0b4dc305c4ea5a6116ffd	d__Bacteria;p__Bacteroidota;c__Bacteroidia;o__Bacteroidales;f__Muribaculaceae;g__Incertae_Sedis	0.9999999518210541
685143c7470ce1b83230f22b318f6bf5	d__Bacteria;p__Bacteroidota;c__Bacteroidia;o__Bacteroidales;f__Rikenellaceae;g__Alistipes	0.9999858848092366
9a334745a0891ae70a54aac59a09d154	d__Bacteria;p__Bacillota;c__Clostridia;o__Lachnospirales;f__Lachnospiraceae;g__Incertae_Sedis	0.7487388390039728
ae4b7e2c8b41a06651cad092183ce1a8	d__Bacteria;p__Bacillota;c__Clostridia;o__Lachnospirales;f__Lachnospiraceae	0.9999908537565325
8cb9eb7bf1b8082417a68cb59816817d	d__Bacteria;p__Bacteroidota;c__Bacteroidia;o__Bacteroidales;f__Muribaculaceae;g__Incertae_Sedis	0.9999947340912692
f22497e04548423883971e4b66c4158c	d__Bacteria;p__Bacillota;c__Bacilli;o__Mycoplasmatales;f__Mycoplasmataceae;g__Incertae_Sedis	0.9999999999396323
16c0bd09c249662df73e0619f0cdb42a	d__Bacteria;p__Bacteroidota;c__Bacteroidia;o__Bacteroidales;f__Muribaculaceae;g__Incertae_Sedis	0.9983305389565846
06c60eb8d4e7306d2171981c5e679993	d__Bacteria;p__Bacillota;c__Bacilli;o__Lactobacillales;f__Streptococcaceae;g__Streptococcus	0.8487379909411977
21874e09529e91a4f4fd5da797bdd4e6	d__Bacteria;p__Actinomycetota;c__Actinobacteria;o__Bifidobacteriales;f__Bifidobacteriaceae;g__Bifidobacterium	0.9999984855376837
8ef1f2c3d3c52c52b6868bc89e35d50d	d__Bacteria;p__Pseudomonadota;c__Gammaproteobacteria;o__Lysobacterales;f__Lysobacteraceae;g__Stenotrophomonas	0.999341637673447
eb8debe247f7950fde44766b9cec272c	d__Bacteria;p__Bacteroidota;c__Bacteroidia;o__Bacteroidales;f__Rikenellaceae;g__Rikenellaceae_RC9_gut_group	0.983291203226021
5ad296fd15062be88efdd054af0fdaa8	d__Bacteria;p__Deferribacterota;c__Deferribacteres;o__Deferribacterales;f__Deferribacteraceae;g__Mucispirillum	0.9973503532227398
9b68833bd18fed6a61c7bc144ee2b5bb	d__Bacteria;p__Bacillota;c__Clostridia;o__Lachnospirales;f__Lachnospiraceae;g__Lachnospiraceae_UCG-004	0.9991397126695887
9a5bccbb14c0bd7e4c09c9c24e23b721	d__Bacteria;p__Bacillota;c__Bacilli;o__Lactobacillales;f__Lactobacillaceae;g__Ligilactobacillus	0.9970254840238916
849a7d46e0d798e4bb897842b70de86d	d__Bacteria;p__Bacteroidota;c__Bacteroidia;o__Bacteroidales;f__Rikenellaceae;g__Alistipes	0.9999999457593859
07512350f4f9c107664c8db5d96dd43e	d__Bacteria;p__Patescibacteria;c__Saccharimonadia;o__Saccharimonadales;f__Saccharimonadaceae;g__Candidatus_Saccharimonas	0.9999999157414869
dd336b962319fdf2e0bc6ea38093f352	d__Bacteria;p__Bacillota;c__Clostridia;o__Lachnospirales;f__Lachnospiraceae;g__Incertae_Sedis	0.9971850501916474
77a1df7cf8ac571b4d5a7dcb2db22192	d__Bacteria;p__Bacillota;c__Bacilli;o__Erysipelotrichales;f__Erysipelotrichaceae;g__Holdemania	0.9999997443834487
ceefebdd9ea8462794b7658638406416	d__Bacteria;p__Bacillota;c__Bacilli;o__Lactobacillales;f__Lactobacillaceae;g__Ligilactobacillus	0.9918918954256022
b5704cff8196df37d5a05a8e37da06c3	d__Bacteria;p__Bacteroidota;c__Bacteroidia;o__Bacteroidales;f__Muribaculaceae;g__Incertae_Sedis	0.9999999578637935
e20f67f0eb1bd875a52d5f01f9936f23	d__Bacteria;p__Bacillota;c__Clostridia;o__Lachnospirales;f__Lachnospiraceae;g__Lachnospiraceae_UCG-004	0.7771568974748506
e8a14e1c10d17b1718f48ef637f1d2b7	d__Bacteria;p__Bacteroidota;c__Bacteroidia;o__Bacteroidales;f__Bacteroidaceae;g__Bacteroides	0.9999785525921927
5fa2c061ae6cbb6555b90c1ba176ae3e	d__Bacteria;p__Bacteroidota;c__Bacteroidia;o__Bacteroidales;f__Muribaculaceae;g__Incertae_Sedis	0.9948897923100828
0a84792697a4bcbfa12a4093f6768236	d__Bacteria;p__Bacillota;c__Negativicutes;o__Veillonellales-Selenomonadales;f__Selenomonadaceae;g__Megamonas	0.999999995270457
1a9d244b010c658caf4d7909d8023d0e	d__Bacteria;p__Bacillota;c__Clostridia;o__Lachnospirales;f__Lachnospiraceae	0.9879228762601187
17fbdac21b8f37e565a9c1cdff79cda5	d__Bacteria;p__Bacillota;c__Clostridia;o__Lachnospirales;f__Lachnospiraceae;g__Lachnospiraceae_NC2004_group	0.9575457925341361
78a45620412e4a92f990a2f136dce728	d__Bacteria;p__Bacillota;c__Clostridia;o__Lachnospirales;f__Lachnospiraceae	0.9986043017392349
abffe03664239956df855c66168a1ad4	d__Bacteria;p__Bacteroidota;c__Bacteroidia;o__Bacteroidales;f__Bacteroidaceae;g__Bacteroides	0.9999325941486616
bd14a0d07d120b657295366da13bd45e	d__Bacteria;p__Acidobacteriota;c__Blastocatellia;o__Blastocatellales;f__Blastocatellaceae	0.9999999999747627
21f2f7e2413b8a2c279ad92967674b3c	d__Bacteria;p__Actinomycetota;c__Actinobacteria;o__Micrococcales;f__Micrococcaceae;g__Kocuria	0.946135236812553
cb447b2d9085bd4e7c70a0890ad439fb	d__Bacteria;p__Bacillota;c__Bacilli;o__Lactobacillales;f__Lactobacillaceae;g__Limosilactobacillus	0.8485147547072384
65640ce2790f530ae157925cab9e20ab	d__Bacteria;p__Bacillota;c__Clostridia;o__Lachnospirales;f__Lachnospiraceae	0.9492766511258782
07c0a6faca1c58b5d259fa9d0c6a888b	d__Bacteria;p__Latescibacterota;c__Incertae_Sedis;o__Incertae_Sedis;f__Incertae_Sedis;g__Incertae_Sedis	0.9999994695076552
ccba2cf717b9c79818d5f8c2dfd8ed58	d__Bacteria;p__Bacillota;c__Clostridia;o__Lachnospirales;f__Lachnospiraceae	0.9999746633914848
4898064c7efd959f83e82e0630558503	d__Bacteria;p__Bacillota;c__Clostridia;o__Oscillospirales;f__Ruminococcaceae	0.994224376798897
126b4e0ede34a4c700b150e8899c868a	d__Bacteria;p__Thermodesulfobacteriota;c__Desulfovibrionia;o__Desulfovibrionales;f__Desulfovibrionaceae;g__Desulfovibrio	0.8458746675091424
af1fc63b04f07ea980cf207cf57ee0ae	d__Bacteria;p__Bacillota;c__Clostridia;o__Lachnospirales;f__Lachnospiraceae;g__Lachnospiraceae_UCG-004	0.8188614622882199
b799916d76beb64013b460407efbb975	d__Bacteria;p__Bacillota;c__Clostridia;o__Lachnospirales;f__Lachnospiraceae	0.9999997106842877
9478248b0e1fda0f4aaf2c7d1c7a5d7b	d__Bacteria;p__Bacteroidota;c__Bacteroidia;o__Bacteroidales;f__Rikenellaceae;g__Rikenellaceae_RC9_gut_group	0.9113227399310373
a4bef258f571ac2c70d335f7530b12ec	d__Bacteria;p__Bacillota;c__Clostridia;o__Lachnospirales;f__Lachnospiraceae;g__Incertae_Sedis	0.9920041373946592
67d1ffbb58a89c339dd735f334c354b2	d__Bacteria;p__Bacteroidota;c__Bacteroidia;o__Bacteroidales;f__Muribaculaceae;g__Incertae_Sedis	0.999999557767934
3742f76d69a1bdc053d275124c61e1fe	d__Bacteria;p__Chloroflexota;c__Chloroflexia;o__Chloroflexales;f__Herpetosiphonaceae;g__Herpetosiphon	0.9999999982460679
6da381287ae5bbd459d493403fb136af	d__Bacteria;p__Pseudomonadota;c__Gammaproteobacteria;o__Burkholderiales;f__Sutterellaceae;g__Turicimonas	0.9996628482525199
246a6a6de80e18d06854430344b0cb91	d__Bacteria;p__Thermodesulfobacteriota;c__Desulfovibrionia;o__Desulfovibrionales;f__Desulfovibrionaceae;g__Incertae_Sedis	0.9972224937438036
6dd45ea7f7ee299dc325253a65b2db98	d__Bacteria;p__Bacillota;c__Bacilli;o__Erysipelotrichales;f__Erysipelatoclostridiaceae;g__Massiliomicrobiota	0.9976107588136934
1f2a1cfbf1e678cca4880e6e54b6ab73	d__Bacteria;p__Campylobacterota;c__Campylobacteria;o__Campylobacterales;f__Helicobacteraceae;g__Helicobacter	0.9960650253245582
010c15447edf5f51fe743805a62b6881	d__Bacteria;p__Bacteroidota;c__Bacteroidia;o__Bacteroidales;f__Bacteroidaceae;g__Bacteroides	0.999999973775289
d47ef60b0131c3117dbc2a6e9ce875d4	d__Bacteria;p__Bacteroidota;c__Bacteroidia;o__Bacteroidales;f__Muribaculaceae;g__Incertae_Sedis	0.9999821411700759
8f73c2564fb51a4bfe7a5199127d4d69	d__Bacteria;p__Bacteroidota;c__Bacteroidia;o__Bacteroidales;f__Bacteroidaceae;g__Bacteroides	0.9999263932040903
afc50ab20d2495498ec9bc6db95bca33	d__Bacteria;p__Bacillota;c__Clostridia;o__Lachnospirales;f__Lachnospiraceae	0.7453630329435094
4175a87a4e86cb78be7037d92fd8d94c	d__Bacteria;p__Bacillota;c__Bacilli;o__Lactobacillales;f__Lactobacillaceae;g__Lactobacillus	0.9720245862698417
a8b8145ffd5a0516f49b2aff39e91880	d__Bacteria;p__Bacteroidota;c__Bacteroidia;o__Bacteroidales;f__Muribaculaceae;g__Incertae_Sedis	0.9999999945235061
e1f213b29f5e7ab5889e02facf0f9bb2	d__Bacteria;p__Bacillota;c__Clostridia;o__Peptococcales;f__Peptococcaceae;g__Peptococcus	0.9999874837070301
ed9cb3af0b6c85baf3c2131ebc754502	d__Bacteria;p__Bacillota;c__Clostridia;o__Christensenellales;f__Christensenellaceae;g__Christensenellaceae_R-7_group	0.9601665936164354
86d836e4474e2eb1289ecc8889edc1f7	d__Bacteria;p__Thermodesulfobacteriota;c__Syntrophobacteria;o__Syntrophobacterales;f__Syntrophobacteraceae;g__Syntrophobacter	0.9995188959076714
ac7f89c88e34dccaed857819d42a4dea	d__Bacteria;p__Bacteroidota;c__Bacteroidia;o__Bacteroidales;f__Muribaculaceae;g__Incertae_Sedis	0.9996314807802619
53ea1ca124fb996c9755617ef7220299	d__Bacteria;p__Thermodesulfobacteriota;c__Desulfovibrionia;o__Desulfovibrionales;f__Desulfovibrionaceae;g__Incertae_Sedis	0.9996482522241512
bdd18d18426425c5c6c75cdb65313335	d__Bacteria;p__Patescibacteria;c__Parcubacteria;o__Candidatus_Yanofskybacteria;f__Incertae_Sedis;g__Incertae_Sedis	0.9999961760875987
d2efec670adc438c361e811552f4c86e	d__Bacteria;p__Bacteroidota;c__Bacteroidia;o__Cytophagales;f__Spirosomataceae;g__Dyadobacter	0.9999999481513853
4327e2d5af6b64db52d63ba7f2228c38	d__Bacteria;p__Pseudomonadota;c__Alphaproteobacteria;o__Micavibrionales;f__Micavibrionaceae;g__Micavibrio	0.9999999999641744
aace67b0594d48e180f359223728f9f6	d__Bacteria;p__Chloroflexota;c__Ktedonobacteria;o__Ktedonobacterales;f__Ktedonobacteraceae	0.9999999999597325
318a9353bbe8fdf90f4545e94c0912ef	d__Bacteria;p__Bacillota;c__Clostridia;o__Lachnospirales;f__Lachnospiraceae	0.9963222422987099
d9fa6a1c7c0617f51d50975a6ccf2b72	Unassigned	0.30397446089194746
4b469b46895f36c6f240e9bbcbf4f2d8	d__Bacteria;p__Bacillota;c__Bacilli;o__Lactobacillales;f__Lactobacillaceae;g__Ligilactobacillus	0.9993723518208056
91a6788fcdecf33b6882b8c6f46b61a4	d__Bacteria;p__Bacteroidota;c__Bacteroidia;o__Bacteroidales;f__Prevotellaceae;g__Prevotellaceae_UCG-003	0.9999999973959177
aba88632211e7f50281d9f10c284737a	d__Bacteria;p__Pseudomonadota;c__Gammaproteobacteria;o__Lysobacterales;f__Lysobacteraceae	0.9999236119486581
dc44db95d836572568604aabb00e2f49	d__Bacteria;p__Bacillota;c__Bacilli;o__Bacillales;f__Bacillaceae;g__Bacillus	0.8434052360405693
ba06f50498707c88da69d5cb3afb1ae8	d__Bacteria;p__Patescibacteria;c__Saccharimonadia;o__Saccharimonadales;f__Saccharimonadaceae;g__TM7a	0.9914421032154187
5fdb4073f8552a6f8612c75944ba6a6b	d__Bacteria;p__Bacillota;c__Clostridia;o__Lachnospirales;f__Lachnospiraceae;g__Tyzzerella	0.9915251283240052
84fa88c0a81defb8502af65c4cc89a20	d__Bacteria;p__Verrucomicrobiota;c__Verrucomicrobiia;o__Pedosphaerales;f__Pedosphaeraceae;g__Incertae_Sedis	0.9995569497599305
f046c7e8876b6c94fa48bc21163bc74a	d__Bacteria;p__Planctomycetota;c__Planctomycetes;o__Gemmatales;f__Gemmataceae;g__Incertae_Sedis	0.9999999457654681
c1a4fea3444036aa87679d9e5f31712a	d__Bacteria;p__Bacteroidota;c__Bacteroidia;o__Bacteroidales;f__Bacteroidetes_vadinHA17;g__Incertae_Sedis	0.9999995699855121
1d3e3fd7c4bb8e899973da323c10f8f2	d__Bacteria;p__Actinomycetota;c__Actinobacteria;o__Mycobacteriales;f__Corynebacteriaceae;g__Lawsonella	0.9999999886756542
75a38893629609fb6a12b48c5e4b9caf	d__Bacteria;p__Gemmatimonadota;c__Gemmatimonadia;o__Gemmatimonadales;f__Gemmatimonadaceae;g__Incertae_Sedis	0.8642492650320852
c3a52e2191536d636668c661a89dc9d3	d__Bacteria;p__Bacteroidota;c__Bacteroidia;o__Flavobacteriales;f__Flavobacteriaceae;g__Flavobacterium	0.999942309406255
f36b9a7cfb70d90085b264a564bc6b03	d__Bacteria;p__Pseudomonadota;c__Gammaproteobacteria;o__Burkholderiales;f__Nitrosomonadaceae;g__mle1-7	0.9997877770123434
3665db66c46e0c9ea9859ea16e7ce017	d__Bacteria;p__Pseudomonadota;c__Gammaproteobacteria;o__Burkholderiales;f__Comamonadaceae	0.999995916699247
3d4021b95421c57b6ef848144877ffdf	d__Bacteria;p__Pseudomonadota;c__Gammaproteobacteria;o__Burkholderiales;f__SC-I-84;g__Incertae_Sedis	0.9999974031830627
39bdb5d7dfcf7dc0d3b3d27b10ddaaa2	d__Bacteria;p__Chloroflexota;c__Anaerolineae;o__Aggregatilineales;f__A4b;g__Incertae_Sedis	0.783614004531515
b739a16af1fea4ec1077af6b09a05a70	d__Bacteria;p__Acidobacteriota;c__Blastocatellia;o__Pyrinomonadales;f__Pyrinomonadaceae;g__Arenimicrobium	0.9939564626492906
8cde7567a38cb45e8ae280e78ca05543	d__Bacteria;p__Bacteroidota;c__Bacteroidia;o__Bacteroidales;f__Prevotellaceae;g__Prevotellaceae_UCG-003	0.8082962013871623
069018da292e960fa97a887b671a8d9a	d__Bacteria;p__Bacteroidota;c__Bacteroidia;o__Cytophagales;f__Microscillaceae	0.9999999999741411
bde4a1ccba627d05da4497cc951d6c1e	d__Bacteria;p__Pseudomonadota;c__Gammaproteobacteria;o__Pseudomonadales;f__Moraxellaceae;g__Acinetobacter	0.9999995914310471
ce24cee2e0498db9b614961343f5a889	d__Bacteria;p__Bacteroidota;c__Bacteroidia;o__Bacteroidales;f__Muribaculaceae;g__Incertae_Sedis	0.9999893564034313
49707bf1d1d19920cc71cd3cbd0c8ef8	d__Bacteria;p__Bacillota	0.8027603816421008
324cc2ac21d0f0bdef67545b70cd43be	d__Bacteria;p__Bacteroidota;c__Bacteroidia;o__Bacteroidales;f__Bacteroidaceae;g__Bacteroides	0.9989391483516336
e216af98c0d13f7c8e18a4db9a06c0c5	d__Bacteria;p__Bacillota;c__Clostridia;o__Oscillospirales;f__Ruminococcaceae	0.9999928838297107
ea6ec0e14fec63bae6b3284efb6b5a8d	d__Bacteria;p__Bacteroidota;c__Bacteroidia;o__Bacteroidales;f__Tannerellaceae;g__Parabacteroides	0.9999044978180985
163f672a5aa85a8f94f0fd6e367f7629	d__Bacteria;p__Spirochaetota;c__Spirochaetia;o__Spirochaetales;f__Spirochaetaceae;g__Sphaerochaeta	0.9999946835408833
778a44ffe43989c9854580743dd44061	d__Bacteria;p__Pseudomonadota;c__Gammaproteobacteria;o__Enterobacterales;f__Enterobacteriaceae;g__Escherichia-Shigella	0.982406095599754
ceb8658a58d55668037361d5b51efad8	d__Bacteria;p__Bacteroidota;c__Bacteroidia;o__Bacteroidales;f__Prevotellaceae;g__Prevotellaceae_NK3B31_group	0.985370334487227
83786cbe1cf1810db47f796fcdcb772e	d__Bacteria;p__Bacteroidota;c__Bacteroidia;o__Bacteroidales	0.9991566729716643
4acbae9bd0a6a0e8a0ad0db389e64cf7	d__Bacteria;p__Bacillota;c__Negativicutes;o__Acidaminococcales;f__Acidaminococcaceae;g__Succinispira	0.7012893749062713
be0adb6aa0e0b52ea983444cb2aafc30	d__Bacteria;p__Bacillota;c__Clostridia;o__Lachnospirales;f__Lachnospiraceae	0.9999903313116019
569cf44134eefa8cd034e17f16904216	d__Bacteria;p__Bacillota;c__Clostridia;o__Lachnospirales;f__Lachnospiraceae;g__Lachnospiraceae_XPB1014_group	0.9996736315669446
fe9d060f8fee4ec78a792bdf89d16ca9	d__Bacteria;p__Actinomycetota;c__Actinobacteria;o__Micrococcales;f__Dermabacteraceae;g__Brachybacterium	0.9997291230189139
03210e02a1392a47cf9b1b6ccd11999c	d__Bacteria;p__Acidobacteriota;c__Vicinamibacteria;o__Vicinamibacterales;f__Vicinamibacteraceae;g__Incertae_Sedis	0.9992523556621075
8e1812f3a9db8ccbacafbf355b3844bc	d__Bacteria;p__Bacteroidota;c__Bacteroidia;o__Bacteroidales;f__Muribaculaceae;g__Incertae_Sedis	0.9999998603929141
418aaa4817c695303481215cca17525c	d__Bacteria;p__Gemmatimonadota;c__Gemmatimonadia;o__Gemmatimonadales;f__Gemmatimonadaceae;g__Gemmatimonas	0.9862064250839558
183b5b6c34fc197776c5747265ec1191	d__Bacteria;p__Bacteroidota;c__Bacteroidia;o__Bacteroidales;f__Muribaculaceae;g__Incertae_Sedis	0.9988171072262717
b274cd7835f761b15784866619cc4808	d__Bacteria;p__Pseudomonadota;c__Gammaproteobacteria;o__Pseudomonadales;f__Moraxellaceae;g__Acinetobacter	0.99999339794129
440631bf687cd0b28838cd567564d2a7	d__Bacteria;p__Bacillota;c__Clostridia;o__Oscillospirales;f__Oscillospiraceae;g__Ruminiclostridium	0.8948149413598321
f0084ce73663ad41f675d623d8f45593	d__Bacteria;p__Acidobacteriota;c__Blastocatellia;o__Pyrinomonadales;f__Pyrinomonadaceae;g__Incertae_Sedis	0.988485241892857
73ab6c5da15e03021ce546fae6de16aa	d__Bacteria;p__Bacillota;c__Bacilli;o__Lactobacillales;f__Lactobacillaceae	0.9999999944390486
d9ba6a85d2a0218a5ce584b2455ba144	d__Bacteria;p__Bacillota;c__Bacilli;o__Erysipelotrichales;f__Erysipelotrichaceae;g__Dubosiella	0.9977997996945362
a1ecd39c098f6ab255cddc24225c4fe4	d__Bacteria;p__Bacteroidota;c__Bacteroidia;o__Bacteroidales;f__Muribaculaceae;g__Incertae_Sedis	0.9127557091011645
527b2e9e6a5a47afd4b11e532e3ebb25	d__Bacteria;p__Pseudomonadota;c__Gammaproteobacteria;o__Burkholderiales;f__Sutterellaceae;g__Turicimonas	0.9999999190419862
58ec3a12613ffd6efd4178fa2bc13738	d__Bacteria;p__Bacillota;c__Bacilli;o__Erysipelotrichales;f__Erysipelotrichaceae	0.9999909700206213
7530e0ffc2b866997b6f56a65cc29a46	d__Bacteria;p__Bacillota;c__Bacilli;o__Lactobacillales;f__Lactobacillaceae;g__Ligilactobacillus	0.9987292053888631
4d94ddec805eec4a52cb1139405e0019	d__Bacteria;p__Bacteroidota;c__Bacteroidia;o__Bacteroidales;f__Bacteroidaceae;g__Bacteroides	0.9999999466613204
fdee82112a204e17e7bd591a623cf96d	d__Bacteria;p__Bacillota;c__Clostridia;o__Oscillospirales;f__Oscillospiraceae	0.9991805698488866
180590c247e59f537228172b9bc116ed	d__Bacteria;p__Bacillota;c__Bacilli;o__RF39;f__Incertae_Sedis;g__Incertae_Sedis	0.9999999999884892
4ed178da120f48ebece2b78b690c1a9f	d__Bacteria;p__Bacillota;c__Clostridia;o__Lachnospirales;f__Lachnospiraceae;g__Lachnospiraceae_NK4A136_group	0.7575787910945144
c8f53b75d65d3acb01fb8c8cad277af7	d__Bacteria;p__Bacillota;c__Bacilli;o__RF39;f__Incertae_Sedis;g__Incertae_Sedis	0.9999999856829903
915b88b2903b022f2315d0c70b273cd0	d__Bacteria;p__Cyanobacteriota;c__Vampirivibrionia;o__Gastranaerophilales;f__Gastranaerophilaceae;g__Incertae_Sedis	0.9999605377783055
e084d528521798917c8cc6a9eae3afab	d__Bacteria;p__Bacillota;c__Bacilli;o__Erysipelotrichales;f__Erysipelotrichaceae;g__Dubosiella	0.9119809405291209
67340f72a1cdefe16fc393506bfe18b9	d__Bacteria;p__Actinomycetota;c__Actinobacteria;o__Micrococcales;f__Micrococcaceae;g__Rothia	0.9999992978124702
0fbc8caad6dbca1ad45b0892c9a3e685	d__Bacteria;p__Bacteroidota;c__Bacteroidia;o__Bacteroidales;f__Muribaculaceae;g__Incertae_Sedis	0.9999955581029696
5bd503f0d7cb849b76293e931628b964	d__Bacteria;p__Bacteroidota;c__Bacteroidia;o__Bacteroidales;f__Prevotellaceae;g__Prevotellaceae_UCG-003	0.9950519598803607
e215095123f019360bf26f24e3e0e5da	d__Bacteria;p__Bacillota;c__Clostridia;o__Lachnospirales;f__Lachnospiraceae	0.9982600914967711
563f8f9c1d7dab958adf84abd095b5b3	d__Bacteria;p__Bacillota;c__Clostridia;o__Lachnospirales;f__Lachnospiraceae;g__Lachnospiraceae_UCG-004	0.9838221129205914
972e6d8a1d4769510200491dbeb309a2	d__Bacteria;p__Bacteroidota;c__Bacteroidia;o__Bacteroidales;f__Muribaculaceae;g__Incertae_Sedis	0.9999991286463329
1a560450e643725d3df30a087c87c00a	d__Bacteria;p__Bacillota;c__Bacilli;o__Lactobacillales;f__Lactobacillaceae;g__Lactobacillus	0.99959086738524
3c311f91c4c508d05dc5a7ed20067c69	d__Bacteria	0.9999986181183949
948563a21ce1943783c1d6655f9ac815	d__Bacteria;p__Bacteroidota;c__Bacteroidia;o__Bacteroidales;f__Muribaculaceae;g__Incertae_Sedis	0.9999565109714578
cf301b737bf70439339f81cade09ea62	d__Bacteria;p__Bacillota;c__Clostridia;o__Lachnospirales;f__Lachnospiraceae;g__Lachnospiraceae_UCG-004	0.9999783922160033
2f9764cfab20578163c31db43e3ced2e	d__Bacteria;p__Bacillota;c__Clostridia;o__Lachnospirales;f__Lachnospiraceae	0.9999805133479103
4481e8abf4acb78a61b2fa4943fb184e	d__Bacteria;p__Bacteroidota;c__Bacteroidia	0.799999366295321
48c022bbcc9fe21ddbf1895339ae20a9	d__Bacteria;p__Thermodesulfobacteriota;c__Desulfovibrionia;o__Desulfovibrionales;f__Desulfovibrionaceae;g__Bilophila	0.9439545342590284
54a39327064ec7e95d710961defd4638	d__Bacteria;p__Bacillota;c__Clostridia	0.9999880927309038
b021265942d2a6e9d5b4920be0333866	d__Bacteria	0.9999999205561012
ae7d0a8a05bf1c4a1a12d3c622b4164f	d__Bacteria;p__Bacillota;c__Bacilli;o__RF39;f__Incertae_Sedis;g__Incertae_Sedis	0.9999999888328547
c0c26e1127fd6ada56fa200160dab13f	d__Bacteria;p__Thermodesulfobacteriota;c__Desulfovibrionia;o__Desulfovibrionales;f__Desulfovibrionaceae;g__Incertae_Sedis	0.9998216851650689
2e0dfa2278c812ce503a070581936a99	d__Bacteria;p__Pseudomonadota;c__Alphaproteobacteria;o__Rickettsiales;f__Mitochondria;g__Incertae_Sedis	1.0
a07bef809e3254d354254ce37846314b	d__Bacteria;p__Bacillota;c__Bacilli;o__Lactobacillales;f__Lactobacillaceae;g__Lactobacillus	0.9986303238454866
6cd4c6a2e7ed715d6736c9e609734072	d__Bacteria;p__Bacillota;c__Clostridia;o__Lachnospirales;f__Lachnospiraceae	0.9831299097789046
b6c051f22591e2eedead04276ff96621	d__Bacteria;p__Bacillota;c__Clostridia;o__Oscillospirales;f__Ruminococcaceae;g__Incertae_Sedis	0.8202286853690093
e69221b7635330554a5ed9ceb1fd6b40	d__Bacteria;p__Actinomycetota;c__Coriobacteriia;o__Coriobacteriales;f__Eggerthellaceae	0.9999966786599956
58bdceefcabf83545b539bf7e34d316e	d__Bacteria;p__Bacillota;c__Clostridia;o__Lachnospirales;f__Lachnospiraceae	0.9999887868411116
54f9b8f98f4961693855d25307d23fcc	d__Bacteria;p__Actinomycetota;c__Coriobacteriia;o__Coriobacteriales;f__Eggerthellaceae;g__Adlercreutzia	0.9999994178313034
8e7397d86760c696f31203a9a2d0beb2	d__Bacteria;p__Bacteroidota;c__Bacteroidia	0.788856947194383
62e2848f1cf89bf8b00802c07325a3a2	d__Bacteria;p__Bacillota;c__Bacilli;o__Lactobacillales;f__Lactobacillaceae	0.756450018160095
5c97a48004ccdc85a1aad65b6d25379a	d__Bacteria;p__Pseudomonadota;c__Gammaproteobacteria;o__Burkholderiales;f__Sutterellaceae;g__Turicimonas	0.999915972045274
79eff29d43b850afccb5c26590d7a0c2	d__Bacteria;p__Pseudomonadota;c__Gammaproteobacteria;o__Burkholderiales;f__Burkholderiaceae;g__Cupriavidus	0.9761763977327317
abdc49dda5d5fed22f0086c8abed7053	d__Bacteria;p__Bacteroidota;c__Bacteroidia;o__Bacteroidales;f__Rikenellaceae;g__Alistipes	0.9999999995482369
6d2651269284bd7c3e8dc34684b900ce	d__Bacteria;p__Bacteroidota;c__Bacteroidia;o__Bacteroidales;f__Muribaculaceae	0.9999974172243402
f753e418fcd23e3e3b59541055d340bd	d__Bacteria;p__Bacteroidota;c__Bacteroidia;o__Bacteroidales;f__Muribaculaceae;g__Incertae_Sedis	0.9999998454239409
c07150f5a4d69470cc7ecffcfff193c6	d__Bacteria;p__Bacteroidota;c__Bacteroidia;o__Bacteroidales;f__Muribaculaceae;g__Incertae_Sedis	0.9999999778439703
73d34baae05832d0e78fca253cad56b0	d__Bacteria;p__Bacteroidota;c__Bacteroidia;o__Bacteroidales;f__Muribaculaceae;g__Incertae_Sedis	0.9999999957085208
9914b1a5ca5e758ba6461de27f3354ca	d__Bacteria;p__Bacillota;c__Clostridia;o__Lachnospirales;f__Lachnospiraceae	0.9999337965752252
2553cbcf02e320cdf86d4adb788fd9b4	d__Bacteria;p__Bacteroidota;c__Bacteroidia;o__Bacteroidales;f__Muribaculaceae;g__Incertae_Sedis	0.9969185037477674
29acfc90bdfcab76659e0c876c149c07	d__Bacteria;p__Bacillota;c__Clostridia;o__Lachnospirales;f__Lachnospiraceae	0.9999939084882886
3cc7346eed848ee8baf336b538e18656	d__Bacteria;p__Bacillota;c__Clostridia;o__Lachnospirales;f__Lachnospiraceae	0.9938132828381319
f11efdde55644d2655d95ea03d66bbee	d__Bacteria;p__Bacillota;c__Clostridia;o__Peptococcales;f__Peptococcaceae;g__Incertae_Sedis	0.9999876209765219
899192bdc7e225e1a0781409da66355d	d__Bacteria;p__Bacteroidota;c__Bacteroidia;o__Bacteroidales;f__Muribaculaceae;g__Incertae_Sedis	0.9999999648136402
7d1ffe5c8c4ab3a3c81333cc1efa9d8a	d__Bacteria;p__Bacteroidota;c__Bacteroidia;o__Bacteroidales;f__Muribaculaceae;g__Incertae_Sedis	0.9999578581943467
878ec373ac6665ce5e64ee0f5c7094ad	d__Bacteria;p__Bacteroidota;c__Bacteroidia;o__Bacteroidales;f__Rikenellaceae;g__Alistipes	0.999998269158644
464cbb195ff49692d65061d802011f5b	d__Bacteria;p__Bacillota;c__Clostridia;o__Lachnospirales;f__Lachnospiraceae	0.9999930247749688
1b42037ca8c328d0c91f796462b98908	d__Bacteria;p__Bacillota;c__Clostridia;o__Lachnospirales;f__Lachnospiraceae;g__Lachnospiraceae_UCG-004	0.9990238097420977
3e8246cae76ebfac806a7b8f8dfe56f7	d__Bacteria;p__Bacillota;c__Clostridia;o__Lachnospirales;f__Lachnospiraceae	0.9747722625609737
82acf6d57445ac2cd08db13daf534163	d__Bacteria;p__Bacillota;c__Clostridia;o__Lachnospirales;f__Lachnospiraceae;g__Incertae_Sedis	0.9305314706019114
0fada1ea8dfc7abe87a55f15835fe033	d__Bacteria;p__Bacillota;c__Clostridia;o__Oscillospirales;f__Ruminococcaceae;g__Incertae_Sedis	0.7744687777439965
e4096a1466d3f2964f17a84a638d6f92	d__Bacteria;p__Bacteroidota;c__Bacteroidia;o__Bacteroidales;f__Muribaculaceae;g__Incertae_Sedis	0.9999998461637863
c9e542aa4a225567287e6f66e59b5890	d__Bacteria;p__Bacteroidota;c__Bacteroidia;o__Bacteroidales;f__Muribaculaceae;g__Incertae_Sedis	0.9999999384753285
82f3adce8df33ddcd86fd1bc91b4c834	d__Bacteria;p__Bacteroidota;c__Bacteroidia;o__Bacteroidales;f__Bacteroidaceae;g__Bacteroides	0.9999917245216006
3ecc50ba7188a83196ad36cbe29b914b	d__Bacteria;p__Bacteroidota;c__Bacteroidia;o__Bacteroidales;f__Bacteroidaceae;g__Bacteroides	0.9996462804751775
1ace069e155793ee31ddca6b0b241f98	d__Bacteria;p__Bacteroidota;c__Bacteroidia;o__Bacteroidales;f__Muribaculaceae;g__Incertae_Sedis	0.8478084795547712
af4bdb1578c3d44a540ba6446963c282	d__Bacteria;p__Bacillota;c__Clostridia;o__Oscillospirales;f__Ruminococcaceae;g__Acutalibacter	0.8179960147698206
d26bb8576e8ab6c23912502d0af19ce2	d__Bacteria;p__Bacteroidota;c__Bacteroidia;o__Cytophagales;f__Spirosomataceae	0.7975059976861996
1ed50fff4d4ef35f62950cc16b59c96b	d__Bacteria;p__Bacillota;c__Clostridia;o__Lachnospirales;f__Lachnospiraceae;g__Incertae_Sedis	0.8369059739812297
8c23efa94af182d3baeb84f26bfebf26	d__Bacteria;p__Bacillota;c__Clostridia;o__Lachnospirales;f__Lachnospiraceae;g__Incertae_Sedis	0.9494910093848077
cbfa3dfe3740e53f29ccea0874cda5f5	d__Bacteria;p__Bacillota;c__Clostridia;o__Lachnospirales;f__Lachnospiraceae;g__Incertae_Sedis	0.8220496021496082
b4701068640cc087fc0a2636dbd9df2d	d__Bacteria;p__Bacillota;c__Clostridia;o__Lachnospirales;f__Lachnospiraceae;g__Incertae_Sedis	0.7922018664306872
5a93706e5bdd3d258c81a7b50744b81b	d__Bacteria;p__Bacillota;c__Bacilli;o__RF39;f__Incertae_Sedis;g__Incertae_Sedis	0.9999999999803322
116f36e619516ac94e14a36aec4e491b	d__Bacteria;p__Bacillota;c__Clostridia;o__Lachnospirales;f__Lachnospiraceae;g__Incertae_Sedis	0.9392233468600663
04545f9e9dc6124c8cb46b284058b48f	d__Bacteria;p__Bacillota;c__Clostridia;o__Lachnospirales;f__Lachnospiraceae;g__Incertae_Sedis	0.8600148936148453
58a66736aaf84d6b19e2fb27c25a3cd2	d__Bacteria;p__Bacillota;c__Clostridia;o__Oscillospirales;f__Ruminococcaceae	0.9823938091265445
93e6358cde6f67397cdec183e744db83	d__Bacteria;p__Bacteroidota;c__Bacteroidia;o__Bacteroidales;f__Muribaculaceae;g__Incertae_Sedis	0.99999998300288
0a920440e8c3fa2937d99a0a5cc4b5b1	d__Bacteria;p__Bacillota;c__Clostridia;o__Lachnospirales;f__Lachnospiraceae;g__Lachnospiraceae_UCG-004	0.9999996152416374
f7e4d5ae33c1025f5fbbdb2058a32fa3	d__Bacteria;p__Bacteroidota;c__Bacteroidia;o__Bacteroidales;f__Muribaculaceae;g__Incertae_Sedis	0.9999999950773599
666950e1881fefa8f50f79a241e8cbdc	d__Bacteria;p__Bacillota;c__Clostridia;o__Lachnospirales;f__Lachnospiraceae	0.9991696426831871
8b4e00c45866111d7929bba98246e002	d__Bacteria;p__Bacillota;c__Clostridia;o__Lachnospirales;f__Lachnospiraceae	0.9813643845322488
a5402b4635369f09993513fb54ae1b60	d__Bacteria;p__Bacillota;c__Clostridia;o__Lachnospirales;f__Lachnospiraceae;g__Incertae_Sedis	0.9990670355111179
49028b10dc9b1459ac8cebfaf0976cba	d__Bacteria;p__Bacillota;c__Clostridia;o__Lachnospirales;f__Lachnospiraceae	0.8196011246744718
22ee9911a784d6c93f6171b9423c7330	d__Bacteria;p__Bacillota;c__Bacilli;o__Lactobacillales;f__Streptococcaceae;g__Lactococcus	0.9889649933561914
935326529bfb96c5e860d78c35386a65	d__Bacteria;p__Bacillota;c__Clostridia;o__Lachnospirales;f__Lachnospiraceae	0.9999991431467579
b55b32e4b64d43b19128438ecb9fa5b0	d__Bacteria;p__Bacillota;c__Clostridia;o__Oscillospirales;f__Ruminococcaceae;g__Harryflintia	0.9903849741854799
361972cdf126e6c9e956aa496b06c5d4	d__Bacteria;p__Bacillota;c__Clostridia;o__Lachnospirales;f__Lachnospiraceae	0.9645099703404435
1de07604b1c067a864e045136ab24f76	d__Bacteria;p__Bacillota;c__Clostridia;o__Lachnospirales;f__Lachnospiraceae;g__Incertae_Sedis	0.7552610905613131
4b2e1448d2744390718a8ed4c66ce150	d__Bacteria;p__Bacillota;c__Clostridia;o__Lachnospirales;f__Lachnospiraceae	0.9400530711894239
3c6f8da525ec5a058000f352d0b2451b	d__Bacteria;p__Bacillota;c__Clostridia;o__Lachnospirales;f__Lachnospiraceae;g__Incertae_Sedis	0.7625765936937023
37237026e0a673e8201349e9f7308535	d__Bacteria;p__Bacillota;c__Clostridia;o__Lachnospirales;f__Lachnospiraceae	0.9977386818351374
caa872b6da47aa54421cc28d80f2db2a	d__Bacteria;p__Bacillota;c__Clostridia;o__Oscillospirales;f__Ruminococcaceae;g__Harryflintia	0.9525728093766429
2c09c37aa0259e7d0606600333fcb804	d__Bacteria;p__Bacillota;c__Clostridia;o__Oscillospirales;f__Ruminococcaceae	0.8909934292887276
f22da28ad570f6088c48ee7850c994d5	d__Bacteria;p__Bacillota;c__Clostridia;o__Lachnospirales;f__Lachnospiraceae;g__Incertae_Sedis	0.9159389257729847
3ea8c90b0db1747838c4d1a254890492	d__Bacteria;p__Bacillota;c__Clostridia;o__Lachnospirales;f__Lachnospiraceae	0.9936542579575611
2da4c960c0122a771e24ed0261bfa154	d__Bacteria;p__Bacillota;c__Bacilli;o__Lactobacillales;f__Streptococcaceae;g__Streptococcus	0.9999876524719341
cff2f00fc2df1b935cfaee7a300f9d27	d__Bacteria;p__Actinomycetota;c__Coriobacteriia;o__Coriobacteriales;f__Eggerthellaceae;g__Adlercreutzia	0.9988963309342583
4874738b0ceea8c4daf96c234c7a2091	d__Bacteria;p__Bacillota;c__Bacilli;o__Staphylococcales;f__Staphylococcaceae;g__Jeotgalicoccus	0.9956690610328486
16e30b4c276aeb578dd974eab5242d5a	d__Bacteria;p__Bacillota;c__Clostridia;o__Lachnospirales;f__Lachnospiraceae	0.9994175853370741
0771a2ba51f352c711ed02dff63b2447	d__Bacteria;p__Bacillota;c__Clostridia;o__Lachnospirales;f__Lachnospiraceae	0.9999950016000535
89a7f7043e726d300e5b210983527783	d__Bacteria;p__Bacillota;c__Clostridia;o__Lachnospirales;f__Lachnospiraceae	0.8156366103786713
2410b7f98c7d0303efc5ce8c416f4e90	d__Bacteria;p__Bacillota;c__Clostridia;o__Lachnospirales;f__Lachnospiraceae;g__Lachnospiraceae_UCG-004	0.9988607568920134
70ef1f7573a8b11ff72ca85d723f2ce3	d__Bacteria;p__Bacillota;c__Clostridia;o__Clostridia_UCG-014;f__Incertae_Sedis;g__Incertae_Sedis	0.9999999999984652
3b2a129a35dd782739afe3e972e3f98b	d__Bacteria;p__Bacillota;c__Bacilli;o__Erysipelotrichales;f__Erysipelatoclostridiaceae;g__Massiliomicrobiota	0.9998335274036825
2719e1eee3cdb371ba815d4e0ba5bb80	d__Bacteria;p__Patescibacteria;c__Saccharimonadia;o__Saccharimonadales;f__Saccharimonadaceae;g__Candidatus_Saccharimonas	0.9997404937349873
c141164a2387468ef9700f72c17e59f2	d__Bacteria;p__Actinomycetota;c__Coriobacteriia;o__Coriobacteriales;f__Eggerthellaceae;g__Adlercreutzia	0.9998434720063005
a30c9952967e285b210f6ff1a90d06ab	d__Bacteria;p__Bacillota;c__Bacilli;o__Erysipelotrichales;f__Erysipelotrichaceae;g__Allobaculum	0.9999488150130955
aa274cea6fe94751ff93f9869ff4c24b	d__Bacteria;p__Bacillota;c__Clostridia;o__Lachnospirales;f__Lachnospiraceae	0.9977373593251699
617cb67899027f665ee2119240c4184c	d__Bacteria;p__Bacillota;c__Clostridia;o__Lachnospirales;f__Lachnospiraceae;g__Incertae_Sedis	0.9017570714601237
eaeaa40dd33801c4d6a47aa01739de0a	d__Bacteria;p__Patescibacteria;c__Saccharimonadia;o__Saccharimonadales;f__Saccharimonadaceae;g__Candidatus_Saccharimonas	0.9998272349078585
0295f1c74645a0887bfb492d3a65eed9	d__Bacteria;p__Actinomycetota;c__Coriobacteriia;o__Coriobacteriales;f__Eggerthellaceae;g__Adlercreutzia	0.779630598868822
17a49f168199ce2dbff2b2e14e766635	d__Bacteria;p__Patescibacteria;c__Saccharimonadia;o__Saccharimonadales;f__Saccharimonadaceae;g__Candidatus_Saccharimonas	0.9997082736961375
5e3121dcd8136d97db90d235cdfe084b	d__Bacteria;p__Actinomycetota;c__Coriobacteriia;o__Coriobacteriales;f__Eggerthellaceae	0.9999875430250056
afb2fb7f3e18a2b498ed50468b573d9d	d__Bacteria;p__Bacteroidota;c__Bacteroidia;o__Bacteroidales;f__Muribaculaceae;g__Incertae_Sedis	0.9999999292040823
5c5ac9b7efbcc40aa54ea3a04cd303e8	d__Bacteria;p__Bacillota;c__Clostridia;o__Oscillospirales;f__Ruminococcaceae;g__Incertae_Sedis	0.9728797884761221
5ded652aef4cd3b78924db2ff49bd23d	d__Bacteria;p__Bacillota;c__Bacilli;o__Lactobacillales;f__Streptococcaceae;g__Streptococcus	0.8828443630037315
6921104c89347a9b3c9e44e4caa563e2	d__Bacteria;p__Actinomycetota;c__Actinobacteria;o__Micrococcales;f__Micrococcaceae;g__Rothia	0.9999341366962485
f0d9ee2c843dc0ac087fa6e16fda606b	d__Bacteria;p__Bacillota;c__Clostridia;o__Lachnospirales;f__Lachnospiraceae	0.9999955551762537
47754be37c0d152e1dc962f216c0cc66	d__Bacteria;p__Bacillota;c__Clostridia;o__Lachnospirales;f__Lachnospiraceae;g__Incertae_Sedis	0.7636795097741503
9536376bca9f13f791c2d0d05deab1fa	d__Bacteria;p__Actinomycetota;c__Coriobacteriia;o__Coriobacteriales;f__Eggerthellaceae;g__Incertae_Sedis	0.8642709615576152
45ebf4ef20d313a2cde319797b21d0ec	d__Bacteria;p__Bacteroidota;c__Bacteroidia;o__Bacteroidales;f__Bacteroidaceae;g__Bacteroides	0.999996800355777
19a30b01d7037bd0600592ab29c518a2	d__Bacteria;p__Bacillota;c__Clostridia;o__Lachnospirales;f__Lachnospiraceae;g__Incertae_Sedis	0.8665884286662072
b8e1a5058e30afd9b837d82f0a03dbb7	d__Bacteria;p__Bacillota;c__Bacilli;o__Erysipelotrichales;f__Erysipelotrichaceae;g__Incertae_Sedis	0.8571796559264587
031254316271582bc7463c13440c65b6	d__Bacteria;p__Bacillota;c__Clostridia;o__Lachnospirales;f__Lachnospiraceae;g__Lachnospiraceae_UCG-006	0.9999312249142939
7ff115a4fa232f21442dd21d4bb9a01b	d__Bacteria;p__Bacillota;c__Clostridia;o__Lachnospirales;f__Lachnospiraceae	0.9891076621064954
939a55de005b6902cd53974e79ef7f3a	d__Bacteria;p__Bacillota;c__Clostridia;o__Peptostreptococcales-Tissierellales;f__Peptostreptococcaceae;g__[Eubacterium]_tenue_group	0.7722223509303668
674dfbfec3efc7284e840e5edde4508f	d__Bacteria;p__Bacillota;c__Bacilli;o__Lactobacillales;f__Lactobacillaceae	0.8834859117986803
7d2422121c5a7772f9de77044c4ca213	d__Bacteria;p__Bacillota;c__Clostridia;o__Lachnospirales;f__Lachnospiraceae;g__Incertae_Sedis	0.8834521488514252
e3714c69e37beabdea8f306da8c7fc8e	d__Bacteria;p__Bacillota;c__Negativicutes;o__Veillonellales-Selenomonadales;f__Veillonellaceae;g__Veillonella	0.9999951167636284
8160a1e4f1e8a372c267f5cbcc2c9013	d__Bacteria;p__Bacillota;c__Clostridia;o__Lachnospirales;f__Lachnospiraceae;g__Lachnospiraceae_NK4A136_group	0.9318633995989154
91f009653b9af1d7c97ee12c85e29838	d__Bacteria;p__Bacillota;c__Clostridia;o__Lachnospirales;f__Lachnospiraceae;g__Incertae_Sedis	0.9884724028760095
a5d8a0448ed274cb2c655d03e32009f2	d__Bacteria;p__Bacillota;c__Clostridia;o__Lachnospirales;f__Lachnospiraceae;g__Incertae_Sedis	0.9747207031885727
43dc8a02fbffb692e3e835087f48a3ee	d__Bacteria;p__Bacillota;c__Clostridia;o__Oscillospirales;f__Ruminococcaceae;g__Acutalibacter	0.7100989459202897
f4808e3a1b117ee2a25641560e304800	d__Bacteria	0.9999956196954579
844747f27b25254eaa243edc0e1872fe	d__Bacteria;p__Bacillota;c__Clostridia;o__Lachnospirales;f__Lachnospiraceae;g__Lachnoclostridium	0.9453069309913241
18f6348e3b134be0e9079cedb1ee500f	d__Bacteria;p__Bacillota;c__Clostridia;o__Lachnospirales;f__Lachnospiraceae	0.9913063364785093
a5a253af5506e94d8665352e3ccde4ae	d__Bacteria;p__Bacillota;c__Clostridia;o__Lachnospirales;f__Lachnospiraceae;g__Incertae_Sedis	0.8893987059253702
4009ee7bcabc0f7f0d447c073761fc50	d__Bacteria;p__Actinomycetota;c__Coriobacteriia;o__Coriobacteriales;f__Eggerthellaceae	0.9999985656300084
fad11727b899a8d001c1eaed1a1bdc5e	d__Bacteria;p__Bacillota;c__Clostridia;o__Lachnospirales;f__Lachnospiraceae;g__Incertae_Sedis	0.7881738834072628
63b90f385c156c869a635a4c07d9e8c5	d__Bacteria;p__Bacillota;c__Bacilli;o__RF39;f__Incertae_Sedis;g__Incertae_Sedis	0.9999999999756142
d3c1c028a4a9422bd2168b09c7f564e3	d__Bacteria;p__Bacteroidota;c__Bacteroidia;o__Bacteroidales;f__Muribaculaceae;g__Incertae_Sedis	0.9751583087103012
a7e169ba69b1c59d2884619c500923c9	d__Bacteria;p__Bacillota;c__Clostridia;o__Lachnospirales;f__Lachnospiraceae	0.991377598965658
13bcda80bff53c11cb84d38e723bf294	d__Bacteria;p__Bacteroidota;c__Bacteroidia;o__Bacteroidales;f__Muribaculaceae;g__Incertae_Sedis	0.9999999994015241
c633ad8a185360f82195d7e46cadbe4f	d__Bacteria;p__Bacillota;c__Clostridia;o__Oscillospirales;f__Oscillospiraceae;g__Incertae_Sedis	0.9373299890248954
b6148b542a06437a754f281dba40b15c	d__Bacteria;p__Bacillota;c__Clostridia;o__Lachnospirales;f__Lachnospiraceae;g__Lachnospiraceae_UCG-004	0.9999860178399536
5787d4585778a125467d6d52481b3e4f	d__Bacteria;p__Bacillota;c__Bacilli;o__Erysipelotrichales;f__Erysipelotrichaceae;g__Dubosiella	0.9999989093833769
72668771feca9d8ea6697db0c02937a8	d__Bacteria;p__Bacillota;c__Clostridia;o__Lachnospirales;f__Lachnospiraceae;g__Lachnospiraceae_UCG-006	0.7903643120167498
cb3675262c9a155c64bca561d002cd49	d__Bacteria;p__Bacteroidota;c__Bacteroidia;o__Bacteroidales;f__Muribaculaceae;g__Incertae_Sedis	0.9999998083192919
75b12b46f827f58d759f96c19be1892b	d__Bacteria;p__Bacillota;c__Clostridia;o__Lachnospirales;f__Lachnospiraceae;g__Incertae_Sedis	0.9618748654815124
835d8b95daf37176d6e3f61378774820	d__Bacteria;p__Bacteroidota;c__Bacteroidia;o__Bacteroidales;f__Muribaculaceae;g__Incertae_Sedis	0.9866592140828402
6c3cf2699f23082b1e31f56879551d0c	d__Bacteria;p__Bacillota;c__Clostridia;o__Lachnospirales;f__Lachnospiraceae;g__Incertae_Sedis	0.9154014304712061
63e8f3d960acfc9d4630a3762cd17644	d__Bacteria;p__Campylobacterota;c__Campylobacteria;o__Campylobacterales;f__Helicobacteraceae;g__Helicobacter	0.8832218991145573
0f2325ac762a33fe543a24dc69bf7e8c	d__Bacteria;p__Bacteroidota;c__Bacteroidia;o__Bacteroidales;f__Muribaculaceae;g__Incertae_Sedis	0.9999999057243416
0269498f9f882396901ad3841c95e769	d__Bacteria;p__Bacteroidota;c__Bacteroidia;o__Bacteroidales;f__Marinifilaceae;g__Odoribacter	0.9996908431222706
d71709b90a2924bd50e6d9167950f06b	d__Bacteria;p__Bacteroidota;c__Bacteroidia;o__Bacteroidales;f__Muribaculaceae;g__Incertae_Sedis	0.9999961348653078
5fd3f87ae4df4dc20063c8f212229a71	d__Bacteria;p__Bacillota;c__Clostridia;o__Lachnospirales;f__Lachnospiraceae;g__Incertae_Sedis	0.7117045390111157
6ba30eaec3b3f32b21d457d2fa229928	d__Bacteria;p__Bacteroidota;c__Bacteroidia;o__Bacteroidales	0.9703946650217534
23cd5fc5fae87528aaf20cbf6fcc4616	d__Bacteria;p__Bacteroidota;c__Bacteroidia;o__Bacteroidales;f__Muribaculaceae;g__Incertae_Sedis	0.9827140120575147
3201588a1e04654ad51a15e95a1b1d26	d__Bacteria;p__Bacteroidota;c__Bacteroidia;o__Bacteroidales;f__Muribaculaceae;g__Incertae_Sedis	0.9762995870791294
db3fbd585542a47b13d78fb522bd3403	d__Bacteria;p__Actinomycetota;c__Coriobacteriia;o__Coriobacteriales;f__Eggerthellaceae;g__Adlercreutzia	0.9999601717913147
dc2bad2c7bbeeb3e4fab63120042ee73	d__Bacteria;p__Actinomycetota;c__Coriobacteriia;o__Coriobacteriales;f__Eggerthellaceae;g__Adlercreutzia	0.7555239506224096
d3ea95c2b21732fba752f31a973daa56	d__Bacteria;p__Bacillota;c__Clostridia;o__Oscillospirales;f__Oscillospiraceae;g__Incertae_Sedis	0.9735616776953218
e9075fddec18c7d7377682f192bbf0bb	d__Bacteria;p__Bacteroidota;c__Bacteroidia;o__Bacteroidales;f__Muribaculaceae;g__Incertae_Sedis	0.9999408967873724
9aaf79bb85d57d3f0bcb2b7897d2f356	d__Bacteria;p__Bacteroidota;c__Bacteroidia;o__Bacteroidales;f__Tannerellaceae;g__Parabacteroides	0.9971108087963496
071d481e4d5b2f81969b70dc403186f1	d__Bacteria;p__Bacteroidota;c__Bacteroidia;o__Bacteroidales;f__Muribaculaceae;g__Incertae_Sedis	0.9999956648083987
0f81ed17e2d0895dcfee5e7257ca6885	d__Bacteria;p__Bacillota;c__Clostridia;o__Lachnospirales;f__Lachnospiraceae	0.9624854873247017
c599ca311971c601217714c8982f5b02	d__Bacteria;p__Bacteroidota;c__Bacteroidia;o__Bacteroidales;f__Rikenellaceae;g__Rikenellaceae_RC9_gut_group	0.9999999589779245
ad5485ca67eb6a149d53022553f9e2de	d__Bacteria;p__Bacillota;c__Clostridia;o__Oscillospirales;f__Ruminococcaceae;g__Incertae_Sedis	0.8609821640927957
26e003e9e2b3052d5e5f02c4173f4890	d__Bacteria;p__Bacillota;c__Clostridia;o__Lachnospirales;f__Lachnospiraceae;g__Cuneatibacter	0.7065949230605899
fbe0d95c24753ab6ba9e786e9a12811b	d__Bacteria;p__Bacillota;c__Bacilli;o__Erysipelotrichales;f__Erysipelotrichaceae;g__Incertae_Sedis	0.9999989710320172
b178b30b333fb67c9a93451c9428692b	d__Bacteria;p__Bacillota;c__Bacilli;o__Lactobacillales;f__Lactobacillaceae;g__Lactobacillus	0.9744104686995413
35796e6bcb66dacdac85d5587940c83b	d__Bacteria;p__Bacillota;c__Clostridia;o__Lachnospirales;f__Lachnospiraceae;g__Incertae_Sedis	0.8738635459327347
bd4840e4c15e89110d65d44f37531c2e	d__Bacteria;p__Bacillota;c__Clostridia;o__Lachnospirales;f__Lachnospiraceae;g__Incertae_Sedis	0.9586221841810093
fc803a2ed7391fde43f91c5fc4cfc35b	d__Bacteria;p__Bacillota;c__Clostridia;o__Lachnospirales;f__Lachnospiraceae;g__Incertae_Sedis	0.81264804716365
e7f73770d7704b74b65917c504101ce7	d__Bacteria;p__Bacteroidota;c__Bacteroidia;o__Bacteroidales;f__Muribaculaceae;g__Incertae_Sedis	0.9999999949005769
fb12c2a0aaf010f57bb653830a65157c	d__Bacteria;p__Bacteroidota;c__Bacteroidia;o__Bacteroidales;f__Muribaculaceae;g__Incertae_Sedis	0.9999999653296646
ff70316613802ca6e0cf0f7f89f168d3	d__Bacteria;p__Bacillota;c__Bacilli;o__RF39;f__Incertae_Sedis;g__Incertae_Sedis	0.999999991558866
fd089ef6d252716d02a799ce1cdd50ac	d__Bacteria;p__Bacteroidota;c__Bacteroidia;o__Bacteroidales;f__Muribaculaceae;g__Incertae_Sedis	0.9999999995677911
0905c694ba5cb933ee5e4516430ede9c	d__Bacteria;p__Bacillota;c__Clostridia;o__Lachnospirales;f__Lachnospiraceae	0.9909768751056933
185f6343adc1ca92035d66c40f2ad65e	d__Bacteria;p__Bacillota;c__Clostridia;o__Lachnospirales;f__Lachnospiraceae;g__Incertae_Sedis	0.7390435481447819
ec29f78c189b19871a23090bae903739	d__Bacteria;p__Bacillota;c__Clostridia;o__Lachnospirales;f__Lachnospiraceae;g__Lachnospiraceae_UCG-004	0.9999476975013979
6fc075076c49942e191af81b0faf5b09	d__Bacteria;p__Bacillota;c__Clostridia;o__Lachnospirales;f__Lachnospiraceae;g__Lachnospiraceae_UCG-004	0.9998551890510462
d01bfed7631fdeeb3a5fe09659b24418	d__Bacteria;p__Bacteroidota;c__Bacteroidia;o__Bacteroidales;f__Muribaculaceae;g__Incertae_Sedis	0.9999999703262579
7c151bb1d446d6ba74a91b10e06c83cf	d__Bacteria;p__Bacteroidota;c__Bacteroidia;o__Bacteroidales;f__Muribaculaceae;g__Incertae_Sedis	0.999999980514872
95f1f0de90eee0206ead7a62e9f1b0bc	d__Bacteria;p__Pseudomonadota;c__Gammaproteobacteria;o__Enterobacterales;f__Morganellaceae;g__Proteus	0.9597635057268586
